description,category,amount,payment_method,date
Payment for Running sports shoes from Nike store using card,Shopping,1579.22,Cash,28-11-2025
Purchased Airtel Digital TV subscription,Bills,11902.09,UPI,12-10-2025
Payment for Tata Play DTH satellite dish recharge via UPI,Bills,9773.81,Cash,15-01-2025
Order for Instamart snacks and cold drinks via UPI,Food,5863.09,Credit Card,07-05-2025
Bought Club entry fee Saturday night party online,Entertainment,9243.47,Net Banking,03-01-2025
Spent on Engineering textbooks and reference notes with cash,Education,11894.86,Credit Card,06-04-2025
Charges paid for mobile back cover and tempered glass screen,Shopping,6672.17,Net Banking,16-10-2025
Paid for Winter jacket and woolen sweater using card,Shopping,1773.78,Cash,15-07-2025
Paid for Wireless bluetooth neckband earphones using card,Shopping,13676.07,Debit Card,16-06-2025
Purchased Root canal treatment session at dentist using card,Healthcare,9703.61,Net Banking,10-08-2025
Order for Swiggy food delivery today,Food,3298.17,UPI,05-09-2025
Payment for Leather wallet and formal belt online,Shopping,12276.4,Debit Card,11-07-2025
Bought YouTube Premium family plan renewal with cash,Entertainment,8632.71,Net Banking,16-01-2025
Bought Residential garbage collection charge today,Bills,8352.46,Debit Card,01-08-2025
Eye doctor consultation and vision test today,Healthcare,6515.01,Cash,22-11-2025
Order for Annual library membership renewal online,Education,12265.13,Credit Card,26-07-2025
Paid for Smartwatch fitness tracker noise through app,Shopping,11888.61,Credit Card,10-11-2025
Order for Electricity bill payment Torrent Power with cash,Bills,14897.65,Net Banking,12-09-2025
Paid for Two wheeler periodic servicing with cash,Transportation,11701.61,Net Banking,20-05-2025
Order for Mineral water jar refill with cash,Food,8573.89,Net Banking,21-07-2025
Charges paid for tutor private tuition fee for maths,Education,8213.67,Cash,22-05-2025
Spent on School annual sports and picnic fee using card,Education,9271.14,Debit Card,28-08-2025
Bought Online masterclass workshop on AI through app,Education,13921.14,Net Banking,19-04-2025
Payment for South Indian breakfast dosa and idli via UPI,Food,6851.93,Cash,12-07-2025
Leather wallet and formal belt via UPI,Shopping,6946.95,Cash,19-08-2025
Paid for Ola cab to airport using card,Transportation,13319.32,Cash,26-10-2025
Paid for Weekly vegetable vendor payment today,Food,9668.81,Credit Card,17-08-2025
Paid for Robotics kit and Arduino components for college project today,Education,10193.85,Credit Card,16-03-2025
CNG gas refill for vehicle,Transportation,2624.5,Debit Card,01-12-2025
Payment for Udemy python programming bootcamp online,Education,8764.04,Cash,09-01-2025
Payment for Apartment clubhouse utility maintenance,Bills,4939.99,Cash,25-02-2025
Late night snacks delivery through app,Food,5755.95,Debit Card,14-01-2025
Spent on Health insurance mediclaim annual premium using card,Healthcare,356.41,Debit Card,07-08-2025
Payment for Pediatrician consultation for baby child,Healthcare,1018.79,Net Banking,20-01-2025
Annual library membership renewal online,Education,7875.88,Net Banking,06-09-2025
Purchased Car wash and interior vacuuming through app,Transportation,9067.32,Net Banking,16-09-2025
Scientific calculator Casio fx-991CW online,Education,5111.16,Credit Card,28-04-2025
Bought Society monthly maintenance charges using card,Bills,7577.26,Cash,21-09-2025
Paid for Non-stick cookware fry pan Hawkins today,Shopping,10893.15,Debit Card,25-08-2025
Payment for Medicines purchased from Apollo Pharmacy today,Healthcare,10482.74,Net Banking,07-12-2025
Degree convocation certificate fee through app,Education,5672.95,Credit Card,03-11-2025
Car wheel alignment and balancing via UPI,Transportation,9461.92,Cash,03-05-2025
"Purchased Milk, butter and dairy products using card",Food,9718.82,Debit Card,26-07-2025
Payment for Car wash and interior vacuuming using card,Transportation,5365.98,Net Banking,06-01-2025
Order for Spectacles frame and prescription lenses Lenskart,Healthcare,2078.47,Credit Card,09-01-2025
Udemy python programming bootcamp online,Education,590.53,Cash,24-12-2025
Payment for Adani electricity monthly bill online,Bills,5962.25,Net Banking,05-11-2025
Purchased Municipal corporation water tax bill through app,Bills,9907.57,Debit Card,23-08-2025
Spent on Ayurvedic medicines from Patanjali store,Healthcare,7843.68,Debit Card,25-10-2025
Charges paid for bakery fresh bread and cake,Food,227.17,Cash,24-05-2025
Paid for Smartwatch fitness tracker noise using card,Shopping,6456.41,Credit Card,08-08-2025
"Recent milk, butter and dairy products via GPay",Food,5938.86,Debit Card,18-06-2025
Recent school uniform and formal shoes via GPay,Education,3232.16,Credit Card,25-04-2025
Quick allen career institute installment,Education,10066.93,Net Banking,06-05-2025
Netflix monthly premium 4K subscription today,Entertainment,5891.01,UPI,26-07-2025
Order for School admission registration fee today,Education,11694.75,Cash,01-01-2025
Bought IMAX 3D cinema ticket INOX today,Entertainment,14268.37,Net Banking,01-04-2025
Bought Supermarket monthly ration purchase online,Food,14920.47,UPI,21-01-2025
Spent on Rapido bike taxi ride with cash,Transportation,4834.62,Net Banking,11-05-2025
Night taxi fare back home online,Transportation,1729.12,Net Banking,02-03-2025
Order for Momos and soup stall through app,Food,7783.54,Credit Card,02-10-2025
"Payment for Stationery notebook, registers and pens via UPI",Education,13884.02,UPI,23-11-2025
Spent on Auto rickshaw fare by meter online,Transportation,13351.41,Cash,17-06-2025
Payment for Online masterclass workshop on AI,Education,2965.06,Debit Card,14-10-2025
Purchased Tata Play DTH satellite dish recharge today,Bills,8805.88,Cash,16-08-2025
Charges paid for disney+ hotstar sports subscription,Entertainment,3038.28,Net Banking,03-08-2025
Purchased Grocery shopping at DMart today,Food,5981.94,Cash,01-11-2025
Order for Theater drama evening show ticket using card,Entertainment,14370.65,UPI,24-07-2025
Purchased Disney+ Hotstar sports subscription using card,Entertainment,14922.91,Cash,12-07-2025
Payment for Popcorn and nachos combo at cinema hall online,Entertainment,6358.75,Credit Card,26-05-2025
Spent on Hostel accommodation and mess fee,Education,3344.94,Cash,12-11-2025
Purchased Parking slip charges at shopping mall with cash,Transportation,6305.28,UPI,13-04-2025
"Bought Stationery notebook, registers and pens via UPI",Education,3681.3,Debit Card,21-11-2025
Spent on Ray-Ban UV protection sunglasses using card,Shopping,5194.85,Credit Card,20-03-2025
Order for Running sports shoes from Nike store with cash,Shopping,12031.45,Net Banking,25-12-2025
Purchased Apartment clubhouse utility maintenance,Bills,8321.75,Debit Card,28-09-2025
Paid for Airtel Digital TV subscription,Bills,5213.52,Net Banking,23-10-2025
Purchased Art museum gallery exhibition entry today,Entertainment,6412.7,Debit Card,18-11-2025
Purchased Toll plaza tax cash payment using card,Transportation,6754.81,UPI,14-02-2025
Bought Airtel Digital TV subscription through app,Bills,11994.93,UPI,16-01-2025
Bought Egg and bread breakfast online,Food,10834.93,Cash,16-03-2025
Paid for Engineering textbooks and reference notes,Education,14330.13,Cash,07-12-2025
Paid for Water park entry ticket with locker,Entertainment,2200.06,UPI,28-12-2025
Smartwatch fitness tracker noise,Shopping,12348.41,Cash,28-08-2025
JioFiber high speed internet bill through app,Bills,12647.38,Credit Card,27-08-2025
Bought Engineering textbooks and reference notes via UPI,Education,9116.93,Debit Card,02-07-2025
Spent on Doctor consultation fee general physician through app,Healthcare,13427.15,UPI,27-07-2025
Bought Zepto quick grocery order with cash,Food,925.94,Net Banking,17-06-2025
Paid for Office formal leather shoes Bata with cash,Shopping,11887.46,UPI,19-10-2025
Payment for Spotify music premium annual plan with cash,Entertainment,11552.84,UPI,26-03-2025
Recent udemy python programming bootcamp via GPay,Education,14900.93,UPI,25-09-2025
Bought Bike tyre replacement MRF with cash,Transportation,6292.75,Cash,10-10-2025
Bought Rapido bike taxi ride via UPI,Transportation,11365.83,Cash,14-06-2025
Electricity bill payment Torrent Power through app,Bills,4282.19,UPI,08-11-2025
Order for Non-stick cookware fry pan Hawkins online,Shopping,10272.72,Debit Card,25-04-2025
BSNL landline telephone bill online,Bills,8705.43,UPI,26-09-2025
Payment for YouTube Premium family plan renewal,Entertainment,7100.66,Debit Card,21-04-2025
Bought Robotics kit and Arduino components for college project using card,Education,2026.41,Credit Card,27-09-2025
Payment for Club entry fee Saturday night party via UPI,Entertainment,1387.65,UPI,21-08-2025
Bought Coursera professional certificate course online,Education,10036.36,Credit Card,17-08-2025
Bought Escape room team mystery game ticket online,Entertainment,1295.36,Debit Card,21-02-2025
Charges paid for imax 3d cinema ticket inox,Entertainment,10412.54,Net Banking,26-09-2025
Spent on Ayurvedic medicines from Patanjali store online,Healthcare,8712.86,Debit Card,08-10-2025
Bought Airtel postpaid monthly mobile bill through app,Bills,931.05,Net Banking,09-07-2025
Paid for Tutor private tuition fee for maths today,Education,13128.69,UPI,17-04-2025
Order for Multivitamin tablets and zinc supplements via UPI,Healthcare,4396.38,Credit Card,25-11-2025
Paid for Municipal property tax annual payment using card,Bills,1589.5,Credit Card,09-03-2025
Paid for Weekend stand-up comedy live show ticket,Entertainment,5925.92,Credit Card,27-04-2025
Purchased Online masterclass workshop on AI,Education,8011.07,Net Banking,13-09-2025
Payment for Dr Lal Pathlabs CBC and thyroid test online,Healthcare,3036.96,Net Banking,09-07-2025
Spent on Mumbai local train monthly pass,Transportation,9294.36,Net Banking,17-07-2025
Paid for Pediatrician consultation for baby child with cash,Healthcare,9859.2,Cash,06-05-2025
Order for Sewage and drainage municipal cess with cash,Bills,6979.36,Cash,24-10-2025
Payment for Formal cotton shirt and denim jeans through app,Shopping,10673.43,Debit Card,14-08-2025
Bought Airtel Digital TV subscription today,Bills,8210.9,UPI,24-05-2025
Purchased N95 masks and sanitizers pack today,Healthcare,1091.0,Debit Card,26-12-2025
Paid for Board game Catan purchase for game night with cash,Entertainment,1071.34,Credit Card,16-09-2025
Bought Diesel fuel for car at BPCL today,Transportation,4803.38,Net Banking,21-04-2025
Spent on KFC fried chicken with cash,Food,4922.0,Debit Card,27-07-2025
Instamart snacks and cold drinks today,Food,9144.74,Debit Card,23-12-2025
Paid for Bakery fresh bread and cake via UPI,Food,6042.04,Cash,28-12-2025
Bought Office formal leather shoes Bata via UPI,Shopping,4543.72,Net Banking,04-05-2025
Order for Protein whey powder isolate gym supplement via UPI,Healthcare,6244.9,Credit Card,14-11-2025
Purchased N95 masks and sanitizers pack,Healthcare,6750.58,Cash,24-12-2025
"Spent on Stationery notebook, registers and pens",Education,12391.52,Net Banking,09-09-2025
Order for Ayurvedic medicines from Patanjali store using card,Healthcare,5981.89,Cash,24-07-2025
Purchased Tutor private tuition fee for maths via UPI,Education,13594.02,Credit Card,24-03-2025
Mumbai local train monthly pass,Transportation,5960.61,Debit Card,12-07-2025
Auto rickshaw fare by meter today,Transportation,2923.41,Debit Card,15-04-2025
"Order for Stationery notebook, registers and pens via UPI",Education,9049.37,Credit Card,03-04-2025
Recent car engine oil change and service via GPay,Transportation,3800.79,Net Banking,12-11-2025
Bought Doctor consultation fee general physician today,Healthcare,6512.22,Net Banking,17-12-2025
Spent on Physiotherapy rehabilitation session,Healthcare,13075.45,Net Banking,20-12-2025
Spent on Sewage and drainage municipal cess through app,Bills,10191.9,Debit Card,18-12-2025
Art museum gallery exhibition entry online,Entertainment,1563.87,Debit Card,08-07-2025
Bought Airtel broadband fiber bill payment via UPI,Bills,7106.13,Debit Card,12-03-2025
Bought Apartment clubhouse utility maintenance through app,Bills,7874.91,Cash,25-04-2025
Order for House rental payment to landlord with cash,Bills,7939.32,Net Banking,01-07-2025
Purchased Kitchen knife set and wooden chopping board through app,Shopping,3962.4,Credit Card,02-04-2025
Spent on Vi Vodafone Idea recharge pack,Bills,9997.76,Cash,12-12-2025
Bought Instamart snacks and cold drinks,Food,10993.18,Cash,03-06-2025
"Bill payment for milk, butter and dairy products",Food,3521.69,UPI,06-07-2025
Bought Perfume bottle and deodorant spray,Shopping,5014.71,Net Banking,08-02-2025
Bought Disney+ Hotstar sports subscription,Entertainment,10338.81,Credit Card,07-09-2025
Purchased Coursera professional certificate course today,Education,5557.0,Debit Card,09-01-2025
Payment for Cable TV network monthly operator fee through app,Bills,5400.68,Credit Card,10-02-2025
Disney+ Hotstar sports subscription via UPI,Entertainment,2137.88,Net Banking,20-03-2025
Bill payment for kitchen knife set and wooden chopping board,Shopping,10281.66,Net Banking,26-08-2025
Spent on School admission registration fee via UPI,Education,9312.14,Net Banking,23-09-2025
Bought Dental clinic teeth cleaning and scaling today,Healthcare,3107.24,Credit Card,05-03-2025
Women handbag and leather purse today,Shopping,3148.06,Debit Card,08-02-2025
Bought Degree convocation certificate fee,Education,3224.04,UPI,08-01-2025
Bought Car wheel alignment and balancing through app,Transportation,11171.66,UPI,06-11-2025
BSNL landline telephone bill using card,Bills,11176.95,Credit Card,24-02-2025
Spent on Momos and soup stall via UPI,Food,614.16,Debit Card,05-03-2025
Bought Mumbai local train monthly pass,Transportation,14867.9,UPI,25-08-2025
Spent on Smartwatch fitness tracker noise via UPI,Shopping,10303.71,Credit Card,19-12-2025
Bought Uber cab ride to office via UPI,Transportation,4374.28,Credit Card,01-01-2025
Purchased Delhi metro card topup with cash,Transportation,4730.47,Credit Card,14-12-2025
Order for Theater drama evening show ticket via UPI,Entertainment,1137.19,Credit Card,21-11-2025
Order for Subway sandwich lunch using card,Food,14736.58,Credit Card,21-02-2025
Paid for Mumbai local train monthly pass,Transportation,64.97,Net Banking,27-10-2025
Bill payment for medplus generic pharmacy medicine bill,Healthcare,9228.11,Cash,11-05-2025
Purchased Dermatologist consultation for skin acne online,Healthcare,3306.04,UPI,14-10-2025
Purchased Weekly vegetable vendor payment via UPI,Food,8468.48,Credit Card,27-08-2025
Paid for Medicines purchased from Apollo Pharmacy using card,Healthcare,11868.39,Net Banking,12-09-2025
Payment for Physiotherapy rehabilitation session through app,Healthcare,3868.5,Debit Card,13-05-2025
Quick helicopter shuttle ticket,Transportation,5699.23,UPI,04-01-2025
MRI brain scan diagnostic center fee,Healthcare,4950.29,Debit Card,16-06-2025
Order for Municipal property tax annual payment online,Bills,11420.74,UPI,21-02-2025
Paid for Sweets and farsan from sweet shop,Food,8930.76,Cash,16-12-2025
Spent on Morning coffee and cookies via UPI,Food,8839.62,UPI,04-10-2025
Spent on Self drive car rental Zoomcar with cash,Transportation,4537.53,Net Banking,04-11-2025
Bought Medical entrance coaching class fee,Education,1416.71,Credit Card,16-04-2025
Quick multivitamin tablets and zinc supplements,Healthcare,9797.45,Net Banking,11-11-2025
Scientific calculator Casio fx-991CW with cash,Education,5131.76,UPI,19-08-2025
Purchased College semester tuition fee,Education,5212.84,Credit Card,09-05-2025
Paid for Amazon India online order for clothes via UPI,Shopping,10058.14,Net Banking,24-12-2025
Payment for Bowling alley game session at Smaaash with cash,Entertainment,6278.46,Debit Card,05-01-2025
Recent emergency hospital room casualty charges via GPay,Healthcare,7886.65,UPI,05-09-2025
Purchased Art drawing book and acrylic colors using card,Education,14248.06,UPI,17-04-2025
Payment for Bedsheet set and cotton pillow covers through app,Shopping,14089.54,Debit Card,13-11-2025
Expense on shawarma roll street food,Food,10844.47,Cash,09-11-2025
Bought Ray-Ban UV protection sunglasses,Shopping,7051.06,Cash,11-07-2025
Spent on Apartment clubhouse utility maintenance today,Bills,1023.71,Cash,18-01-2025
Recent electric scooter charging fee via GPay,Transportation,13099.13,Cash,19-08-2025
Spent on Amazon Prime Video annual membership online,Entertainment,6591.22,Net Banking,05-08-2025
Paid for Diesel fuel for car at BPCL using card,Transportation,6594.29,Cash,13-09-2025
Spent on Makeup kit lipstick and foundation Nykaa online,Shopping,8714.68,Net Banking,01-08-2025
Paid for Medplus generic pharmacy medicine bill today,Healthcare,11079.65,Cash,20-09-2025
Bought Medicines purchased from Apollo Pharmacy today,Healthcare,3625.47,Credit Card,08-11-2025
Paid for Non-stick cookware fry pan Hawkins,Shopping,9442.77,Cash,05-09-2025
Order for Kitchen knife set and wooden chopping board using card,Shopping,5764.51,Net Banking,15-02-2025
Order for Smartwatch fitness tracker noise online,Shopping,5761.6,Net Banking,07-09-2025
Order for Piped natural gas PNG bill Adani Gas with cash,Bills,13234.97,Debit Card,24-01-2025
Spent on Two wheeler periodic servicing using card,Transportation,1399.24,Credit Card,10-04-2025
Order for Vaccination booster injection dose clinic via UPI,Healthcare,5977.86,Credit Card,15-07-2025
Mobile back cover and tempered glass screen through app,Shopping,3844.44,Cash,11-05-2025
Spent on Shawarma roll street food today,Food,9658.97,Net Banking,13-06-2025
Health insurance mediclaim annual premium via UPI,Healthcare,14280.0,UPI,11-09-2025
"Spent on Stationery notebook, registers and pens online",Education,10069.41,Net Banking,04-03-2025
Charges paid for emergency hospital room casualty charges,Healthcare,4157.83,Credit Card,13-06-2025
Purchased Solar rooftop maintenance service charge via UPI,Bills,5594.98,Credit Card,15-10-2025
Paid for Emergency hospital room casualty charges using card,Healthcare,10593.24,Debit Card,27-09-2025
Bought IELTS language test exam fee,Education,5848.82,Credit Card,18-05-2025
Bought School admission registration fee with cash,Education,8229.49,Cash,25-08-2025
IELTS language test exam fee with cash,Education,13411.75,Cash,18-04-2025
Order for Dr Lal Pathlabs CBC and thyroid test,Healthcare,303.98,Credit Card,27-06-2025
Recent disney+ hotstar sports subscription via GPay,Entertainment,612.64,Net Banking,09-10-2025
Spent on Allen career institute installment today,Education,13731.25,Credit Card,22-08-2025
Purchased Airport parking ticket fee using card,Transportation,1979.99,Credit Card,06-10-2025
Bought Wireless bluetooth neckband earphones with cash,Shopping,5715.39,Cash,24-10-2025
Paid for Adani electricity monthly bill,Bills,2229.19,Debit Card,18-06-2025
Spent on Dermatologist consultation for skin acne using card,Healthcare,11500.76,Net Banking,01-07-2025
Helicopter shuttle ticket via UPI,Transportation,6917.88,Credit Card,07-10-2025
Paid for Car wash and interior vacuuming with cash,Transportation,5639.49,Net Banking,23-08-2025
Expense on morning coffee and cookies,Food,12429.53,UPI,21-11-2025
Recent n95 masks and sanitizers pack via GPay,Healthcare,14901.68,Debit Card,12-04-2025
Bill payment for homeopathy clinic consultation and pills,Healthcare,4046.21,Cash,24-03-2025
Order for Mobile back cover and tempered glass screen using card,Shopping,14145.87,Net Banking,04-07-2025
N95 masks and sanitizers pack online,Healthcare,9449.23,Credit Card,03-09-2025
Spent on Amazon India online order for clothes online,Shopping,2015.34,Debit Card,14-04-2025
Art drawing book and acrylic colors with cash,Education,7359.73,Net Banking,17-09-2025
Bought Udemy python programming bootcamp through app,Education,3288.11,Credit Card,12-10-2025
Bill payment for solar rooftop maintenance service charge,Bills,7474.12,Credit Card,21-06-2025
Expense on mumbai local train monthly pass,Transportation,12496.14,Debit Card,17-04-2025
Payment for Barbeque Nation buffet dinner through app,Food,452.4,Net Banking,23-04-2025
Paid for Full body blood diagnostic test SRL Labs with cash,Healthcare,2093.91,Credit Card,03-07-2025
Bought Diesel fuel for car at BPCL through app,Transportation,1496.06,Net Banking,14-01-2025
Purchased IMAX 3D cinema ticket INOX online,Entertainment,4638.09,Credit Card,17-01-2025
Paid for Music concert festival pass today,Entertainment,1242.81,Debit Card,19-01-2025
Spent on Annual library membership renewal through app,Education,9494.43,UPI,08-12-2025
Bought LPG cooking gas cylinder refill Indane using card,Bills,6682.62,Credit Card,26-03-2025
South Indian breakfast dosa and idli online,Food,9311.76,Credit Card,11-08-2025
Charges paid for bicycle puncture repair and tube,Transportation,9420.46,Cash,07-09-2025
Ola cab to airport online,Transportation,3328.23,Debit Card,06-05-2025
Purchased Non-stick cookware fry pan Hawkins online,Shopping,7851.94,Net Banking,06-03-2025
Order for Bescom power supply bill with cash,Bills,13077.85,Debit Card,23-04-2025
Purchased Escape room team mystery game ticket today,Entertainment,1062.43,UPI,22-07-2025
Payment for BookMyShow movie ticket PVR Cinemas,Entertainment,3938.91,Cash,21-12-2025
Paid for Ethnic kurta pajama from Manyavar,Shopping,1072.25,Cash,11-08-2025
University examination form fee today,Education,1757.84,Net Banking,26-06-2025
Order for Electric scooter charging fee online,Transportation,12988.72,Credit Card,08-12-2025
Bought Spectacles frame and prescription lenses Lenskart via UPI,Healthcare,8614.08,Debit Card,06-10-2025
Purchased Airtel Digital TV subscription using card,Bills,4878.71,Cash,13-11-2025
Paid for Escape room team mystery game ticket today,Entertainment,8596.4,Debit Card,07-02-2025
Paid for Two wheeler periodic servicing through app,Transportation,11257.54,Credit Card,24-11-2025
Order for Amusement park ticket Imagicaa through app,Entertainment,5838.8,Credit Card,19-07-2025
First aid antiseptic Dettol and bandages today,Healthcare,261.03,Cash,02-07-2025
Paid for School uniform and formal shoes today,Education,1935.34,UPI,10-06-2025
Expense on art museum gallery exhibition entry,Entertainment,5322.4,Net Banking,06-05-2025
Payment for Dinner with family at restaurant online,Food,13582.85,Credit Card,19-09-2025
Escape room team mystery game ticket through app,Entertainment,10257.77,Net Banking,01-07-2025
Paid for Amusement park ticket Imagicaa today,Entertainment,3163.25,Credit Card,14-11-2025
Purchased Annual library membership renewal using card,Education,4988.79,UPI,10-01-2025
Expense on kindle academic ebook purchase,Education,575.19,Credit Card,22-07-2025
Bought Shawarma roll street food,Food,6277.67,Debit Card,18-01-2025
Home decor flower vase and curtains today,Shopping,10796.62,Credit Card,04-06-2025
Order for Diagnostic chest X-ray digital scan through app,Healthcare,4514.53,UPI,01-04-2025
Hostel accommodation and mess fee online,Education,2767.58,UPI,23-08-2025
Paid for YouTube Premium family plan renewal via UPI,Entertainment,11533.37,Credit Card,28-03-2025
Diesel fuel for car at BPCL using card,Transportation,9706.45,Credit Card,23-01-2025
Bill payment for steam pc gaming summer sale purchase,Entertainment,8131.44,Cash,24-04-2025
Purchased Momos and soup stall using card,Food,14966.92,Credit Card,24-09-2025
Purchased Casual t-shirts pack from Zara today,Shopping,13296.7,Credit Card,18-04-2025
Paid for Mobile back cover and tempered glass screen online,Shopping,14521.3,Cash,15-01-2025
Paid for Bike tyre replacement MRF using card,Transportation,8518.1,Cash,16-07-2025
"Order for Stationery notebook, registers and pens online",Education,12259.73,UPI,17-03-2025
Bought Dr Lal Pathlabs CBC and thyroid test using card,Healthcare,4402.19,Credit Card,08-02-2025
Payment for Escape room team mystery game ticket,Entertainment,877.95,Net Banking,14-01-2025
Recent waffle and dessert parlour via GPay,Food,10417.2,Credit Card,19-10-2025
Paid for Piped natural gas PNG bill Adani Gas via UPI,Bills,8390.68,Net Banking,21-06-2025
Payment for Juice bar fresh mango juice through app,Food,14855.34,UPI,17-01-2025
Order for Municipal property tax annual payment via UPI,Bills,9931.24,Debit Card,20-07-2025
Payment for Late night snacks delivery online,Food,11039.44,UPI,13-01-2025
Mineral water jar refill using card,Food,1677.05,Cash,03-05-2025
Airtel Digital TV subscription via UPI,Bills,3907.2,Debit Card,09-08-2025
Spent on Bus ticket conductor cash payment,Transportation,6989.19,Cash,14-07-2025
Instamart snacks and cold drinks through app,Food,8538.92,Net Banking,22-03-2025
Bought Dominos cheese pizza via UPI,Food,245.64,Credit Card,21-08-2025
Order for Ayurvedic medicines from Patanjali store online,Healthcare,1051.26,Debit Card,14-06-2025
Spent on Orthopedic doctor consultation for knee joint today,Healthcare,8952.66,UPI,01-05-2025
Payment for Physics laboratory practical record file with cash,Education,5733.1,Debit Card,03-09-2025
Order for Board game Catan purchase for game night online,Entertainment,14247.08,Credit Card,13-01-2025
Spent on Ola cab to airport,Transportation,8907.93,Credit Card,27-05-2025
Order for Vaccination booster injection dose clinic using card,Healthcare,8256.28,UPI,03-10-2025
Spent on First aid antiseptic Dettol and bandages online,Healthcare,13759.1,Cash,23-11-2025
Escape room team mystery game ticket,Entertainment,14048.27,Cash,16-09-2025
Lunch at office cafeteria online,Food,12206.7,Net Banking,26-03-2025
Bought Residential garbage collection charge with cash,Bills,5933.46,Net Banking,01-07-2025
Kitchen knife set and wooden chopping board online,Shopping,1593.79,UPI,15-02-2025
Order for Night taxi fare back home online,Transportation,4581.36,Cash,15-11-2025
Spent on CNG gas refill for vehicle,Transportation,7806.37,Credit Card,19-01-2025
Paid for Running sports shoes from Nike store,Shopping,2028.08,Credit Card,28-01-2025
Paid for Dermatologist consultation for skin acne via UPI,Healthcare,10857.15,Cash,20-03-2025
Delhi metro card topup through app,Transportation,1320.84,Credit Card,13-07-2025
Annual library membership renewal through app,Education,12835.75,Net Banking,18-12-2025
Winter jacket and woolen sweater today,Shopping,1223.45,UPI,07-02-2025
Spent on Bowling alley game session at Smaaash online,Entertainment,4611.11,Net Banking,26-08-2025
Bought Arcade video games timezone card recharge with cash,Entertainment,10498.27,Credit Card,24-10-2025
Paid for Two-wheeler comprehensive insurance renewal today,Transportation,6154.73,Cash,10-06-2025
Bought Blinkit grocery delivery online,Food,10818.69,Net Banking,06-09-2025
Charges paid for parking slip charges at shopping mall,Transportation,7154.65,Cash,05-03-2025
Payment for Mobile back cover and tempered glass screen today,Shopping,1647.52,Net Banking,16-10-2025
Bought Mineral water jar refill through app,Food,6391.93,UPI,07-09-2025
Purchased Electric scooter charging fee through app,Transportation,9671.85,UPI,17-07-2025
Purchased PlayStation Network PS5 game purchase using card,Entertainment,8629.75,Credit Card,23-03-2025
Charges paid for weekend stand-up comedy live show ticket,Entertainment,8230.01,UPI,16-01-2025
Order for Full body blood diagnostic test SRL Labs online,Healthcare,114.95,UPI,05-03-2025
Payment for Engineering textbooks and reference notes online,Education,3862.24,Cash,16-01-2025
Order for Bike tyre replacement MRF,Transportation,11848.65,UPI,04-04-2025
Purchased Amazon India online order for clothes via UPI,Shopping,13677.06,Credit Card,13-10-2025
South Indian breakfast dosa and idli through app,Food,10479.52,Cash,01-12-2025
Payment for School annual sports and picnic fee today,Education,1657.46,Debit Card,07-02-2025
Payment for Prepaid electricity smart meter recharge via UPI,Bills,288.11,Credit Card,19-05-2025
Spent on Waffle and dessert parlour online,Food,352.48,Debit Card,10-05-2025
Purchased Two-wheeler comprehensive insurance renewal today,Transportation,11110.32,Debit Card,01-05-2025
Bought Residential garbage collection charge via UPI,Bills,8011.0,Credit Card,28-07-2025
Bill payment for doctor consultation fee general physician,Healthcare,8697.02,UPI,10-12-2025
Winter jacket and woolen sweater online,Shopping,4902.73,Cash,26-12-2025
Recent lunch at office cafeteria via GPay,Food,9229.68,UPI,06-07-2025
Paid for Bike tyre replacement MRF through app,Transportation,4309.79,Credit Card,04-05-2025
Purchased Arcade video games timezone card recharge today,Entertainment,12704.99,UPI,06-01-2025
Order for Netflix monthly premium 4K subscription via UPI,Entertainment,10437.68,Net Banking,01-09-2025
Auto rickshaw fare by meter via UPI,Transportation,7558.33,Debit Card,14-09-2025
Paid for Car third party insurance policy through app,Transportation,274.17,Debit Card,01-07-2025
"Payment for Stationery notebook, registers and pens using card",Education,2001.13,Cash,14-04-2025
Payment for School uniform and formal shoes with cash,Education,884.38,Net Banking,01-01-2025
Bought Ola cab to airport online,Transportation,1531.63,Cash,25-01-2025
Payment for LPG cooking gas cylinder refill Indane with cash,Bills,11003.43,Net Banking,26-01-2025
Bought University examination form fee through app,Education,8361.36,Debit Card,09-07-2025
Spent on Kindle academic ebook purchase,Education,13019.18,UPI,23-04-2025
Purchased Spotify music premium annual plan with cash,Entertainment,5272.45,Credit Card,15-12-2025
Spent on Diesel fuel for car at BPCL using card,Transportation,6135.79,Net Banking,01-07-2025
Payment for Helicopter shuttle ticket with cash,Transportation,10718.04,Net Banking,05-08-2025
Purchased Bicycle puncture repair and tube today,Transportation,10797.26,Credit Card,17-09-2025
Expense on perfume bottle and deodorant spray,Shopping,9162.18,UPI,27-08-2025
Expense on home decor flower vase and curtains,Shopping,14910.41,UPI,05-10-2025
Mobile back cover and tempered glass screen via UPI,Shopping,1206.01,Credit Card,26-10-2025
Spent on Haldirams thali lunch online,Food,13239.56,Credit Card,02-07-2025
Coursera professional certificate course,Education,555.85,Credit Card,13-04-2025
Payment for Casual t-shirts pack from Zara online,Shopping,8724.93,Debit Card,08-06-2025
Quick bowling alley game session at smaaash,Entertainment,2786.39,Credit Card,14-07-2025
Purchased IndiGo domestic flight ticket online,Transportation,12017.67,UPI,02-03-2025
Spent on Instamart snacks and cold drinks using card,Food,8757.79,Cash,01-05-2025
Paid for Disney+ Hotstar sports subscription via UPI,Entertainment,2596.15,Debit Card,05-12-2025
Order for Running sports shoes from Nike store via UPI,Shopping,11878.21,Debit Card,06-09-2025
Order for Petrol refill at Indian Oil pump via UPI,Transportation,2469.42,Debit Card,24-07-2025
Paid for Kitchen knife set and wooden chopping board using card,Shopping,11137.56,UPI,27-07-2025
Payment for PlayStation Network PS5 game purchase using card,Entertainment,14772.15,Debit Card,05-11-2025
Mobile back cover and tempered glass screen online,Shopping,6627.41,Debit Card,27-06-2025
Bought Club entry fee Saturday night party using card,Entertainment,14585.57,Net Banking,10-02-2025
Order for Bus ticket conductor cash payment today,Transportation,3187.12,UPI,14-12-2025
Purchased Homeopathy clinic consultation and pills through app,Healthcare,5730.84,Credit Card,05-08-2025
Order for JioFiber high speed internet bill today,Bills,3293.54,Credit Card,19-04-2025
Paid for Homeopathy clinic consultation and pills using card,Healthcare,509.41,UPI,05-07-2025
Paid for Diesel fuel for car at BPCL via UPI,Transportation,602.7,Debit Card,13-12-2025
Spent on Steam PC gaming summer sale purchase using card,Entertainment,3273.51,Credit Card,14-08-2025
Bought Udemy python programming bootcamp with cash,Education,2324.73,Credit Card,25-08-2025
Order for Medical entrance coaching class fee using card,Education,3759.27,Net Banking,10-11-2025
Purchased Bike tyre replacement MRF using card,Transportation,13479.31,Debit Card,06-05-2025
Purchased Zepto quick grocery order through app,Food,6379.45,Net Banking,07-11-2025
Bought McDonalds burger meal,Food,6957.55,Credit Card,04-01-2025
Order for Subway train token online,Transportation,486.87,Debit Card,13-05-2025
Spent on Hostel accommodation and mess fee today,Education,769.0,Cash,12-11-2025
Quick engineering textbooks and reference notes,Education,11202.93,Debit Card,05-09-2025
Purchased Diesel fuel for car at BPCL,Transportation,5932.74,Net Banking,27-10-2025
Residential garbage collection charge online,Bills,13068.19,Net Banking,06-08-2025
Intercity bus ticket via RedBus online,Transportation,3541.7,Net Banking,13-12-2025
Payment for Netflix monthly premium 4K subscription online,Entertainment,6842.45,Debit Card,28-06-2025
Order for Club entry fee Saturday night party today,Entertainment,5577.36,Credit Card,13-03-2025
Paid for Degree convocation certificate fee through app,Education,11655.22,Net Banking,13-10-2025
IndiGo domestic flight ticket via UPI,Transportation,13157.49,Debit Card,11-10-2025
Adani electricity monthly bill with cash,Bills,9496.61,Credit Card,06-01-2025
Airtel Digital TV subscription using card,Bills,3822.29,Debit Card,22-05-2025
Bought Commercial office space rent,Bills,12721.51,Net Banking,15-01-2025
Order for Jio prepaid mobile phone recharge through app,Bills,13164.12,Credit Card,10-11-2025
Spent on Steam PC gaming summer sale purchase via UPI,Entertainment,2302.6,Net Banking,13-06-2025
Bought Protein whey powder isolate gym supplement with cash,Healthcare,9274.02,Debit Card,05-11-2025
Flipkart big billion days fashion shopping,Shopping,14826.42,Net Banking,09-07-2025
Expense on hostel accommodation and mess fee,Education,4481.35,Cash,21-10-2025
Spent on Medplus generic pharmacy medicine bill online,Healthcare,9673.43,Cash,16-10-2025
Netflix monthly premium 4K subscription with cash,Entertainment,6044.1,Credit Card,07-06-2025
Bought Art drawing book and acrylic colors online,Education,8666.96,Net Banking,10-08-2025
Leather wallet and formal belt through app,Shopping,13983.36,UPI,24-01-2025
Spent on IRCTC train ticket booking to Mumbai through app,Transportation,4583.74,Net Banking,01-03-2025
Order for Auto rickshaw fare by meter through app,Transportation,4314.44,Credit Card,27-12-2025
Paid for Bedsheet set and cotton pillow covers today,Shopping,14497.25,Debit Card,05-01-2025
Purchased Theater drama evening show ticket online,Entertainment,3774.4,UPI,06-05-2025
Purchased Mobile back cover and tempered glass screen,Shopping,1621.73,Debit Card,23-07-2025
Purchased Discord Nitro monthly renewal online,Entertainment,10419.31,Cash,25-08-2025
Paid for Auto rickshaw fare by meter through app,Transportation,6057.03,Credit Card,01-10-2025
Morning coffee and cookies via UPI,Food,11052.0,Net Banking,12-01-2025
Bought Packaged drinking water bottle today,Food,5851.09,Net Banking,14-06-2025
Payment for Escape room team mystery game ticket with cash,Entertainment,11598.66,UPI,03-08-2025
Purchased Kindle academic ebook purchase today,Education,6251.32,UPI,10-06-2025
Purchased Amazon India online order for clothes online,Shopping,13631.72,Debit Card,26-09-2025
Order for Breakfast buffet at hotel through app,Food,2924.35,Credit Card,09-09-2025
Bought College semester tuition fee,Education,12828.97,Cash,12-03-2025
Spent on Uber cab ride to office,Transportation,10519.41,Net Banking,21-04-2025
Home decor flower vase and curtains via UPI,Shopping,5858.04,Debit Card,01-01-2025
Payment for Amusement park ticket Imagicaa via UPI,Entertainment,5606.84,Credit Card,03-01-2025
Paid for BSNL landline telephone bill with cash,Bills,10508.45,Cash,09-10-2025
Order for IRCTC train ticket booking to Mumbai via UPI,Transportation,13829.95,Net Banking,05-05-2025
Paid for Degree convocation certificate fee using card,Education,13624.31,Net Banking,16-10-2025
Spent on Formal cotton shirt and denim jeans using card,Shopping,3613.41,Cash,25-04-2025
Bought Root canal treatment session at dentist online,Healthcare,1757.48,Cash,25-07-2025
Purchased Physics laboratory practical record file through app,Education,7681.93,UPI,15-08-2025
Payment for Cafe coffee day cold coffee today,Food,1440.49,Debit Card,03-09-2025
Bought College semester tuition fee today,Education,6146.48,Credit Card,28-11-2025
Recent zomato pizza order via GPay,Food,11421.94,Cash,18-02-2025
Bought Laptop sleeve and water resistant backpack via UPI,Shopping,6889.7,Net Banking,28-01-2025
"Paid for Stationery notebook, registers and pens today",Education,8209.34,Credit Card,20-11-2025
Paid for Car engine oil change and service with cash,Transportation,9199.45,Credit Card,03-08-2025
Paid for Parking slip charges at shopping mall via UPI,Transportation,3426.81,Net Banking,10-07-2025
Spent on Weekend stand-up comedy live show ticket through app,Entertainment,927.31,Cash,14-12-2025
Payment for Netflix monthly premium 4K subscription using card,Entertainment,6790.35,Net Banking,12-03-2025
Order for Subway train token via UPI,Transportation,5954.26,UPI,06-11-2025
Order for University examination form fee with cash,Education,751.0,Cash,27-12-2025
Purchased KFC fried chicken,Food,5639.66,UPI,02-03-2025
Bought Leather wallet and formal belt via UPI,Shopping,9860.42,UPI,12-07-2025
Order for Kitchen knife set and wooden chopping board online,Shopping,2809.53,Credit Card,18-04-2025
Order for Juice bar fresh mango juice with cash,Food,4765.48,Cash,28-05-2025
Recent eye doctor consultation and vision test via GPay,Healthcare,14625.61,Credit Card,11-09-2025
Charges paid for car engine oil change and service,Transportation,11463.46,Credit Card,01-11-2025
Purchased Grocery shopping at DMart with cash,Food,3121.01,Debit Card,14-06-2025
Bought Multivitamin tablets and zinc supplements through app,Healthcare,5690.07,UPI,13-06-2025
Order for Scientific calculator Casio fx-991CW through app,Education,3478.59,UPI,09-02-2025
Popcorn and nachos combo at cinema hall with cash,Entertainment,3911.98,Net Banking,10-05-2025
Charges paid for club entry fee saturday night party,Entertainment,9686.95,Credit Card,01-07-2025
Bought Parking slip charges at shopping mall via UPI,Transportation,6097.36,Credit Card,10-02-2025
Paid for Waffle and dessert parlour using card,Food,7837.85,Debit Card,16-11-2025
Purchased Adani electricity monthly bill today,Bills,4978.78,Cash,18-01-2025
Bought Waffle and dessert parlour today,Food,7684.61,Cash,18-10-2025
Order for Car engine oil change and service through app,Transportation,3451.94,UPI,25-06-2025
Order for Health insurance mediclaim annual premium today,Healthcare,3028.13,Net Banking,03-08-2025
Purchased Medplus generic pharmacy medicine bill through app,Healthcare,12643.43,Net Banking,25-04-2025
Bought Multivitamin tablets and zinc supplements via UPI,Healthcare,3490.22,Debit Card,23-04-2025
Spent on University examination form fee with cash,Education,7719.05,Cash,17-01-2025
Purchased Vaccination booster injection dose clinic through app,Healthcare,3365.96,Credit Card,14-02-2025
Payment for Winter jacket and woolen sweater,Shopping,5219.32,Debit Card,19-08-2025
Quick formal cotton shirt and denim jeans,Shopping,5072.44,UPI,26-05-2025
Bill payment for ola cab to airport,Transportation,2497.23,Credit Card,15-12-2025
Self drive car rental Zoomcar today,Transportation,4948.83,UPI,21-05-2025
Purchased Fresh vegetables and fruits from market today,Food,14285.21,Debit Card,07-03-2025
Board game Catan purchase for game night via UPI,Entertainment,4741.2,Credit Card,19-05-2025
Payment for Water park entry ticket with locker online,Entertainment,7251.55,Debit Card,06-02-2025
Paid for Ayurvedic medicines from Patanjali store today,Healthcare,8449.23,Net Banking,28-07-2025
Purchased Dominos cheese pizza using card,Food,14617.26,Net Banking,23-09-2025
Order for Dominos cheese pizza with cash,Food,2705.68,Net Banking,11-05-2025
Coursera professional certificate course online,Education,664.26,Net Banking,05-05-2025
Bought Dermatologist consultation for skin acne through app,Healthcare,4016.27,UPI,03-07-2025
Bought School annual sports and picnic fee with cash,Education,14438.33,UPI,23-11-2025
Purchased Medplus generic pharmacy medicine bill using card,Healthcare,4666.0,Cash,14-12-2025
Paid for Coursera professional certificate course,Education,12090.97,Cash,18-12-2025
Spent on IndiGo domestic flight ticket using card,Transportation,10048.44,Cash,08-01-2025
Payment for Makeup kit lipstick and foundation Nykaa with cash,Shopping,12135.97,Net Banking,03-09-2025
Bought Bowling alley game session at Smaaash through app,Entertainment,4927.55,UPI,28-04-2025
Spent on Online masterclass workshop on AI via UPI,Education,2892.65,Net Banking,25-10-2025
Purchased Bowling alley game session at Smaaash today,Entertainment,9915.88,Debit Card,26-05-2025
Bought Apartment clubhouse utility maintenance using card,Bills,406.34,Credit Card,13-10-2025
Spent on Engineering textbooks and reference notes today,Education,13502.78,Net Banking,15-06-2025
Bought Sewage and drainage municipal cess with cash,Bills,2293.82,Cash,25-12-2025
Paid for IMAX 3D cinema ticket INOX via UPI,Entertainment,4580.09,Debit Card,05-10-2025
Payment for Online masterclass workshop on AI online,Education,13402.91,Debit Card,18-11-2025
Paid for Car wheel alignment and balancing online,Transportation,13166.11,Credit Card,09-06-2025
Bought PlayStation Network PS5 game purchase,Entertainment,4071.78,Net Banking,09-08-2025
Purchased Multivitamin tablets and zinc supplements online,Healthcare,9620.21,Net Banking,10-05-2025
Purchased Vaccination booster injection dose clinic,Healthcare,3970.85,UPI,22-02-2025
Order for Makeup kit lipstick and foundation Nykaa,Shopping,7607.54,Cash,04-06-2025
Quick egg and bread breakfast,Food,12715.23,Net Banking,05-05-2025
Payment for Momos and soup stall today,Food,5511.19,UPI,17-05-2025
Spent on Mineral water jar refill via UPI,Food,10829.0,Cash,27-07-2025
Purchased Parking slip charges at shopping mall using card,Transportation,7383.25,Credit Card,21-05-2025
Swiggy food delivery via UPI,Food,1579.57,Cash,22-06-2025
Payment for Airtel broadband fiber bill payment using card,Bills,923.34,Net Banking,25-10-2025
Self drive car rental Zoomcar via UPI,Transportation,11746.44,Cash,07-10-2025
Order for Electric scooter charging fee through app,Transportation,1443.96,UPI,22-09-2025
Payment for Annual library membership renewal,Education,13776.54,UPI,21-01-2025
Bill payment for electricity bill payment torrent power,Bills,11707.34,Debit Card,08-05-2025
Paid for Running sports shoes from Nike store via UPI,Shopping,9084.03,Credit Card,22-10-2025
Spent on IMAX 3D cinema ticket INOX through app,Entertainment,10447.02,Cash,18-10-2025
Paid for Municipal property tax annual payment with cash,Bills,10480.99,Net Banking,09-07-2025
Purchased Mobile back cover and tempered glass screen using card,Shopping,9634.2,Net Banking,28-04-2025
Ice cream tub from Naturals online,Food,9119.57,Debit Card,28-12-2025
Morning coffee and cookies today,Food,9822.57,Credit Card,02-11-2025
Leather wallet and formal belt using card,Shopping,1103.92,Net Banking,08-08-2025
Order for Steam PC gaming summer sale purchase,Entertainment,12895.3,UPI,13-02-2025
Purchased Night taxi fare back home with cash,Transportation,13313.55,Credit Card,21-12-2025
Expense on office canteen coupon recharge,Food,8303.59,Debit Card,13-08-2025
Payment for College semester tuition fee through app,Education,2800.23,Credit Card,09-07-2025
Spent on Electricity bill payment Torrent Power with cash,Bills,99.89,Debit Card,25-08-2025
Payment for Car third party insurance policy with cash,Transportation,10260.27,Credit Card,11-06-2025
Bought Root canal treatment session at dentist with cash,Healthcare,8274.05,UPI,10-06-2025
Purchased Egg and bread breakfast today,Food,1445.43,Debit Card,09-02-2025
Payment for Office formal leather shoes Bata with cash,Shopping,9628.58,Credit Card,10-08-2025
Payment for Formal cotton shirt and denim jeans using card,Shopping,3301.77,Credit Card,16-09-2025
Quick protein whey powder isolate gym supplement,Healthcare,11823.64,Cash,02-10-2025
Spent on Car wash and interior vacuuming using card,Transportation,1359.6,Net Banking,24-07-2025
Bought Instamart snacks and cold drinks today,Food,9402.78,Credit Card,14-11-2025
Order for Self drive car rental Zoomcar through app,Transportation,343.44,Net Banking,19-04-2025
Charges paid for grocery shopping at dmart,Food,14841.58,Debit Card,16-09-2025
CNG gas refill for vehicle via UPI,Transportation,1901.45,Net Banking,01-03-2025
Payment for MRI brain scan diagnostic center fee through app,Healthcare,2927.02,Credit Card,12-03-2025
Purchased Amusement park ticket Imagicaa via UPI,Entertainment,14077.11,Credit Card,26-11-2025
Order for Robotics kit and Arduino components for college project using card,Education,4114.93,UPI,28-01-2025
Paid for YouTube Premium family plan renewal through app,Entertainment,460.98,Cash,04-10-2025
Paid for Scientific calculator Casio fx-991CW via UPI,Education,2812.4,UPI,28-03-2025
Bought Car wheel alignment and balancing via UPI,Transportation,7360.2,Net Banking,18-02-2025
Order for Momos and soup stall online,Food,5081.59,Debit Card,05-03-2025
Order for CNG gas refill for vehicle via UPI,Transportation,14265.48,Cash,22-10-2025
Charges paid for non-stick cookware fry pan hawkins,Shopping,8186.09,Net Banking,07-12-2025
Paid for School uniform and formal shoes through app,Education,4460.25,UPI,22-08-2025
Udemy python programming bootcamp through app,Education,8180.98,Cash,03-12-2025
Auto rickshaw fare by meter through app,Transportation,1275.11,UPI,14-03-2025
Bought IELTS language test exam fee via UPI,Education,3861.2,Credit Card,02-07-2025
Order for Kitchen knife set and wooden chopping board through app,Shopping,13748.49,Debit Card,07-03-2025
Paid for Car engine oil change and service online,Transportation,14329.77,Cash,19-01-2025
Payment for Two-wheeler comprehensive insurance renewal through app,Transportation,7024.72,Credit Card,08-08-2025
Spent on Casual t-shirts pack from Zara through app,Shopping,3537.74,Cash,10-11-2025
Bought N95 masks and sanitizers pack,Healthcare,10104.7,Cash,12-12-2025
Paid for Non-stick cookware fry pan Hawkins with cash,Shopping,6906.08,Debit Card,23-11-2025
Bought Formal cotton shirt and denim jeans via UPI,Shopping,920.32,Credit Card,08-07-2025
Payment for Board game Catan purchase for game night today,Entertainment,9925.28,Cash,15-12-2025
Purchased Medical entrance coaching class fee with cash,Education,3158.35,Net Banking,20-10-2025
Purchased LPG cooking gas cylinder refill Indane using card,Bills,4764.43,Debit Card,14-10-2025
Expense on laptop sleeve and water resistant backpack,Shopping,9255.83,UPI,22-01-2025
Bought MRI brain scan diagnostic center fee via UPI,Healthcare,5131.44,UPI,03-11-2025
Spent on Egg and bread breakfast through app,Food,14040.59,UPI,09-07-2025
Paid for Escape room team mystery game ticket via UPI,Entertainment,913.71,Net Banking,17-10-2025
Subway sandwich lunch today,Food,1026.04,UPI,10-05-2025
Payment for Diagnostic chest X-ray digital scan,Healthcare,14843.18,Debit Card,06-03-2025
Paid for Emergency hospital room casualty charges online,Healthcare,13435.01,Debit Card,10-09-2025
Ayurvedic medicines from Patanjali store via UPI,Healthcare,6157.27,Cash,18-04-2025
Purchased Vaccination booster injection dose clinic online,Healthcare,10720.26,Debit Card,16-02-2025
Purchased University examination form fee via UPI,Education,9075.19,UPI,28-09-2025
Paid for Bakery fresh bread and cake,Food,2346.17,Debit Card,01-07-2025
Paid for Laptop sleeve and water resistant backpack using card,Shopping,3850.88,Debit Card,09-02-2025
Quick airtel broadband fiber bill payment,Bills,13475.42,Net Banking,20-07-2025
Charges paid for art museum gallery exhibition entry,Entertainment,4262.45,Net Banking,24-05-2025
Paid for School annual sports and picnic fee via UPI,Education,6940.44,Debit Card,28-06-2025
Bought Arcade video games timezone card recharge today,Entertainment,3474.75,Net Banking,12-04-2025
Bought Medplus generic pharmacy medicine bill today,Healthcare,8715.38,Net Banking,04-07-2025
Spent on School admission registration fee today,Education,12525.94,Net Banking,18-08-2025
Purchased PlayStation Network PS5 game purchase today,Entertainment,8880.98,UPI,10-09-2025
Paid for Home decor flower vase and curtains today,Shopping,6962.04,Credit Card,25-05-2025
Purchased Society monthly maintenance charges through app,Bills,12087.72,Credit Card,05-10-2025
Bought Board game Catan purchase for game night,Entertainment,12236.9,Debit Card,10-04-2025
Purchased Non-stick cookware fry pan Hawkins using card,Shopping,3673.24,Debit Card,20-07-2025
Purchased Chai and samosa at tea stall today,Food,12132.29,Net Banking,25-10-2025
Doctor consultation fee general physician through app,Healthcare,12331.52,Cash,05-03-2025
Payment for Zomato pizza order using card,Food,7698.19,Cash,04-05-2025
Airtel broadband fiber bill payment today,Bills,11507.99,Net Banking,04-11-2025
Paid for Helicopter shuttle ticket using card,Transportation,6942.61,Credit Card,12-03-2025
Order for Intercity bus ticket via RedBus via UPI,Transportation,1410.83,UPI,18-03-2025
Payment for YouTube Premium family plan renewal today,Entertainment,1939.96,Cash,24-02-2025
Purchased Chinese noodles and fried rice,Food,2143.2,UPI,19-12-2025
Payment for Toll plaza tax cash payment using card,Transportation,58.01,Debit Card,07-05-2025
Spent on Coursera professional certificate course through app,Education,14592.78,Net Banking,02-10-2025
Charges paid for office formal leather shoes bata,Shopping,8251.94,Net Banking,15-02-2025
Payment for Instamart snacks and cold drinks using card,Food,6301.11,Credit Card,27-06-2025
Spent on Prepaid electricity smart meter recharge today,Bills,4314.6,Net Banking,11-03-2025
Purchased Auto rickshaw fare by meter today,Transportation,5789.6,Net Banking,20-10-2025
Paid for Jio prepaid mobile phone recharge,Bills,13392.47,Net Banking,03-01-2025
Payment for Ray-Ban UV protection sunglasses online,Shopping,10698.4,Cash,14-08-2025
Bought Full body blood diagnostic test SRL Labs today,Healthcare,9518.69,Net Banking,14-02-2025
Spent on Kindle academic ebook purchase through app,Education,11501.7,Cash,15-09-2025
Purchased Physiotherapy rehabilitation session online,Healthcare,10705.89,Credit Card,26-01-2025
Spent on Car engine oil change and service today,Transportation,7369.86,Net Banking,16-05-2025
Paid for Cable TV network monthly operator fee online,Bills,2701.51,UPI,05-09-2025
Water park entry ticket with locker with cash,Entertainment,11496.72,UPI,07-05-2025
Bought Robotics kit and Arduino components for college project via UPI,Education,9809.68,Debit Card,21-08-2025
Payment for Rapido bike taxi ride through app,Transportation,2197.41,Debit Card,16-09-2025
Spent on Physics laboratory practical record file,Education,13974.58,Cash,20-02-2025
Payment for Kitchen knife set and wooden chopping board through app,Shopping,6515.52,Cash,06-09-2025
Bill payment for non-stick cookware fry pan hawkins,Shopping,13838.3,Cash,04-12-2025
Order for Home decor flower vase and curtains via UPI,Shopping,6784.07,Credit Card,22-08-2025
Order for Intercity bus ticket via RedBus using card,Transportation,2731.61,Credit Card,17-08-2025
Charges paid for lpg cooking gas cylinder refill indane,Bills,262.46,Credit Card,11-05-2025
Engineering textbooks and reference notes today,Education,2079.03,Credit Card,07-06-2025
Bought Degree convocation certificate fee via UPI,Education,10447.75,UPI,22-06-2025
Charges paid for paneer tikka and naan dinner,Food,181.62,Debit Card,15-04-2025
Paid for Orthopedic doctor consultation for knee joint through app,Healthcare,10033.62,Net Banking,12-07-2025
Payment for Physics laboratory practical record file through app,Education,13790.8,Net Banking,09-09-2025
Bought Self drive car rental Zoomcar today,Transportation,9701.29,Debit Card,19-11-2025
Charges paid for health insurance mediclaim annual premium,Healthcare,4581.34,Net Banking,23-05-2025
Payment for IELTS language test exam fee with cash,Education,497.9,UPI,25-01-2025
Order for Netflix monthly premium 4K subscription,Entertainment,4741.77,Debit Card,26-08-2025
Payment for BookMyShow movie ticket PVR Cinemas online,Entertainment,10776.03,Cash,01-10-2025
Bill payment for school admission registration fee,Education,9665.03,Credit Card,24-01-2025
Order for Netflix monthly premium 4K subscription using card,Entertainment,14171.01,UPI,17-03-2025
Purchased Coursera professional certificate course with cash,Education,11992.12,Net Banking,28-06-2025
Purchased Ayurvedic medicines from Patanjali store through app,Healthcare,7691.9,Net Banking,13-03-2025
"Milk, butter and dairy products using card",Food,8318.72,UPI,12-04-2025
Charges paid for ray-ban uv protection sunglasses,Shopping,11021.51,Cash,28-10-2025
Purchased Home decor flower vase and curtains with cash,Shopping,3604.13,UPI,06-05-2025
"Bought Milk, butter and dairy products via UPI",Food,10876.25,Cash,24-06-2025
Bought JioFiber high speed internet bill through app,Bills,14890.85,Net Banking,20-05-2025
Payment for Protein whey powder isolate gym supplement,Healthcare,4241.48,UPI,15-04-2025
"Purchased Stationery notebook, registers and pens using card",Education,12090.5,Credit Card,23-09-2025
Paid for Pediatrician consultation for baby child via UPI,Healthcare,5739.44,Net Banking,07-10-2025
Purchased Electricity bill payment Torrent Power through app,Bills,11546.73,Debit Card,06-07-2025
Spent on Ethnic kurta pajama from Manyavar via UPI,Shopping,5536.94,UPI,16-08-2025
Bought IELTS language test exam fee through app,Education,8819.03,Net Banking,07-03-2025
Purchased Kindle academic ebook purchase with cash,Education,3927.39,UPI,24-03-2025
Purchased Delhi metro card topup via UPI,Transportation,2705.66,Cash,16-01-2025
Charges paid for physiotherapy rehabilitation session,Healthcare,1543.15,Credit Card,09-08-2025
Spent on Solar rooftop maintenance service charge through app,Bills,3127.17,Credit Card,22-05-2025
Payment for Municipal corporation water tax bill today,Bills,10943.57,Debit Card,03-02-2025
Purchased BookMyShow movie ticket PVR Cinemas with cash,Entertainment,4853.97,Cash,26-02-2025
Paid for Spectacles frame and prescription lenses Lenskart,Healthcare,10057.9,Net Banking,11-10-2025
Bought N95 masks and sanitizers pack using card,Healthcare,10891.71,Net Banking,18-04-2025
Order for BSNL landline telephone bill with cash,Bills,6993.28,Net Banking,28-09-2025
Bought Amazon India online order for clothes online,Shopping,2698.67,UPI,08-02-2025
Paid for Winter jacket and woolen sweater via UPI,Shopping,7849.23,Net Banking,02-01-2025
Order for Night taxi fare back home,Transportation,8540.35,Credit Card,07-03-2025
Hostel accommodation and mess fee through app,Education,12876.01,Credit Card,26-01-2025
Paid for Amazon India online order for clothes through app,Shopping,10785.88,Debit Card,26-08-2025
Purchased Vi Vodafone Idea recharge pack using card,Bills,7655.75,UPI,07-02-2025
Online masterclass workshop on AI today,Education,6571.79,UPI,16-11-2025
Purchased Medical entrance coaching class fee through app,Education,2952.69,Cash,04-11-2025
Paid for Disney+ Hotstar sports subscription today,Entertainment,1893.12,Debit Card,07-01-2025
Order for Office canteen coupon recharge through app,Food,14969.55,Net Banking,23-01-2025
Order for LPG cooking gas cylinder refill Indane through app,Bills,607.28,Net Banking,27-11-2025
Art drawing book and acrylic colors through app,Education,8306.55,Debit Card,17-09-2025
Payment for Momos and soup stall via UPI,Food,13608.33,Net Banking,13-12-2025
Paid for MRI brain scan diagnostic center fee using card,Healthcare,6518.12,Credit Card,20-08-2025
Purchased Music concert festival pass today,Entertainment,6132.76,Credit Card,06-06-2025
Quick robotics kit and arduino components for college project,Education,14694.19,Debit Card,05-08-2025
Hostel accommodation and mess fee today,Education,1276.03,Credit Card,06-11-2025
Order for Helicopter shuttle ticket online,Transportation,14061.3,UPI,19-06-2025
Spent on Bike tyre replacement MRF today,Transportation,1606.92,UPI,15-08-2025
Bought Night taxi fare back home via UPI,Transportation,14985.44,UPI,16-07-2025
Bought Medicines purchased from Apollo Pharmacy via UPI,Healthcare,9218.3,Credit Card,26-09-2025
Payment for N95 masks and sanitizers pack online,Healthcare,10867.84,Credit Card,26-07-2025
Recent music concert festival pass via GPay,Entertainment,12505.09,Net Banking,28-04-2025
Bought Vi Vodafone Idea recharge pack with cash,Bills,11948.05,Debit Card,11-02-2025
Payment for Ayurvedic medicines from Patanjali store using card,Healthcare,610.76,Net Banking,10-10-2025
Spent on Mumbai local train monthly pass online,Transportation,8065.91,Cash,06-05-2025
Spent on Airtel broadband fiber bill payment through app,Bills,9750.5,Net Banking,19-11-2025
Bought Two-wheeler comprehensive insurance renewal today,Transportation,12277.55,Net Banking,06-10-2025
Quick school annual sports and picnic fee,Education,12874.06,Debit Card,16-04-2025
Paid for Degree convocation certificate fee today,Education,9169.6,Debit Card,01-09-2025
Purchased Subway sandwich lunch with cash,Food,1030.97,Cash,13-03-2025
Purchased Morning coffee and cookies via UPI,Food,10457.74,UPI,28-03-2025
Bought Airtel postpaid monthly mobile bill online,Bills,6727.16,Cash,08-04-2025
Order for Hostel accommodation and mess fee today,Education,6059.21,Cash,19-10-2025
Allen career institute installment through app,Education,7094.56,UPI,05-05-2025
Payment for Allen career institute installment with cash,Education,3697.23,Cash,05-11-2025
Paid for Waffle and dessert parlour via UPI,Food,7170.12,UPI,13-12-2025
Bedsheet set and cotton pillow covers today,Shopping,6607.57,Credit Card,12-09-2025
Spent on South Indian breakfast dosa and idli,Food,10085.87,Credit Card,04-05-2025
Bought Bakery fresh bread and cake with cash,Food,7178.26,Credit Card,19-04-2025
Bought Laptop sleeve and water resistant backpack with cash,Shopping,4732.32,Debit Card,20-04-2025
Purchased Protein whey powder isolate gym supplement through app,Healthcare,10171.38,Net Banking,03-09-2025
Paid for YouTube Premium family plan renewal with cash,Entertainment,5421.23,Debit Card,01-04-2025
Toll plaza tax cash payment via UPI,Transportation,14800.24,UPI,19-07-2025
Order for Physics laboratory practical record file with cash,Education,10470.01,Net Banking,23-01-2025
Purchased Root canal treatment session at dentist online,Healthcare,4049.29,Net Banking,06-06-2025
Payment for Casual t-shirts pack from Zara today,Shopping,6875.7,Debit Card,14-04-2025
Paid for Paneer tikka and naan dinner with cash,Food,7815.69,Net Banking,01-01-2025
Bought Municipal property tax annual payment through app,Bills,2470.18,Debit Card,01-10-2025
Order for Biryani combo meal from Behrouz through app,Food,771.11,UPI,14-08-2025
Payment for Root canal treatment session at dentist via UPI,Healthcare,7387.91,Net Banking,17-10-2025
Spent on Two-wheeler comprehensive insurance renewal via UPI,Transportation,12756.44,Net Banking,04-10-2025
Order for Delhi metro card topup through app,Transportation,5258.37,UPI,09-08-2025
Order for Board game Catan purchase for game night today,Entertainment,964.96,UPI,16-06-2025
Full body blood diagnostic test SRL Labs with cash,Healthcare,9102.34,Credit Card,20-07-2025
Spent on IRCTC train ticket booking to Mumbai,Transportation,840.68,Debit Card,14-11-2025
Paid for Intercity bus ticket via RedBus online,Transportation,616.71,Cash,15-12-2025
Payment for University examination form fee with cash,Education,13376.47,UPI,16-06-2025
Purchased Hostel accommodation and mess fee using card,Education,2259.7,Cash,09-09-2025
Purchased Ray-Ban UV protection sunglasses using card,Shopping,10943.11,Net Banking,18-09-2025
Payment for Diagnostic chest X-ray digital scan with cash,Healthcare,10265.63,UPI,22-08-2025
Payment for College semester tuition fee online,Education,12398.79,Net Banking,02-03-2025
Spent on IndiGo domestic flight ticket via UPI,Transportation,8248.11,UPI,11-11-2025
Bought Subway sandwich lunch,Food,10793.04,UPI,24-06-2025
Order for Makeup kit lipstick and foundation Nykaa with cash,Shopping,5684.31,Credit Card,17-10-2025
Order for Apartment clubhouse utility maintenance using card,Bills,13749.31,Cash,03-03-2025
Order for IndiGo domestic flight ticket with cash,Transportation,9313.89,Debit Card,13-11-2025
Order for Laptop sleeve and water resistant backpack today,Shopping,4473.89,Cash,15-09-2025
Solar rooftop maintenance service charge via UPI,Bills,13930.56,Credit Card,07-05-2025
Airtel Digital TV subscription through app,Bills,13591.96,UPI,21-04-2025
Order for Dinner with family at restaurant,Food,5244.75,Debit Card,08-10-2025
Purchased Kitchen knife set and wooden chopping board with cash,Shopping,4018.76,Debit Card,19-05-2025
Paid for Car wash and interior vacuuming today,Transportation,9797.95,Debit Card,26-11-2025
Payment for Instamart snacks and cold drinks with cash,Food,11346.36,Credit Card,26-12-2025
Order for Two wheeler periodic servicing online,Transportation,3034.67,UPI,13-07-2025
Office formal leather shoes Bata through app,Shopping,4888.47,UPI,04-02-2025
Bought Night taxi fare back home through app,Transportation,2484.57,UPI,05-06-2025
Bought McDonalds burger meal with cash,Food,834.74,Net Banking,11-12-2025
Order for Homeopathy clinic consultation and pills through app,Healthcare,9656.28,Credit Card,19-04-2025
IELTS language test exam fee via UPI,Education,8193.05,UPI,15-01-2025
Paid for Two wheeler periodic servicing using card,Transportation,365.06,Cash,02-12-2025
Purchased Non-stick cookware fry pan Hawkins via UPI,Shopping,12780.85,Debit Card,18-03-2025
Paid for First aid antiseptic Dettol and bandages via UPI,Healthcare,14739.74,UPI,06-12-2025
Paid for Wireless bluetooth neckband earphones,Shopping,8234.45,Cash,09-01-2025
Payment for Commercial office space rent today,Bills,8647.55,Cash,17-07-2025
Annual library membership renewal via UPI,Education,2945.28,Credit Card,14-09-2025
Purchased Two wheeler periodic servicing today,Transportation,3406.58,UPI,05-05-2025
Paid for Doctor consultation fee general physician with cash,Healthcare,2460.39,Credit Card,04-08-2025
Paid for Doctor consultation fee general physician,Healthcare,6661.77,UPI,25-03-2025
Purchased Intercity bus ticket via RedBus using card,Transportation,12134.48,UPI,23-11-2025
Spent on Ray-Ban UV protection sunglasses with cash,Shopping,2074.79,Debit Card,10-11-2025
Paid for Casual t-shirts pack from Zara using card,Shopping,4708.62,Credit Card,08-11-2025
Spent on Packaged drinking water bottle today,Food,3880.85,Debit Card,03-10-2025
Recent school admission registration fee via GPay,Education,7360.31,Net Banking,17-01-2025
Bike tyre replacement MRF today,Transportation,9638.52,Credit Card,21-08-2025
Flipkart big billion days fashion shopping using card,Shopping,9896.95,UPI,23-05-2025
Spent on First aid antiseptic Dettol and bandages through app,Healthcare,4883.56,Debit Card,27-03-2025
Quick bike tyre replacement mrf,Transportation,9790.69,Credit Card,10-10-2025
Running sports shoes from Nike store via UPI,Shopping,3855.71,Credit Card,11-05-2025
Bought Residential garbage collection charge online,Bills,11771.74,UPI,22-09-2025
Payment for Leather wallet and formal belt via UPI,Shopping,10177.55,Cash,20-09-2025
Airport parking ticket fee online,Transportation,930.76,Debit Card,06-01-2025
Purchased Medicines purchased from Apollo Pharmacy through app,Healthcare,284.38,Credit Card,02-01-2025
Bought Udemy python programming bootcamp online,Education,12078.55,Credit Card,13-10-2025
Spent on Rapido bike taxi ride,Transportation,1874.7,Credit Card,28-08-2025
Full body blood diagnostic test SRL Labs today,Healthcare,5601.15,UPI,25-10-2025
Charges paid for amusement park ticket imagicaa,Entertainment,7063.96,Credit Card,11-09-2025
Payment for Residential garbage collection charge online,Bills,4108.53,Cash,28-12-2025
Paid for Self drive car rental Zoomcar with cash,Transportation,8057.27,Net Banking,14-06-2025
Purchased IELTS language test exam fee today,Education,11640.8,UPI,28-12-2025
Paid for GRE exam registration fee ETS,Education,92.63,Net Banking,15-09-2025
Order for KFC fried chicken,Food,11769.16,Credit Card,24-07-2025
Spent on N95 masks and sanitizers pack,Healthcare,9325.31,Net Banking,22-01-2025
Spent on Society monthly maintenance charges through app,Bills,4212.4,Net Banking,10-07-2025
Airtel postpaid monthly mobile bill using card,Bills,11726.0,Debit Card,28-09-2025
Bought Morning coffee and cookies with cash,Food,13103.5,Cash,17-12-2025
Payment for Adani electricity monthly bill today,Bills,202.9,Net Banking,13-05-2025
Order for Coursera professional certificate course with cash,Education,616.57,Cash,10-11-2025
Paid for Women handbag and leather purse today,Shopping,5801.67,Net Banking,12-04-2025
Spent on School admission registration fee online,Education,433.03,Net Banking,17-05-2025
Paid for Tata Play DTH satellite dish recharge using card,Bills,1951.98,Credit Card,05-10-2025
Bought Scientific calculator Casio fx-991CW through app,Education,11345.73,Net Banking,13-12-2025
Bill payment for wireless bluetooth neckband earphones,Shopping,678.39,Cash,02-02-2025
Order for Mumbai local train monthly pass using card,Transportation,7149.07,Credit Card,09-03-2025
Order for Women handbag and leather purse with cash,Shopping,4420.7,Cash,26-04-2025
IRCTC train ticket booking to Mumbai,Transportation,8137.87,Net Banking,24-05-2025
Paid for Uber cab ride to office through app,Transportation,11457.2,UPI,03-01-2025
Spent on Robotics kit and Arduino components for college project,Education,6402.05,Cash,27-08-2025
"Order for Milk, butter and dairy products using card",Food,8268.41,UPI,19-02-2025
Paid for Art museum gallery exhibition entry via UPI,Entertainment,12272.71,Cash,19-05-2025
Bought Cricket stadium match ticket IPL with cash,Entertainment,11467.6,Cash,28-06-2025
Paid for Bicycle puncture repair and tube using card,Transportation,12360.27,Credit Card,14-04-2025
Payment for Bedsheet set and cotton pillow covers via UPI,Shopping,9830.2,Credit Card,01-12-2025
LPG cooking gas cylinder refill Indane using card,Bills,9813.91,Net Banking,14-04-2025
Bought Escape room team mystery game ticket with cash,Entertainment,6786.13,UPI,07-02-2025
Purchased IRCTC train ticket booking to Mumbai using card,Transportation,4309.25,Credit Card,13-07-2025
Paid for MRI brain scan diagnostic center fee with cash,Healthcare,8067.77,Net Banking,27-08-2025
Bought Medicines purchased from Apollo Pharmacy through app,Healthcare,5796.84,Cash,14-11-2025
Spent on Home decor flower vase and curtains with cash,Shopping,6844.1,Credit Card,18-09-2025
Payment for Chai and samosa at tea stall online,Food,6977.03,UPI,03-03-2025
Purchased School admission registration fee,Education,14373.07,Cash,28-12-2025
Dominos cheese pizza,Food,3230.77,UPI,18-05-2025
Payment for FASTag highway toll recharge via UPI,Transportation,12224.84,Credit Card,07-01-2025
Bakery fresh bread and cake using card,Food,7814.02,Credit Card,20-09-2025
Payment for Car wheel alignment and balancing through app,Transportation,9289.16,Cash,09-03-2025
Paid for Disney+ Hotstar sports subscription with cash,Entertainment,2136.14,Net Banking,02-07-2025
Order for BSNL landline telephone bill today,Bills,10124.91,Net Banking,13-06-2025
Bought Helicopter shuttle ticket online,Transportation,14045.92,Credit Card,01-05-2025
Purchased Zomato pizza order,Food,8147.01,Net Banking,01-11-2025
Paid for MRI brain scan diagnostic center fee via UPI,Healthcare,5897.29,UPI,03-05-2025
Expense on cricket stadium match ticket ipl,Entertainment,5613.13,Cash,16-09-2025
Charges paid for dominos cheese pizza,Food,5499.18,Debit Card,14-03-2025
Purchased Arcade video games timezone card recharge online,Entertainment,14764.51,Credit Card,01-03-2025
Payment for Kindle academic ebook purchase today,Education,8268.1,UPI,13-03-2025
Spent on Dominos cheese pizza through app,Food,14352.8,Cash,27-10-2025
Bought Vi Vodafone Idea recharge pack through app,Bills,2067.4,Debit Card,22-07-2025
Paid for Bescom power supply bill,Bills,1540.2,Cash,16-07-2025
Bought Bicycle puncture repair and tube,Transportation,14128.07,Credit Card,10-11-2025
Spent on Residential garbage collection charge today,Bills,8588.62,Cash,01-01-2025
Payment for Vi Vodafone Idea recharge pack using card,Bills,5168.39,Debit Card,07-04-2025
Engineering textbooks and reference notes,Education,797.88,UPI,19-06-2025
Purchased School uniform and formal shoes via UPI,Education,593.87,Credit Card,01-10-2025
Payment for Self drive car rental Zoomcar using card,Transportation,13956.27,Cash,08-03-2025
Order for Disney+ Hotstar sports subscription via UPI,Entertainment,10840.29,Debit Card,04-10-2025
Payment for Municipal property tax annual payment,Bills,8996.78,Credit Card,22-08-2025
Airtel postpaid monthly mobile bill through app,Bills,8937.09,UPI,12-11-2025
Bought Diagnostic chest X-ray digital scan through app,Healthcare,7479.14,Debit Card,19-02-2025
Payment for Weekend stand-up comedy live show ticket online,Entertainment,4588.43,Debit Card,22-06-2025
N95 masks and sanitizers pack using card,Healthcare,9660.23,Cash,13-12-2025
Bought Flipkart big billion days fashion shopping today,Shopping,9557.86,Credit Card,15-10-2025
Purchased MRI brain scan diagnostic center fee through app,Healthcare,11097.11,UPI,12-11-2025
Paid for School admission registration fee with cash,Education,3069.83,Debit Card,10-04-2025
Payment for South Indian breakfast dosa and idli using card,Food,4230.46,Credit Card,19-03-2025
Bought Orthopedic doctor consultation for knee joint via UPI,Healthcare,1280.85,Net Banking,09-12-2025
Order for Water park entry ticket with locker with cash,Entertainment,9301.87,Net Banking,09-12-2025
Order for Morning coffee and cookies with cash,Food,5180.35,Credit Card,22-09-2025
Paneer tikka and naan dinner today,Food,3771.99,Net Banking,08-12-2025
Recent residential garbage collection charge via GPay,Bills,11862.56,Net Banking,10-10-2025
Paid for JioFiber high speed internet bill through app,Bills,5308.9,Cash,02-11-2025
Chinese noodles and fried rice through app,Food,12212.27,UPI,19-06-2025
Spent on Ayurvedic medicines from Patanjali store via UPI,Healthcare,10373.23,UPI,26-08-2025
Night taxi fare back home via UPI,Transportation,10302.01,Debit Card,15-08-2025
Order for Bescom power supply bill via UPI,Bills,14017.9,Cash,18-11-2025
Paid for Club entry fee Saturday night party with cash,Entertainment,7356.49,Net Banking,24-02-2025
Purchased First aid antiseptic Dettol and bandages through app,Healthcare,9025.27,Debit Card,18-06-2025
Paid for Scientific calculator Casio fx-991CW using card,Education,8849.74,Net Banking,13-11-2025
Quick music concert festival pass,Entertainment,8565.15,UPI,19-12-2025
Order for Toll plaza tax cash payment with cash,Transportation,14886.23,Cash,04-06-2025
Bought Breakfast buffet at hotel online,Food,3351.7,Credit Card,16-03-2025
Order for Medplus generic pharmacy medicine bill via UPI,Healthcare,3201.77,UPI,21-09-2025
Spent on Popcorn and nachos combo at cinema hall today,Entertainment,9163.39,Cash,19-01-2025
Purchased Popcorn and nachos combo at cinema hall online,Entertainment,3707.94,UPI,02-03-2025
Payment for Degree convocation certificate fee through app,Education,8702.69,Credit Card,27-08-2025
Expense on winter jacket and woolen sweater,Shopping,6770.18,Debit Card,08-04-2025
Bought JioFiber high speed internet bill using card,Bills,6829.29,Cash,22-02-2025
Paid for Vaccination booster injection dose clinic with cash,Healthcare,8146.57,UPI,28-10-2025
Paid for Allen career institute installment with cash,Education,1945.35,UPI,08-12-2025
Order for Breakfast buffet at hotel using card,Food,131.77,UPI,19-09-2025
Bought First aid antiseptic Dettol and bandages,Healthcare,2303.48,UPI,11-08-2025
Payment for Theater drama evening show ticket via UPI,Entertainment,8642.45,UPI,05-06-2025
Spent on Car wash and interior vacuuming through app,Transportation,2787.0,Net Banking,01-02-2025
Payment for PlayStation Network PS5 game purchase through app,Entertainment,11654.01,UPI,27-08-2025
Cable TV network monthly operator fee via UPI,Bills,964.66,Credit Card,28-12-2025
Paid for McDonalds burger meal today,Food,14319.07,UPI,01-10-2025
Purchased Medical entrance coaching class fee online,Education,1991.67,Debit Card,06-11-2025
Spent on LPG cooking gas cylinder refill Indane today,Bills,719.11,Credit Card,20-04-2025
Paid for Vi Vodafone Idea recharge pack with cash,Bills,407.78,Credit Card,03-03-2025
Order for Music concert festival pass,Entertainment,448.45,Cash,24-12-2025
Payment for Grocery shopping at DMart,Food,14466.13,Debit Card,15-03-2025
Spent on Intercity bus ticket via RedBus using card,Transportation,9721.48,UPI,07-03-2025
Bought Apartment clubhouse utility maintenance,Bills,11507.64,Credit Card,28-03-2025
Paid for Eye doctor consultation and vision test with cash,Healthcare,6454.74,Credit Card,02-01-2025
Payment for Cafe coffee day cold coffee through app,Food,4993.73,Net Banking,21-05-2025
Paid for Supermarket monthly ration purchase with cash,Food,3422.46,Net Banking,03-01-2025
Purchased Netflix monthly premium 4K subscription with cash,Entertainment,13318.24,UPI,24-10-2025
Bought Vaccination booster injection dose clinic through app,Healthcare,11211.75,Credit Card,09-03-2025
University examination form fee online,Education,2779.21,Cash,13-08-2025
Payment for FASTag highway toll recharge online,Transportation,13664.2,UPI,27-11-2025
Order for Weekend stand-up comedy live show ticket online,Entertainment,11992.36,Debit Card,28-01-2025
Paid for Vaccination booster injection dose clinic today,Healthcare,11361.15,UPI,26-10-2025
Purchased Society monthly maintenance charges using card,Bills,11145.78,Net Banking,12-08-2025
Paid for Bus ticket conductor cash payment through app,Transportation,7317.21,Cash,24-10-2025
Bought Egg and bread breakfast,Food,8028.07,Debit Card,10-05-2025
Purchased Instamart snacks and cold drinks,Food,8071.64,Cash,05-05-2025
Payment for Prepaid electricity smart meter recharge with cash,Bills,3801.7,Debit Card,24-04-2025
Paid for LPG cooking gas cylinder refill Indane today,Bills,12577.76,Debit Card,04-11-2025
Spent on LPG cooking gas cylinder refill Indane through app,Bills,7152.56,Credit Card,10-05-2025
Bought Piped natural gas PNG bill Adani Gas through app,Bills,4728.22,Net Banking,21-03-2025
IMAX 3D cinema ticket INOX online,Entertainment,6657.87,Debit Card,26-10-2025
Spent on JioFiber high speed internet bill through app,Bills,10256.52,UPI,06-01-2025
Order for Udemy python programming bootcamp online,Education,5363.55,Debit Card,21-06-2025
Car wash and interior vacuuming using card,Transportation,6111.8,Cash,07-12-2025
Expense on late night snacks delivery,Food,12887.77,Credit Card,18-04-2025
Spent on Eye doctor consultation and vision test with cash,Healthcare,7038.24,Credit Card,24-08-2025
Payment for Biryani combo meal from Behrouz online,Food,14837.04,Cash,17-08-2025
Paid for Spectacles frame and prescription lenses Lenskart with cash,Healthcare,7900.6,Credit Card,01-11-2025
Spent on Root canal treatment session at dentist online,Healthcare,12633.21,Net Banking,23-12-2025
Payment for Solar rooftop maintenance service charge,Bills,2720.41,Credit Card,25-12-2025
Ray-Ban UV protection sunglasses with cash,Shopping,12186.22,Debit Card,28-09-2025
Purchased School uniform and formal shoes online,Education,13225.53,Credit Card,10-05-2025
Order for Vi Vodafone Idea recharge pack,Bills,3699.31,Cash,19-08-2025
Payment for JioFiber high speed internet bill,Bills,9631.94,UPI,18-01-2025
Spent on Delhi metro card topup online,Transportation,11524.8,Net Banking,04-12-2025
Purchased Bowling alley game session at Smaaash,Entertainment,14097.07,Credit Card,03-06-2025
Bill payment for car wash and interior vacuuming,Transportation,14130.58,Cash,12-06-2025
Spent on Women handbag and leather purse through app,Shopping,14243.44,Net Banking,14-04-2025
Bought Municipal corporation water tax bill via UPI,Bills,10593.57,Debit Card,28-04-2025
Leather wallet and formal belt online,Shopping,9161.86,UPI,14-08-2025
Order for Kitchen knife set and wooden chopping board via UPI,Shopping,6380.48,UPI,18-12-2025
Payment for Mumbai local train monthly pass online,Transportation,5485.46,Debit Card,23-07-2025
Paid for Office formal leather shoes Bata online,Shopping,840.22,Net Banking,22-03-2025
Paid for Dermatologist consultation for skin acne using card,Healthcare,6968.4,UPI,12-10-2025
Order for Street food pav bhaji and chaat through app,Food,11004.94,Debit Card,06-03-2025
Purchased Engineering textbooks and reference notes using card,Education,10390.39,Net Banking,15-07-2025
Spent on Eye doctor consultation and vision test,Healthcare,7447.53,UPI,26-11-2025
Purchased Ray-Ban UV protection sunglasses,Shopping,10812.82,Cash,19-09-2025
Paid for Two-wheeler comprehensive insurance renewal with cash,Transportation,2101.79,UPI,11-04-2025
Amusement park ticket Imagicaa today,Entertainment,750.42,UPI,12-02-2025
Paid for Multivitamin tablets and zinc supplements,Healthcare,2961.83,Debit Card,01-01-2025
Spent on Orthopedic doctor consultation for knee joint with cash,Healthcare,7540.34,Net Banking,25-03-2025
Purchased Health insurance mediclaim annual premium,Healthcare,2405.97,Net Banking,06-08-2025
Purchased Bicycle puncture repair and tube online,Transportation,8785.34,Net Banking,15-12-2025
Payment for Ray-Ban UV protection sunglasses,Shopping,2386.23,Debit Card,28-02-2025
Quick winter jacket and woolen sweater,Shopping,6036.69,Cash,15-11-2025
Order for Tutor private tuition fee for maths online,Education,2439.12,Debit Card,19-04-2025
Recent night taxi fare back home via GPay,Transportation,8805.88,Cash,01-09-2025
Order for Popcorn and nachos combo at cinema hall through app,Entertainment,13022.65,Cash,28-06-2025
Dermatologist consultation for skin acne online,Healthcare,3308.04,Credit Card,20-06-2025
Paid for Casual t-shirts pack from Zara with cash,Shopping,9973.53,Debit Card,23-02-2025
First aid antiseptic Dettol and bandages using card,Healthcare,768.35,Credit Card,23-05-2025
Kitchen knife set and wooden chopping board,Shopping,3624.06,Net Banking,18-05-2025
Expense on house rental payment to landlord,Bills,3020.22,Debit Card,17-10-2025
Payment for JioFiber high speed internet bill through app,Bills,13693.59,Cash,12-10-2025
Kindle academic ebook purchase online,Education,655.84,Net Banking,03-06-2025
Order for GRE exam registration fee ETS via UPI,Education,5878.72,Debit Card,25-06-2025
Order for Mumbai local train monthly pass online,Transportation,13821.72,Cash,21-01-2025
Spent on Jio prepaid mobile phone recharge using card,Bills,7769.29,Net Banking,14-11-2025
Spent on Annual library membership renewal today,Education,6613.31,UPI,27-07-2025
Bought MRI brain scan diagnostic center fee through app,Healthcare,7477.88,Debit Card,03-01-2025
Paid for Tutor private tuition fee for maths online,Education,2171.09,Credit Card,14-06-2025
Order for Hostel accommodation and mess fee via UPI,Education,2306.67,UPI,21-11-2025
Zepto quick grocery order today,Food,8271.98,Cash,11-11-2025
Purchased Intercity bus ticket via RedBus through app,Transportation,9853.62,Debit Card,16-10-2025
Order for Sweets and farsan from sweet shop using card,Food,3761.53,Debit Card,09-02-2025
Payment for Perfume bottle and deodorant spray,Shopping,13088.02,UPI,03-05-2025
Bought N95 masks and sanitizers pack through app,Healthcare,11051.47,Credit Card,01-10-2025
Paid for Petrol refill at Indian Oil pump today,Transportation,11997.23,Cash,19-07-2025
Spent on Haldirams thali lunch with cash,Food,86.97,UPI,24-08-2025
Purchased Two-wheeler comprehensive insurance renewal with cash,Transportation,14545.6,Cash,22-03-2025
Purchased Water park entry ticket with locker,Entertainment,1830.28,Cash,10-12-2025
Payment for Formal cotton shirt and denim jeans today,Shopping,8723.15,Net Banking,24-12-2025
Spent on Mumbai local train monthly pass using card,Transportation,2919.14,Credit Card,26-05-2025
Purchased Car wash and interior vacuuming using card,Transportation,11289.39,UPI,22-10-2025
Payment for Parking slip charges at shopping mall,Transportation,811.29,UPI,04-11-2025
Popcorn and nachos combo at cinema hall,Entertainment,10299.11,Credit Card,10-05-2025
Bought Health insurance mediclaim annual premium today,Healthcare,5201.47,Cash,28-07-2025
Bought Helicopter shuttle ticket via UPI,Transportation,11751.87,UPI,06-09-2025
Flipkart big billion days fashion shopping with cash,Shopping,446.38,Credit Card,24-04-2025
Paid for YouTube Premium family plan renewal,Entertainment,6232.21,Credit Card,14-05-2025
Payment for IMAX 3D cinema ticket INOX,Entertainment,6033.21,Cash,20-01-2025
Payment for Subway sandwich lunch through app,Food,14470.33,UPI,26-02-2025
Spent on Packaged drinking water bottle with cash,Food,8623.48,Cash,13-07-2025
Purchased Self drive car rental Zoomcar via UPI,Transportation,7564.45,UPI,04-11-2025
Order for PlayStation Network PS5 game purchase,Entertainment,6330.92,Cash,24-08-2025
Payment for Art drawing book and acrylic colors with cash,Education,11591.95,UPI,12-04-2025
Paid for Art drawing book and acrylic colors online,Education,1224.99,Credit Card,01-07-2025
Paid for Mumbai local train monthly pass online,Transportation,4600.13,UPI,22-01-2025
Rapido bike taxi ride with cash,Transportation,683.22,Net Banking,06-11-2025
Bought House rental payment to landlord,Bills,2799.76,Debit Card,24-11-2025
Bill payment for commercial office space rent,Bills,4746.18,Cash,21-04-2025
Diesel fuel for car at BPCL online,Transportation,7297.23,Net Banking,05-12-2025
Physics laboratory practical record file today,Education,13885.97,Credit Card,02-05-2025
Gourmet pasta at Italian cafe today,Food,10028.65,UPI,22-06-2025
Purchased Escape room team mystery game ticket with cash,Entertainment,8105.26,UPI,27-03-2025
Online masterclass workshop on AI with cash,Education,7667.13,Cash,12-01-2025
Paid for Spotify music premium annual plan using card,Entertainment,8563.76,Cash,25-08-2025
Spent on Allen career institute installment via UPI,Education,506.51,UPI,18-07-2025
Gourmet pasta at Italian cafe,Food,4118.41,Cash,16-04-2025
Bought Packaged drinking water bottle via UPI,Food,1413.43,UPI,01-04-2025
Payment for Waffle and dessert parlour online,Food,10330.58,Credit Card,15-06-2025
Physiotherapy rehabilitation session,Healthcare,9050.67,UPI,08-08-2025
Recent bsnl landline telephone bill via GPay,Bills,1304.14,Net Banking,20-08-2025
Airtel postpaid monthly mobile bill via UPI,Bills,12808.65,UPI,15-07-2025
Quick spotify music premium annual plan,Entertainment,3831.39,Credit Card,26-02-2025
Spent on IndiGo domestic flight ticket through app,Transportation,7807.44,Credit Card,11-12-2025
Fresh vegetables and fruits from market today,Food,5506.98,Cash,07-10-2025
Purchased IRCTC train ticket booking to Mumbai online,Transportation,4504.79,UPI,14-06-2025
Order for Makeup kit lipstick and foundation Nykaa through app,Shopping,6461.15,Debit Card,25-02-2025
Cricket stadium match ticket IPL using card,Entertainment,13254.93,Cash,26-07-2025
Payment for Diesel fuel for car at BPCL online,Transportation,9001.5,Credit Card,18-06-2025
Purchased Pediatrician consultation for baby child via UPI,Healthcare,1210.36,Net Banking,04-01-2025
Order for Netflix monthly premium 4K subscription through app,Entertainment,12290.9,Net Banking,26-02-2025
Payment for Barbeque Nation buffet dinner,Food,7753.45,UPI,13-11-2025
Spent on Commercial office space rent via UPI,Bills,6925.98,Cash,28-04-2025
Paid for Barbeque Nation buffet dinner with cash,Food,13645.64,Debit Card,06-05-2025
Payment for IELTS language test exam fee through app,Education,9297.25,Net Banking,10-09-2025
Purchased Laptop sleeve and water resistant backpack through app,Shopping,11411.31,Cash,25-11-2025
Bought Mobile back cover and tempered glass screen,Shopping,9307.47,Cash,16-08-2025
Paid for First aid antiseptic Dettol and bandages online,Healthcare,2047.91,Credit Card,09-10-2025
Order for Dinner with family at restaurant via UPI,Food,2720.65,UPI,07-02-2025
Payment for Running sports shoes from Nike store online,Shopping,9796.11,Cash,20-08-2025
Payment for Emergency hospital room casualty charges using card,Healthcare,6813.68,UPI,20-12-2025
Paid for Water park entry ticket with locker with cash,Entertainment,7175.3,Net Banking,25-01-2025
Order for Laptop sleeve and water resistant backpack,Shopping,14674.46,Net Banking,04-12-2025
Running sports shoes from Nike store online,Shopping,124.87,Debit Card,28-04-2025
Bought Scientific calculator Casio fx-991CW using card,Education,13269.08,Credit Card,17-10-2025
Expense on petrol refill at indian oil pump,Transportation,6246.98,Cash,15-12-2025
Spent on Physics laboratory practical record file through app,Education,10179.0,Net Banking,18-09-2025
Spent on Women handbag and leather purse today,Shopping,13824.23,Net Banking,26-08-2025
Order for Arcade video games timezone card recharge through app,Entertainment,14461.93,Credit Card,27-02-2025
Paid for Society monthly maintenance charges with cash,Bills,9297.86,Credit Card,24-06-2025
Charges paid for doctor consultation fee general physician,Healthcare,4822.81,UPI,14-01-2025
Order for Coursera professional certificate course online,Education,12538.61,Cash,17-11-2025
Kindle academic ebook purchase with cash,Education,14252.0,Cash,19-06-2025
Paid for Vi Vodafone Idea recharge pack online,Bills,905.54,Cash,27-01-2025
Expense on sewage and drainage municipal cess,Bills,5051.39,UPI,05-04-2025
Purchased Car wheel alignment and balancing,Transportation,2843.56,Debit Card,25-02-2025
Payment for Board game Catan purchase for game night with cash,Entertainment,723.24,Debit Card,09-10-2025
Spent on School uniform and formal shoes using card,Education,433.61,Net Banking,17-05-2025
Paid for Annual library membership renewal using card,Education,9421.22,UPI,25-02-2025
Bought Popcorn and nachos combo at cinema hall today,Entertainment,7076.23,Credit Card,05-04-2025
Purchased Municipal corporation water tax bill,Bills,2491.17,Debit Card,08-04-2025
Commercial office space rent today,Bills,3142.3,Cash,25-03-2025
Payment for Blinkit grocery delivery today,Food,8645.69,Credit Card,09-07-2025
"Stationery notebook, registers and pens with cash",Education,2640.33,UPI,09-09-2025
Purchased Doctor consultation fee general physician today,Healthcare,1510.13,Credit Card,24-09-2025
Recent bicycle puncture repair and tube via GPay,Transportation,1967.28,UPI,05-05-2025
Order for Cafe coffee day cold coffee online,Food,12002.56,Cash,06-06-2025
Order for Robotics kit and Arduino components for college project via UPI,Education,14978.76,Credit Card,23-07-2025
Paid for GRE exam registration fee ETS using card,Education,9568.19,UPI,12-12-2025
Bought Kitchen knife set and wooden chopping board through app,Shopping,14209.38,UPI,13-05-2025
Spent on Laptop sleeve and water resistant backpack through app,Shopping,11272.26,Cash,24-07-2025
Spent on Starbucks cold brew coffee using card,Food,13172.4,Cash,17-02-2025
Purchased Eye doctor consultation and vision test through app,Healthcare,13529.54,Net Banking,22-03-2025
Purchased Dr Lal Pathlabs CBC and thyroid test online,Healthcare,6972.68,UPI,21-04-2025
Bought Spectacles frame and prescription lenses Lenskart with cash,Healthcare,4201.88,Debit Card,28-03-2025
Bought Sweets and farsan from sweet shop,Food,3904.41,Net Banking,21-04-2025
Ice cream tub from Naturals using card,Food,12080.09,Net Banking,10-08-2025
Makeup kit lipstick and foundation Nykaa online,Shopping,12337.64,Net Banking,27-05-2025
Purchased Bescom power supply bill online,Bills,13020.28,Credit Card,03-11-2025
Paid for Medical entrance coaching class fee online,Education,13101.98,Debit Card,09-01-2025
Purchased Emergency hospital room casualty charges with cash,Healthcare,4246.28,Net Banking,18-09-2025
Paid for Ice cream tub from Naturals via UPI,Food,2355.2,Cash,24-10-2025
Order for Bedsheet set and cotton pillow covers online,Shopping,9128.64,UPI,04-11-2025
Purchased Metro smart card recharge via UPI,Transportation,13849.8,Cash,13-02-2025
Order for Zomato pizza order via UPI,Food,10850.36,Credit Card,14-10-2025
Order for Club entry fee Saturday night party,Entertainment,12444.43,Debit Card,24-09-2025
Health insurance mediclaim annual premium through app,Healthcare,6559.93,UPI,17-04-2025
Health insurance mediclaim annual premium using card,Healthcare,5635.03,Cash,10-12-2025
Paid for Diagnostic chest X-ray digital scan with cash,Healthcare,2270.11,Credit Card,23-12-2025
Spent on Solar rooftop maintenance service charge,Bills,3405.81,Credit Card,08-04-2025
Spent on Prepaid electricity smart meter recharge online,Bills,14593.44,Cash,21-02-2025
Purchased Sewage and drainage municipal cess via UPI,Bills,7074.58,UPI,25-11-2025
Paid for Arcade video games timezone card recharge via UPI,Entertainment,6550.99,UPI,14-12-2025
Paid for Women handbag and leather purse through app,Shopping,8457.54,Net Banking,17-06-2025
Bought Haldirams thali lunch,Food,9123.56,Credit Card,24-07-2025
Order for House rental payment to landlord today,Bills,13439.21,Cash,19-06-2025
Purchased Club entry fee Saturday night party with cash,Entertainment,10207.38,Credit Card,02-12-2025
Order for CNG gas refill for vehicle through app,Transportation,7209.68,Credit Card,02-09-2025
Payment for YouTube Premium family plan renewal via UPI,Entertainment,10168.85,Cash,21-07-2025
Purchased Electricity bill payment Torrent Power online,Bills,14684.5,Cash,14-06-2025
Degree convocation certificate fee online,Education,11656.63,Credit Card,15-02-2025
Order for Airtel broadband fiber bill payment using card,Bills,14643.06,Credit Card,15-02-2025
Order for Ayurvedic medicines from Patanjali store with cash,Healthcare,11563.86,UPI,27-10-2025
Payment for Juice bar fresh mango juice today,Food,10913.45,Net Banking,12-11-2025
Purchased Tutor private tuition fee for maths with cash,Education,6360.12,UPI,03-01-2025
Bought Kitchen knife set and wooden chopping board,Shopping,10099.68,Credit Card,26-03-2025
Laptop sleeve and water resistant backpack,Shopping,9249.89,Net Banking,17-09-2025
MRI brain scan diagnostic center fee through app,Healthcare,6092.9,Debit Card,13-06-2025
IndiGo domestic flight ticket online,Transportation,11074.6,Net Banking,16-05-2025
Purchased Prepaid electricity smart meter recharge today,Bills,6898.41,UPI,11-09-2025
Purchased Orthopedic doctor consultation for knee joint via UPI,Healthcare,14088.75,Debit Card,06-11-2025
Payment for LPG cooking gas cylinder refill Indane via UPI,Bills,11660.12,Cash,23-01-2025
Bought Electricity bill payment Torrent Power using card,Bills,10516.7,Credit Card,24-10-2025
Uber cab ride to office using card,Transportation,9815.27,Debit Card,01-02-2025
Purchased Car engine oil change and service,Transportation,3730.05,Net Banking,22-02-2025
"Quick milk, butter and dairy products",Food,2478.63,Credit Card,19-07-2025
Purchased Allen career institute installment,Education,2299.03,Net Banking,19-11-2025
Bill payment for bike tyre replacement mrf,Transportation,3147.63,Credit Card,15-04-2025
Night taxi fare back home today,Transportation,344.69,Debit Card,02-08-2025
Paid for Non-stick cookware fry pan Hawkins online,Shopping,9266.23,Net Banking,04-06-2025
Order for Cricket stadium match ticket IPL with cash,Entertainment,9815.36,Debit Card,05-01-2025
Weekly vegetable vendor payment,Food,12253.46,UPI,25-04-2025
Expense on jiofiber high speed internet bill,Bills,13241.64,Credit Card,14-09-2025
Order for Physiotherapy rehabilitation session through app,Healthcare,13900.65,Debit Card,11-02-2025
Order for Homeopathy clinic consultation and pills online,Healthcare,4777.32,Net Banking,15-07-2025
Spent on Amazon India online order for clothes,Shopping,2402.96,Debit Card,20-04-2025
Payment for Ayurvedic medicines from Patanjali store with cash,Healthcare,8439.84,Net Banking,05-11-2025
Bill payment for club entry fee saturday night party,Entertainment,8538.58,Net Banking,03-06-2025
Purchased LPG cooking gas cylinder refill Indane via UPI,Bills,4733.74,Debit Card,07-12-2025
Purchased Car engine oil change and service with cash,Transportation,2770.67,UPI,15-10-2025
Paid for Shawarma roll street food online,Food,4724.97,UPI,04-01-2025
Bill payment for multivitamin tablets and zinc supplements,Healthcare,1143.59,Credit Card,09-07-2025
Purchased Adani electricity monthly bill,Bills,1773.41,Net Banking,03-03-2025
Recent water park entry ticket with locker via GPay,Entertainment,4088.78,Cash,08-09-2025
Purchased Leather wallet and formal belt online,Shopping,309.71,Credit Card,05-01-2025
Art museum gallery exhibition entry using card,Entertainment,3487.26,Debit Card,26-04-2025
Spent on Health insurance mediclaim annual premium today,Healthcare,479.77,Debit Card,17-02-2025
Order for LPG cooking gas cylinder refill Indane with cash,Bills,7899.43,Cash,12-09-2025
Spent on Escape room team mystery game ticket,Entertainment,3075.23,Debit Card,10-05-2025
Order for Degree convocation certificate fee via UPI,Education,1014.49,Debit Card,26-01-2025
Spent on Women handbag and leather purse with cash,Shopping,4089.65,Cash,21-01-2025
Bought Theater drama evening show ticket via UPI,Entertainment,690.66,Debit Card,04-01-2025
Order for Laptop sleeve and water resistant backpack using card,Shopping,9486.39,Cash,11-04-2025
Spent on Protein whey powder isolate gym supplement with cash,Healthcare,3147.77,Net Banking,09-08-2025
Paid for Electric scooter charging fee with cash,Transportation,8908.34,Debit Card,27-05-2025
Spent on Parking slip charges at shopping mall,Transportation,9180.54,Net Banking,03-02-2025
Payment for Chai and samosa at tea stall through app,Food,9614.81,Cash,10-06-2025
Payment for Smartwatch fitness tracker noise,Shopping,11634.72,Cash,27-09-2025
Formal cotton shirt and denim jeans online,Shopping,14151.94,UPI,25-04-2025
Coursera professional certificate course through app,Education,10606.22,Cash,11-12-2025
Spent on Amazon India online order for clothes using card,Shopping,10503.92,Credit Card,02-06-2025
Spent on Perfume bottle and deodorant spray,Shopping,3401.91,Credit Card,27-11-2025
Purchased Escape room team mystery game ticket online,Entertainment,8265.81,UPI,08-07-2025
Bought Metro smart card recharge through app,Transportation,2341.9,Debit Card,10-06-2025
Paid for College semester tuition fee with cash,Education,7635.62,Cash,19-12-2025
Paid for Subway train token with cash,Transportation,4610.83,Credit Card,12-06-2025
IMAX 3D cinema ticket INOX with cash,Entertainment,4994.97,Debit Card,21-11-2025
Bought Physics laboratory practical record file today,Education,4962.38,Cash,21-04-2025
Bought Club entry fee Saturday night party,Entertainment,2952.61,Credit Card,07-07-2025
Spent on Airport parking ticket fee through app,Transportation,7616.92,Debit Card,18-03-2025
Dinner with family at restaurant,Food,7168.63,Net Banking,24-12-2025
Casual t-shirts pack from Zara today,Shopping,8353.09,Net Banking,18-12-2025
Order for Bakery fresh bread and cake,Food,4531.3,UPI,12-05-2025
Bought Coursera professional certificate course through app,Education,3108.2,Cash,01-06-2025
Order for Apartment clubhouse utility maintenance through app,Bills,3445.53,Cash,19-01-2025
Spent on Sewage and drainage municipal cess with cash,Bills,6003.33,Cash,27-02-2025
Purchased Bowling alley game session at Smaaash via UPI,Entertainment,8347.26,Debit Card,02-08-2025
Paid for Robotics kit and Arduino components for college project via UPI,Education,14847.13,Cash,15-12-2025
Spent on Car wheel alignment and balancing through app,Transportation,8558.08,Net Banking,06-09-2025
Bought Eye doctor consultation and vision test via UPI,Healthcare,9814.95,Credit Card,22-10-2025
Spent on Electricity bill payment Torrent Power through app,Bills,11710.07,Cash,28-09-2025
Purchased Engineering textbooks and reference notes through app,Education,14270.98,Cash,08-03-2025
Expense on root canal treatment session at dentist,Healthcare,13100.17,Cash,21-11-2025
Purchased House rental payment to landlord,Bills,8021.4,Credit Card,13-01-2025
Order for Spectacles frame and prescription lenses Lenskart online,Healthcare,4601.21,Net Banking,04-05-2025
Payment for Dinner with family at restaurant using card,Food,14722.14,Net Banking,03-08-2025
Spent on Dominos cheese pizza with cash,Food,2728.22,Cash,22-03-2025
Payment for Bakery fresh bread and cake,Food,6773.5,Debit Card,28-02-2025
Spent on Physiotherapy rehabilitation session using card,Healthcare,2141.97,Net Banking,20-04-2025
Charges paid for kindle academic ebook purchase,Education,5037.55,Credit Card,09-01-2025
Bought Dinner with family at restaurant today,Food,191.28,Credit Card,03-08-2025
Order for Car wash and interior vacuuming via UPI,Transportation,12647.46,Debit Card,13-10-2025
Paid for Robotics kit and Arduino components for college project through app,Education,13185.82,Debit Card,26-05-2025
College semester tuition fee with cash,Education,905.85,Cash,01-12-2025
Bought Art drawing book and acrylic colors with cash,Education,2634.69,Cash,12-08-2025
Paid for Shawarma roll street food with cash,Food,9364.72,Cash,26-07-2025
Quick diesel fuel for car at bpcl,Transportation,5495.91,Credit Card,08-03-2025
Bought Apartment clubhouse utility maintenance with cash,Bills,14312.03,Net Banking,19-01-2025
Bought Tata Play DTH satellite dish recharge using card,Bills,12887.03,Credit Card,09-11-2025
Recent physics laboratory practical record file via GPay,Education,14305.72,Credit Card,14-10-2025
Expense on weekend stand-up comedy live show ticket,Entertainment,4341.63,Net Banking,12-06-2025
Charges paid for women handbag and leather purse,Shopping,14331.81,Debit Card,11-06-2025
Bought Fresh vegetables and fruits from market,Food,12219.69,UPI,20-11-2025
Purchased Coursera professional certificate course,Education,13191.17,UPI,16-10-2025
Bought Commercial office space rent via UPI,Bills,10649.68,Credit Card,03-10-2025
Bus ticket conductor cash payment through app,Transportation,12717.64,UPI,27-09-2025
Purchased Perfume bottle and deodorant spray with cash,Shopping,12027.38,Debit Card,07-03-2025
Piped natural gas PNG bill Adani Gas with cash,Bills,11022.57,Cash,24-02-2025
Emergency hospital room casualty charges via UPI,Healthcare,9075.36,UPI,02-11-2025
Quick car wash and interior vacuuming,Transportation,13690.03,Credit Card,01-09-2025
Payment for Starbucks cold brew coffee online,Food,5847.6,UPI,24-09-2025
Paid for Medicines purchased from Apollo Pharmacy with cash,Healthcare,4714.7,Cash,03-06-2025
Spent on Swiggy food delivery using card,Food,7508.43,Cash,16-01-2025
Paid for Dermatologist consultation for skin acne through app,Healthcare,7763.56,Net Banking,14-09-2025
Bought Netflix monthly premium 4K subscription using card,Entertainment,7402.68,Credit Card,09-04-2025
Paid for Coursera professional certificate course online,Education,5945.47,UPI,26-01-2025
Purchased Shawarma roll street food,Food,9839.08,Cash,20-08-2025
Order for University examination form fee through app,Education,7954.99,Credit Card,24-08-2025
Payment for Medical entrance coaching class fee today,Education,3952.52,Debit Card,19-08-2025
Purchased Pediatrician consultation for baby child through app,Healthcare,2569.08,Cash,24-02-2025
Bedsheet set and cotton pillow covers with cash,Shopping,966.39,Cash,05-09-2025
Payment for Popcorn and nachos combo at cinema hall,Entertainment,7911.31,UPI,23-07-2025
Paid for Intercity bus ticket via RedBus using card,Transportation,3633.15,Cash,13-05-2025
Bought School uniform and formal shoes through app,Education,9379.81,UPI,13-12-2025
Purchased Allen career institute installment today,Education,3113.51,Credit Card,22-02-2025
Order for Discord Nitro monthly renewal online,Entertainment,12677.83,Debit Card,14-08-2025
Bought Wireless bluetooth neckband earphones today,Shopping,13147.42,UPI,10-01-2025
Order for Art museum gallery exhibition entry today,Entertainment,13046.88,Net Banking,03-12-2025
Paid for Dominos cheese pizza today,Food,1059.61,Debit Card,07-01-2025
Paid for Flipkart big billion days fashion shopping using card,Shopping,10216.76,UPI,13-10-2025
Payment for Swiggy food delivery via UPI,Food,10314.16,Credit Card,03-02-2025
Bought Theater drama evening show ticket with cash,Entertainment,8290.81,UPI,07-04-2025
Purchased School uniform and formal shoes today,Education,3488.79,UPI,01-02-2025
Spent on Casual t-shirts pack from Zara today,Shopping,2383.63,Debit Card,19-04-2025
Pediatrician consultation for baby child today,Healthcare,437.06,Net Banking,28-01-2025
Purchased Perfume bottle and deodorant spray online,Shopping,2559.05,Net Banking,12-04-2025
Quick discord nitro monthly renewal,Entertainment,101.77,Credit Card,25-08-2025
Mumbai local train monthly pass via UPI,Transportation,14034.45,Cash,28-08-2025
Payment for Chinese noodles and fried rice with cash,Food,12199.0,Cash,13-10-2025
Order for Ayurvedic medicines from Patanjali store through app,Healthcare,7039.7,Cash,20-09-2025
IELTS language test exam fee online,Education,5799.5,Cash,17-11-2025
Spent on College semester tuition fee,Education,8177.87,UPI,08-09-2025
Intercity bus ticket via RedBus with cash,Transportation,13901.46,Credit Card,08-08-2025
Payment for Online masterclass workshop on AI using card,Education,8599.66,Net Banking,13-06-2025
House rental payment to landlord with cash,Bills,11251.54,Net Banking,13-01-2025
Bought Kitchen knife set and wooden chopping board with cash,Shopping,9023.03,Net Banking,13-07-2025
Order for Swiggy food delivery,Food,8419.74,Net Banking,08-07-2025
Order for Two-wheeler comprehensive insurance renewal today,Transportation,11822.75,Cash,01-08-2025
Order for Engineering textbooks and reference notes through app,Education,11556.81,Net Banking,19-06-2025
Bought Night taxi fare back home today,Transportation,5956.21,Net Banking,04-04-2025
Order for Cable TV network monthly operator fee online,Bills,2599.77,Debit Card,14-08-2025
Purchased School annual sports and picnic fee with cash,Education,4373.4,UPI,13-11-2025
Order for Paneer tikka and naan dinner through app,Food,10051.88,Credit Card,03-09-2025
Sweets and farsan from sweet shop,Food,8008.48,Cash,10-08-2025
Paid for Protein whey powder isolate gym supplement through app,Healthcare,1127.92,Debit Card,06-12-2025
Purchased Casual t-shirts pack from Zara via UPI,Shopping,4625.63,Net Banking,06-06-2025
Order for Ethnic kurta pajama from Manyavar through app,Shopping,7452.18,Cash,16-02-2025
Spent on Flipkart big billion days fashion shopping with cash,Shopping,14710.13,Cash,05-09-2025
Spent on Root canal treatment session at dentist through app,Healthcare,3115.19,Cash,21-09-2025
Payment for FASTag highway toll recharge today,Transportation,14233.23,Debit Card,18-07-2025
Paid for BookMyShow movie ticket PVR Cinemas today,Entertainment,4620.66,Debit Card,27-11-2025
Payment for Electricity bill payment Torrent Power today,Bills,14718.26,Cash,26-07-2025
Purchased Theater drama evening show ticket through app,Entertainment,10702.64,Net Banking,10-03-2025
Payment for Airtel broadband fiber bill payment with cash,Bills,10136.28,Debit Card,08-10-2025
Purchased Late night snacks delivery with cash,Food,11732.45,Debit Card,19-09-2025
Payment for Metro smart card recharge through app,Transportation,5487.87,Credit Card,04-04-2025
South Indian breakfast dosa and idli,Food,7262.89,Debit Card,18-09-2025
"Milk, butter and dairy products through app",Food,12363.92,Debit Card,22-11-2025
Arcade video games timezone card recharge,Entertainment,3739.39,Debit Card,11-12-2025
Paid for Kindle academic ebook purchase via UPI,Education,6649.01,Debit Card,06-04-2025
Purchased KFC fried chicken online,Food,8154.76,Credit Card,16-01-2025
Order for Society monthly maintenance charges with cash,Bills,7301.65,Net Banking,20-06-2025
Order for Blinkit grocery delivery,Food,2682.7,Cash,11-12-2025
Spent on Water park entry ticket with locker today,Entertainment,11250.56,Net Banking,27-11-2025
Recent irctc train ticket booking to mumbai via GPay,Transportation,11071.68,Credit Card,14-04-2025
Bill payment for intercity bus ticket via redbus,Transportation,9738.29,Debit Card,25-01-2025
Spent on Scientific calculator Casio fx-991CW through app,Education,12862.51,Cash,14-09-2025
Payment for JioFiber high speed internet bill via UPI,Bills,4816.94,Cash,17-02-2025
IMAX 3D cinema ticket INOX today,Entertainment,11091.92,Cash,26-02-2025
Weekend stand-up comedy live show ticket via UPI,Entertainment,6093.98,Credit Card,08-11-2025
Prepaid electricity smart meter recharge,Bills,4998.98,UPI,20-08-2025
Purchased Rapido bike taxi ride online,Transportation,7403.7,Credit Card,01-02-2025
Paid for Dominos cheese pizza via UPI,Food,12785.47,Credit Card,03-08-2025
Bought Protein whey powder isolate gym supplement through app,Healthcare,14188.34,UPI,14-07-2025
Barbeque Nation buffet dinner online,Food,14147.26,Net Banking,12-05-2025
Payment for Airtel broadband fiber bill payment through app,Bills,1729.89,Debit Card,14-08-2025
Bought MRI brain scan diagnostic center fee using card,Healthcare,2868.45,Credit Card,04-07-2025
Bought Intercity bus ticket via RedBus via UPI,Transportation,7858.9,UPI,13-10-2025
Bought Chai and samosa at tea stall via UPI,Food,7887.27,Cash,25-07-2025
Spent on Uber cab ride to office online,Transportation,10440.8,UPI,24-03-2025
Paid for YouTube Premium family plan renewal using card,Entertainment,10852.08,Credit Card,14-05-2025
Bought Formal cotton shirt and denim jeans using card,Shopping,3535.94,Net Banking,15-12-2025
Payment for Root canal treatment session at dentist online,Healthcare,6333.26,Credit Card,21-04-2025
Payment for Art museum gallery exhibition entry through app,Entertainment,2943.44,Cash,26-09-2025
Paid for Perfume bottle and deodorant spray using card,Shopping,6667.39,Net Banking,15-12-2025
Spent on Multivitamin tablets and zinc supplements with cash,Healthcare,8568.47,Cash,19-12-2025
Paid for Root canal treatment session at dentist via UPI,Healthcare,7182.11,Debit Card,19-10-2025
Spent on School uniform and formal shoes,Education,9187.63,UPI,06-08-2025
Bill payment for physiotherapy rehabilitation session,Healthcare,13076.85,UPI,26-11-2025
Payment for Ray-Ban UV protection sunglasses with cash,Shopping,787.25,UPI,26-11-2025
Order for Orthopedic doctor consultation for knee joint with cash,Healthcare,255.42,Debit Card,18-06-2025
Paid for Scientific calculator Casio fx-991CW online,Education,1230.05,Cash,03-09-2025
Paid for Health insurance mediclaim annual premium,Healthcare,10031.13,UPI,08-11-2025
Bought Engineering textbooks and reference notes today,Education,653.73,Net Banking,15-01-2025
Purchased Formal cotton shirt and denim jeans through app,Shopping,14724.77,Debit Card,18-06-2025
Spectacles frame and prescription lenses Lenskart with cash,Healthcare,4595.48,Net Banking,12-07-2025
Bill payment for mobile back cover and tempered glass screen,Shopping,6984.99,Debit Card,18-07-2025
Paid for IELTS language test exam fee through app,Education,1869.46,Cash,03-05-2025
Spent on Gourmet pasta at Italian cafe via UPI,Food,9461.24,Credit Card,28-11-2025
Purchased House rental payment to landlord via UPI,Bills,4287.16,UPI,19-07-2025
Payment for Makeup kit lipstick and foundation Nykaa via UPI,Shopping,8145.39,Cash,25-11-2025
Purchased LPG cooking gas cylinder refill Indane today,Bills,13755.62,UPI,26-11-2025
Recent jio prepaid mobile phone recharge via GPay,Bills,2212.43,Net Banking,14-05-2025
Petrol refill at Indian Oil pump today,Transportation,11008.98,Credit Card,06-06-2025
Paid for Egg and bread breakfast with cash,Food,11246.97,UPI,10-01-2025
Bill payment for perfume bottle and deodorant spray,Shopping,110.89,Credit Card,16-10-2025
Purchased McDonalds burger meal through app,Food,7339.33,Credit Card,11-11-2025
Purchased Bedsheet set and cotton pillow covers through app,Shopping,13723.8,Credit Card,27-06-2025
Bought Degree convocation certificate fee using card,Education,14499.96,Debit Card,15-03-2025
Quick dominos cheese pizza,Food,1754.65,Credit Card,01-06-2025
Spent on BookMyShow movie ticket PVR Cinemas,Entertainment,8587.67,Credit Card,22-12-2025
Purchased Weekly vegetable vendor payment with cash,Food,8267.49,Debit Card,22-02-2025
Bought Formal cotton shirt and denim jeans through app,Shopping,12966.55,Cash,13-07-2025
Order for Laptop sleeve and water resistant backpack via UPI,Shopping,9875.78,UPI,11-07-2025
Spent on Morning coffee and cookies using card,Food,10449.18,UPI,28-07-2025
Payment for Amusement park ticket Imagicaa using card,Entertainment,8742.56,UPI,06-07-2025
Charges paid for morning coffee and cookies,Food,11053.03,Credit Card,10-01-2025
Spent on Dental clinic teeth cleaning and scaling via UPI,Healthcare,5915.03,Cash,20-02-2025
Purchased Diagnostic chest X-ray digital scan using card,Healthcare,7241.66,Credit Card,19-09-2025
Spent on IndiGo domestic flight ticket today,Transportation,13935.87,Debit Card,08-04-2025
Paid for PlayStation Network PS5 game purchase,Entertainment,189.32,UPI,05-06-2025
Spent on Amazon Prime Video annual membership through app,Entertainment,14936.4,UPI,01-05-2025
Spent on Orthopedic doctor consultation for knee joint via UPI,Healthcare,5153.91,Net Banking,16-08-2025
Spent on IELTS language test exam fee via UPI,Education,14913.17,UPI,26-11-2025
Bought Allen career institute installment with cash,Education,2880.79,Net Banking,26-02-2025
Charges paid for momos and soup stall,Food,10525.65,Debit Card,12-07-2025
Theater drama evening show ticket using card,Entertainment,4748.35,Debit Card,14-08-2025
Paid for Root canal treatment session at dentist today,Healthcare,456.84,Debit Card,13-06-2025
Spent on Online masterclass workshop on AI using card,Education,9178.06,Credit Card,11-03-2025
Spent on Club entry fee Saturday night party using card,Entertainment,11067.81,Cash,27-04-2025
Spent on Society monthly maintenance charges today,Bills,4798.39,Net Banking,26-08-2025
Paid for Music concert festival pass,Entertainment,10451.66,Net Banking,13-04-2025
Spent on KFC fried chicken today,Food,13807.39,Credit Card,28-01-2025
Order for Winter jacket and woolen sweater online,Shopping,12020.51,Credit Card,05-12-2025
Order for Online masterclass workshop on AI using card,Education,6805.36,Cash,17-08-2025
Bought Discord Nitro monthly renewal today,Entertainment,755.1,Debit Card,20-02-2025
Paid for University examination form fee online,Education,6119.53,UPI,09-03-2025
Steam PC gaming summer sale purchase online,Entertainment,12423.71,UPI,16-11-2025
Emergency hospital room casualty charges using card,Healthcare,3186.32,Net Banking,07-12-2025
Expense on eye doctor consultation and vision test,Healthcare,14730.52,Cash,08-01-2025
Paid for Casual t-shirts pack from Zara,Shopping,11947.89,Debit Card,20-07-2025
Purchased Dr Lal Pathlabs CBC and thyroid test through app,Healthcare,3867.51,Net Banking,12-06-2025
Payment for Perfume bottle and deodorant spray through app,Shopping,1033.34,Debit Card,05-10-2025
Bought YouTube Premium family plan renewal through app,Entertainment,14894.8,Credit Card,03-03-2025
Bought Medical entrance coaching class fee through app,Education,10893.46,Cash,26-02-2025
Order for Orthopedic doctor consultation for knee joint through app,Healthcare,10105.99,Debit Card,25-07-2025
Paid for Parking slip charges at shopping mall through app,Transportation,8601.32,Debit Card,18-11-2025
Order for Vi Vodafone Idea recharge pack with cash,Bills,12618.16,Credit Card,11-02-2025
Recent cafe coffee day cold coffee via GPay,Food,5926.23,Credit Card,24-04-2025
Instamart snacks and cold drinks,Food,4412.58,UPI,16-02-2025
Payment for Society monthly maintenance charges today,Bills,1566.53,Debit Card,09-09-2025
Paid for Multivitamin tablets and zinc supplements today,Healthcare,3164.27,UPI,12-10-2025
Payment for Home decor flower vase and curtains via UPI,Shopping,5025.81,UPI,16-08-2025
Order for Winter jacket and woolen sweater via UPI,Shopping,3229.57,UPI,07-02-2025
Payment for Dr Lal Pathlabs CBC and thyroid test with cash,Healthcare,4991.63,Cash,13-06-2025
Purchased Starbucks cold brew coffee through app,Food,6540.72,UPI,06-05-2025
Spent on Cable TV network monthly operator fee using card,Bills,7453.01,Cash,16-03-2025
Bought Medplus generic pharmacy medicine bill via UPI,Healthcare,1541.54,Cash,21-09-2025
Paid for Late night snacks delivery using card,Food,1399.35,Credit Card,20-04-2025
Zepto quick grocery order,Food,3141.34,Credit Card,27-04-2025
Order for Electric scooter charging fee via UPI,Transportation,5278.34,Credit Card,13-06-2025
Payment for Bescom power supply bill using card,Bills,11839.11,UPI,03-05-2025
Order for Doctor consultation fee general physician today,Healthcare,638.7,Debit Card,25-01-2025
Spent on Medplus generic pharmacy medicine bill with cash,Healthcare,9751.53,UPI,11-11-2025
Purchased CNG gas refill for vehicle today,Transportation,3580.14,Credit Card,04-03-2025
Bill payment for art drawing book and acrylic colors,Education,14158.53,UPI,08-06-2025
Order for Airtel Digital TV subscription through app,Bills,4362.03,Credit Card,12-10-2025
Purchased First aid antiseptic Dettol and bandages online,Healthcare,3491.16,Cash,17-03-2025
Order for Ola cab to airport using card,Transportation,9920.41,UPI,21-06-2025
Paid for Spotify music premium annual plan,Entertainment,11451.46,Debit Card,14-07-2025
Bill payment for airtel digital tv subscription,Bills,6625.94,Debit Card,05-12-2025
Ethnic kurta pajama from Manyavar with cash,Shopping,716.88,Credit Card,06-05-2025
Payment for Mineral water jar refill via UPI,Food,14280.04,Net Banking,05-04-2025
Payment for Solar rooftop maintenance service charge today,Bills,2502.19,Credit Card,10-10-2025
Bought Mumbai local train monthly pass via UPI,Transportation,5474.12,UPI,12-01-2025
Paid for Arcade video games timezone card recharge today,Entertainment,4015.06,Debit Card,01-10-2025
Purchased Amazon Prime Video annual membership using card,Entertainment,3814.7,Debit Card,06-10-2025
Bought Non-stick cookware fry pan Hawkins,Shopping,1051.42,Credit Card,21-07-2025
Paid for Physics laboratory practical record file online,Education,14407.16,Cash,22-05-2025
Paid for Home decor flower vase and curtains with cash,Shopping,9336.01,Credit Card,13-01-2025
Paid for Bicycle puncture repair and tube today,Transportation,7431.01,Net Banking,10-08-2025
Order for Adani electricity monthly bill today,Bills,243.25,Net Banking,08-10-2025
Payment for CNG gas refill for vehicle through app,Transportation,4961.85,Debit Card,04-01-2025
Bought Night taxi fare back home,Transportation,14511.08,UPI,09-08-2025
Late night snacks delivery via UPI,Food,6866.1,Cash,20-09-2025
Spent on Zepto quick grocery order via UPI,Food,6921.97,Cash,11-09-2025
Order for Protein whey powder isolate gym supplement using card,Healthcare,14561.89,Net Banking,11-07-2025
Bought Late night snacks delivery through app,Food,10281.3,Credit Card,20-02-2025
Charges paid for leather wallet and formal belt,Shopping,2017.36,Credit Card,17-01-2025
Purchased Club entry fee Saturday night party using card,Entertainment,8193.3,Net Banking,25-11-2025
Bought Delhi metro card topup with cash,Transportation,2734.69,Cash,24-07-2025
Bought Bowling alley game session at Smaaash,Entertainment,9164.6,Debit Card,25-06-2025
Paid for IRCTC train ticket booking to Mumbai online,Transportation,3638.55,UPI,06-10-2025
Quick tata play dth satellite dish recharge,Bills,11460.88,Debit Card,03-06-2025
IRCTC train ticket booking to Mumbai online,Transportation,12649.12,Credit Card,04-10-2025
Payment for School uniform and formal shoes via UPI,Education,3203.48,Cash,22-10-2025
Amazon India online order for clothes using card,Shopping,14818.67,Cash,07-05-2025
House rental payment to landlord,Bills,8036.08,Net Banking,22-11-2025
GRE exam registration fee ETS through app,Education,1498.0,Debit Card,01-10-2025
Spent on Theater drama evening show ticket via UPI,Entertainment,13848.09,Net Banking,14-02-2025
Paid for Physiotherapy rehabilitation session online,Healthcare,11155.26,Credit Card,19-02-2025
Dominos cheese pizza with cash,Food,3685.96,Credit Card,10-11-2025
Purchased Arcade video games timezone card recharge via UPI,Entertainment,458.38,Credit Card,02-09-2025
Spectacles frame and prescription lenses Lenskart today,Healthcare,3063.78,Net Banking,18-07-2025
Purchased South Indian breakfast dosa and idli using card,Food,9306.69,Credit Card,21-05-2025
Paid for Board game Catan purchase for game night using card,Entertainment,5646.71,Debit Card,28-03-2025
Purchased McDonalds burger meal online,Food,7088.17,Debit Card,24-09-2025
Order for Jio prepaid mobile phone recharge,Bills,14450.5,Net Banking,02-11-2025
Expense on ayurvedic medicines from patanjali store,Healthcare,2996.25,Credit Card,25-10-2025
Bill payment for spotify music premium annual plan,Entertainment,8047.47,Credit Card,26-09-2025
Payment for Dr Lal Pathlabs CBC and thyroid test today,Healthcare,1617.94,Net Banking,04-03-2025
Purchased Lunch at office cafeteria using card,Food,940.36,Credit Card,19-12-2025
Purchased Medicines purchased from Apollo Pharmacy with cash,Healthcare,6464.89,UPI,12-10-2025
Order for Car engine oil change and service via UPI,Transportation,12077.34,Debit Card,09-07-2025
Purchased Society monthly maintenance charges via UPI,Bills,1662.44,Net Banking,25-05-2025
Bought Electricity bill payment Torrent Power,Bills,13466.52,Debit Card,19-10-2025
Purchased Two wheeler periodic servicing,Transportation,10226.17,Net Banking,01-07-2025
Car third party insurance policy via UPI,Transportation,4354.28,Net Banking,12-12-2025
Payment for Biryani combo meal from Behrouz via UPI,Food,3652.48,Cash,17-05-2025
Disney+ Hotstar sports subscription with cash,Entertainment,7154.51,UPI,10-09-2025
Order for Supermarket monthly ration purchase with cash,Food,5290.24,Cash,04-07-2025
Spent on Bicycle puncture repair and tube online,Transportation,12090.54,Cash,19-12-2025
Order for Spotify music premium annual plan today,Entertainment,8945.58,Credit Card,06-02-2025
Electric scooter charging fee using card,Transportation,9151.36,UPI,01-11-2025
Paid for Weekend stand-up comedy live show ticket with cash,Entertainment,8059.99,Net Banking,10-01-2025
Payment for Health insurance mediclaim annual premium,Healthcare,10641.02,Net Banking,11-05-2025
Commercial office space rent using card,Bills,4163.96,Net Banking,23-02-2025
Order for Medicines purchased from Apollo Pharmacy via UPI,Healthcare,5025.13,UPI,18-10-2025
Sewage and drainage municipal cess online,Bills,10127.87,Credit Card,20-05-2025
Purchased Medicines purchased from Apollo Pharmacy using card,Healthcare,10168.62,Debit Card,19-11-2025
Purchased Supermarket monthly ration purchase,Food,9728.33,Credit Card,09-11-2025
Quick spectacles frame and prescription lenses lenskart,Healthcare,307.04,UPI,01-05-2025
Purchased Mineral water jar refill today,Food,861.31,Debit Card,18-02-2025
College semester tuition fee,Education,12798.49,Net Banking,03-03-2025
Purchased IMAX 3D cinema ticket INOX using card,Entertainment,7960.36,Debit Card,11-02-2025
Paid for Mineral water jar refill through app,Food,12775.65,Net Banking,02-11-2025
N95 masks and sanitizers pack,Healthcare,395.86,Credit Card,03-05-2025
Paid for Mobile back cover and tempered glass screen through app,Shopping,10433.12,Credit Card,05-06-2025
Payment for MRI brain scan diagnostic center fee with cash,Healthcare,5525.7,Credit Card,18-03-2025
Order for Flipkart big billion days fashion shopping with cash,Shopping,7454.88,Credit Card,07-12-2025
Payment for Blinkit grocery delivery through app,Food,2377.98,UPI,01-09-2025
Order for Society monthly maintenance charges online,Bills,10831.66,UPI,28-08-2025
Paid for Allen career institute installment through app,Education,13664.42,UPI,07-08-2025
Order for Health insurance mediclaim annual premium through app,Healthcare,9675.54,Net Banking,02-07-2025
Bought School admission registration fee through app,Education,14335.41,Cash,17-07-2025
Order for Rapido bike taxi ride through app,Transportation,9264.41,UPI,10-04-2025
Tutor private tuition fee for maths today,Education,11707.39,UPI,06-06-2025
Payment for Home decor flower vase and curtains using card,Shopping,8491.44,Net Banking,23-06-2025
Paid for Adani electricity monthly bill online,Bills,10498.58,Cash,27-01-2025
Bought IMAX 3D cinema ticket INOX using card,Entertainment,9127.78,Debit Card,10-10-2025
Order for Haldirams thali lunch via UPI,Food,3296.96,Net Banking,10-08-2025
Paid for Adani electricity monthly bill via UPI,Bills,10088.02,Cash,13-03-2025
Paid for Airtel postpaid monthly mobile bill with cash,Bills,11528.29,Cash,15-11-2025
Bought IMAX 3D cinema ticket INOX with cash,Entertainment,14200.23,Debit Card,01-08-2025
Order for Paneer tikka and naan dinner with cash,Food,1140.95,UPI,06-08-2025
Spent on Makeup kit lipstick and foundation Nykaa via UPI,Shopping,12772.4,Net Banking,19-06-2025
"Order for Milk, butter and dairy products via UPI",Food,9411.38,Net Banking,01-02-2025
Order for Pediatrician consultation for baby child via UPI,Healthcare,1122.63,Cash,26-02-2025
Payment for Dental clinic teeth cleaning and scaling using card,Healthcare,13719.88,Net Banking,07-06-2025
Payment for CNG gas refill for vehicle online,Transportation,8122.22,Credit Card,14-07-2025
Order for Car third party insurance policy online,Transportation,9632.45,UPI,28-06-2025
Spent on Non-stick cookware fry pan Hawkins via UPI,Shopping,8717.1,Cash,07-10-2025
Payment for Wireless bluetooth neckband earphones today,Shopping,12992.02,UPI,21-09-2025
Purchased Bus ticket conductor cash payment using card,Transportation,14157.46,UPI,11-06-2025
Bike tyre replacement MRF,Transportation,241.87,Cash,24-12-2025
Bought Bike tyre replacement MRF online,Transportation,3041.13,Debit Card,11-10-2025
Payment for Degree convocation certificate fee today,Education,2085.07,UPI,02-01-2025
Recent bike tyre replacement mrf via GPay,Transportation,565.89,Debit Card,21-12-2025
Paid for Dr Lal Pathlabs CBC and thyroid test,Healthcare,372.52,UPI,24-04-2025
Purchased Diagnostic chest X-ray digital scan online,Healthcare,14369.43,Net Banking,26-06-2025
Payment for First aid antiseptic Dettol and bandages online,Healthcare,1477.25,Credit Card,28-02-2025
Order for Root canal treatment session at dentist online,Healthcare,9544.09,UPI,23-06-2025
Bought Kindle academic ebook purchase with cash,Education,1860.84,UPI,01-03-2025
Bought Diagnostic chest X-ray digital scan today,Healthcare,12365.77,UPI,19-04-2025
Payment for MRI brain scan diagnostic center fee today,Healthcare,753.78,Cash,05-04-2025
Order for Municipal corporation water tax bill through app,Bills,1464.02,Net Banking,27-02-2025
Purchased Ethnic kurta pajama from Manyavar today,Shopping,5970.24,Credit Card,27-01-2025
Purchased Spectacles frame and prescription lenses Lenskart today,Healthcare,11091.1,Cash,05-01-2025
Purchased Airport parking ticket fee today,Transportation,957.53,UPI,14-10-2025
Dr Lal Pathlabs CBC and thyroid test through app,Healthcare,6738.31,Net Banking,27-08-2025
Paid for Water park entry ticket with locker today,Entertainment,13885.54,Net Banking,26-06-2025
Paid for College semester tuition fee through app,Education,13376.44,Cash,10-05-2025
Toll plaza tax cash payment,Transportation,12875.93,Debit Card,14-06-2025
Spent on Cricket stadium match ticket IPL today,Entertainment,215.84,Cash,10-06-2025
Order for Juice bar fresh mango juice today,Food,14747.58,Net Banking,16-01-2025
Payment for Theater drama evening show ticket with cash,Entertainment,12465.03,Credit Card,10-06-2025
Order for Helicopter shuttle ticket with cash,Transportation,5623.83,Debit Card,12-06-2025
Perfume bottle and deodorant spray with cash,Shopping,7226.25,Debit Card,10-04-2025
Engineering textbooks and reference notes online,Education,1232.02,Debit Card,23-02-2025
Spent on Society monthly maintenance charges online,Bills,14047.56,Credit Card,24-11-2025
Spent on Leather wallet and formal belt,Shopping,13028.93,Net Banking,11-10-2025
Order for Perfume bottle and deodorant spray today,Shopping,10804.15,UPI,24-10-2025
Order for Electricity bill payment Torrent Power,Bills,9072.38,Cash,11-08-2025
Expense on indigo domestic flight ticket,Transportation,10408.25,Credit Card,06-04-2025
Car wash and interior vacuuming today,Transportation,706.38,UPI,07-04-2025
Momos and soup stall with cash,Food,12432.37,UPI,25-12-2025
Spent on Vi Vodafone Idea recharge pack online,Bills,10813.15,Debit Card,17-06-2025
Payment for Paneer tikka and naan dinner through app,Food,1069.24,Cash,06-07-2025
Bought Street food pav bhaji and chaat via UPI,Food,9037.07,UPI,08-05-2025
Vi Vodafone Idea recharge pack with cash,Bills,2431.98,UPI,16-09-2025
Purchased Jio prepaid mobile phone recharge using card,Bills,4459.38,UPI,23-12-2025
Quick mcdonalds burger meal,Food,10392.67,Credit Card,24-03-2025
Spent on Paneer tikka and naan dinner online,Food,6038.7,Cash,18-04-2025
Spectacles frame and prescription lenses Lenskart online,Healthcare,641.35,Debit Card,05-02-2025
"Purchased Milk, butter and dairy products with cash",Food,8926.18,Cash,27-09-2025
Purchased Udemy python programming bootcamp online,Education,1396.36,Cash,15-09-2025
Paid for Commercial office space rent using card,Bills,9245.75,Debit Card,19-11-2025
Bought Barbeque Nation buffet dinner using card,Food,9900.42,UPI,27-03-2025
Order for Emergency hospital room casualty charges,Healthcare,11271.42,Cash,28-06-2025
Payment for First aid antiseptic Dettol and bandages,Healthcare,12258.48,Cash,23-05-2025
Payment for Flipkart big billion days fashion shopping with cash,Shopping,7646.97,Net Banking,10-08-2025
Purchased Leather wallet and formal belt today,Shopping,2271.75,Credit Card,23-12-2025
Payment for Airtel broadband fiber bill payment online,Bills,4535.92,Cash,07-10-2025
Bill payment for orthopedic doctor consultation for knee joint,Healthcare,5874.7,UPI,20-04-2025
Purchased Makeup kit lipstick and foundation Nykaa online,Shopping,6892.98,Net Banking,20-05-2025
Bought Popcorn and nachos combo at cinema hall via UPI,Entertainment,4784.04,UPI,26-10-2025
Bought Full body blood diagnostic test SRL Labs via UPI,Healthcare,5665.65,Debit Card,26-02-2025
Purchased Ayurvedic medicines from Patanjali store,Healthcare,4333.11,UPI,06-12-2025
Bought Tata Play DTH satellite dish recharge today,Bills,2268.03,UPI,09-06-2025
Spent on Lunch at office cafeteria,Food,13192.18,Net Banking,01-02-2025
Paid for Udemy python programming bootcamp online,Education,3101.16,Net Banking,18-12-2025
Purchased Lunch at office cafeteria through app,Food,10588.27,Net Banking,11-08-2025
Payment for CNG gas refill for vehicle via UPI,Transportation,681.38,Debit Card,27-10-2025
Spent on Electricity bill payment Torrent Power using card,Bills,2765.14,UPI,26-03-2025
Payment for IMAX 3D cinema ticket INOX with cash,Entertainment,1633.13,Debit Card,23-04-2025
Payment for Starbucks cold brew coffee today,Food,4843.94,Credit Card,16-06-2025
Purchased Prepaid electricity smart meter recharge using card,Bills,12038.33,Net Banking,28-05-2025
Art museum gallery exhibition entry with cash,Entertainment,9056.85,Net Banking,18-06-2025
Payment for Water park entry ticket with locker,Entertainment,1389.09,UPI,21-05-2025
Payment for Kitchen knife set and wooden chopping board via UPI,Shopping,8441.26,Net Banking,27-04-2025
College semester tuition fee online,Education,11649.14,Net Banking,07-03-2025
Payment for Bike tyre replacement MRF,Transportation,5914.67,Net Banking,22-08-2025
Spent on LPG cooking gas cylinder refill Indane using card,Bills,13205.62,Debit Card,26-07-2025
Recent supermarket monthly ration purchase via GPay,Food,5526.99,Cash,23-02-2025
Payment for N95 masks and sanitizers pack with cash,Healthcare,1869.63,Credit Card,05-04-2025
Bought Casual t-shirts pack from Zara via UPI,Shopping,9456.2,Debit Card,13-06-2025
Bought Coursera professional certificate course with cash,Education,4165.11,Credit Card,27-03-2025
Spent on Metro smart card recharge online,Transportation,5669.88,Net Banking,06-01-2025
Paid for Mumbai local train monthly pass with cash,Transportation,12134.79,UPI,14-11-2025
Payment for Medical entrance coaching class fee online,Education,8956.56,Credit Card,18-08-2025
Order for Degree convocation certificate fee using card,Education,3773.01,UPI,23-07-2025
Order for Jio prepaid mobile phone recharge via UPI,Bills,6474.29,Net Banking,18-03-2025
Society monthly maintenance charges online,Bills,8956.89,Debit Card,24-01-2025
Spent on Arcade video games timezone card recharge online,Entertainment,2877.23,Debit Card,26-11-2025
Casual t-shirts pack from Zara via UPI,Shopping,431.83,UPI,16-09-2025
Bought Physics laboratory practical record file through app,Education,11868.34,Credit Card,21-05-2025
Quick dermatologist consultation for skin acne,Healthcare,7358.45,UPI,12-12-2025
Spent on Dinner with family at restaurant using card,Food,2168.04,Debit Card,11-08-2025
Expense on imax 3d cinema ticket inox,Entertainment,9592.3,Net Banking,08-06-2025
Payment for Club entry fee Saturday night party through app,Entertainment,423.03,Debit Card,11-12-2025
Spent on Tutor private tuition fee for maths with cash,Education,11228.63,UPI,24-04-2025
Bought Board game Catan purchase for game night online,Entertainment,9210.59,Cash,11-02-2025
Recent leather wallet and formal belt via GPay,Shopping,12228.01,Cash,05-12-2025
Paid for Perfume bottle and deodorant spray with cash,Shopping,11659.99,Credit Card,13-12-2025
Spent on Bus ticket conductor cash payment online,Transportation,13685.94,Net Banking,13-09-2025
Purchased Board game Catan purchase for game night via UPI,Entertainment,4523.63,Cash,07-11-2025
Order for Disney+ Hotstar sports subscription through app,Entertainment,3932.64,Debit Card,26-01-2025
Paid for Helicopter shuttle ticket today,Transportation,9675.9,Debit Card,04-05-2025
Bought First aid antiseptic Dettol and bandages using card,Healthcare,8638.85,Debit Card,01-04-2025
Paid for Robotics kit and Arduino components for college project with cash,Education,14874.97,Credit Card,07-02-2025
Quick pediatrician consultation for baby child,Healthcare,12673.54,Credit Card,02-04-2025
Purchased Morning coffee and cookies through app,Food,5359.33,Debit Card,18-09-2025
Bought School uniform and formal shoes today,Education,14193.67,Credit Card,28-12-2025
Payment for Formal cotton shirt and denim jeans with cash,Shopping,10601.02,Debit Card,17-07-2025
Bought Vi Vodafone Idea recharge pack today,Bills,9268.61,UPI,03-12-2025
Paid for Shawarma roll street food,Food,8007.6,Cash,18-03-2025
Payment for Shawarma roll street food today,Food,11434.03,Net Banking,16-03-2025
Order for Solar rooftop maintenance service charge with cash,Bills,620.99,UPI,20-12-2025
Bought Coursera professional certificate course using card,Education,8108.43,Credit Card,26-03-2025
Order for Home decor flower vase and curtains,Shopping,3387.98,UPI,18-04-2025
Purchased Discord Nitro monthly renewal via UPI,Entertainment,8249.92,Net Banking,16-07-2025
Subway train token via UPI,Transportation,10396.02,Cash,04-01-2025
Order for N95 masks and sanitizers pack using card,Healthcare,3601.51,Cash,22-11-2025
Purchased South Indian breakfast dosa and idli,Food,13742.86,Credit Card,09-07-2025
Paid for Car engine oil change and service today,Transportation,9124.48,Credit Card,10-02-2025
Payment for Discord Nitro monthly renewal through app,Entertainment,3888.83,Credit Card,01-07-2025
Bought PlayStation Network PS5 game purchase online,Entertainment,1522.01,Debit Card,09-03-2025
Spent on Shawarma roll street food via UPI,Food,6303.6,UPI,26-06-2025
Payment for Subway sandwich lunch today,Food,7686.53,Credit Card,24-11-2025
Paid for Parking slip charges at shopping mall using card,Transportation,3717.48,Net Banking,11-05-2025
Purchased Night taxi fare back home today,Transportation,114.2,Cash,17-06-2025
Purchased Airtel Digital TV subscription with cash,Bills,1341.94,Debit Card,19-11-2025
Paid for Breakfast buffet at hotel through app,Food,2882.43,Cash,22-04-2025
Spent on Office canteen coupon recharge with cash,Food,6726.59,Credit Card,04-04-2025
Spent on GRE exam registration fee ETS online,Education,8034.65,Cash,10-02-2025
Spent on Municipal property tax annual payment through app,Bills,2416.62,Debit Card,16-12-2025
Purchased Packaged drinking water bottle through app,Food,9737.15,Credit Card,24-04-2025
Supermarket monthly ration purchase using card,Food,1589.99,UPI,16-09-2025
Bought Cricket stadium match ticket IPL via UPI,Entertainment,62.27,UPI,07-03-2025
Multivitamin tablets and zinc supplements online,Healthcare,7856.24,Net Banking,23-02-2025
Spent on Women handbag and leather purse online,Shopping,10709.6,Credit Card,22-03-2025
Purchased Municipal property tax annual payment via UPI,Bills,8035.02,Debit Card,16-11-2025
Order for Winter jacket and woolen sweater through app,Shopping,3522.28,Net Banking,27-06-2025
Payment for Metro smart card recharge online,Transportation,1016.77,Debit Card,13-12-2025
Order for PlayStation Network PS5 game purchase through app,Entertainment,11355.67,Debit Card,09-01-2025
Women handbag and leather purse via UPI,Shopping,5248.41,UPI,25-11-2025
Municipal corporation water tax bill today,Bills,9915.89,Cash,02-11-2025
Paid for JioFiber high speed internet bill online,Bills,7981.74,Debit Card,10-03-2025
Bought Weekend stand-up comedy live show ticket,Entertainment,5666.42,Net Banking,22-06-2025
Payment for Petrol refill at Indian Oil pump using card,Transportation,9991.68,Credit Card,25-09-2025
Bought Tutor private tuition fee for maths via UPI,Education,1989.56,Cash,24-12-2025
Paid for Home decor flower vase and curtains online,Shopping,10369.65,Net Banking,20-04-2025
Expense on solar rooftop maintenance service charge,Bills,4914.69,Net Banking,04-03-2025
Subway train token,Transportation,13582.78,Net Banking,10-10-2025
Payment for Emergency hospital room casualty charges,Healthcare,12456.56,Cash,11-04-2025
Purchased JioFiber high speed internet bill online,Bills,7814.73,Debit Card,16-08-2025
Bought Home decor flower vase and curtains with cash,Shopping,12973.21,Debit Card,15-10-2025
Spent on Auto rickshaw fare by meter through app,Transportation,8805.41,Net Banking,16-11-2025
Purchased Allen career institute installment online,Education,10424.81,Cash,27-01-2025
Payment for Two wheeler periodic servicing using card,Transportation,10421.2,UPI,26-10-2025
Bought Netflix monthly premium 4K subscription today,Entertainment,5077.36,Net Banking,27-05-2025
Bought Rapido bike taxi ride using card,Transportation,1294.65,Debit Card,22-07-2025
Paid for Cable TV network monthly operator fee using card,Bills,5407.94,Debit Card,14-04-2025
Bought Ayurvedic medicines from Patanjali store using card,Healthcare,9960.5,UPI,14-02-2025
Paid for Cricket stadium match ticket IPL today,Entertainment,11385.83,Debit Card,23-05-2025
Payment for Amusement park ticket Imagicaa online,Entertainment,4672.34,Net Banking,16-07-2025
Payment for Petrol refill at Indian Oil pump,Transportation,13844.91,Net Banking,03-12-2025
Paid for Piped natural gas PNG bill Adani Gas using card,Bills,11457.69,UPI,13-03-2025
Payment for Ethnic kurta pajama from Manyavar online,Shopping,2594.81,UPI,09-05-2025
Bought Tutor private tuition fee for maths using card,Education,5524.85,Credit Card,26-10-2025
Paid for Petrol refill at Indian Oil pump online,Transportation,13529.82,Cash,01-12-2025
Purchased Disney+ Hotstar sports subscription today,Entertainment,9529.01,Cash,07-04-2025
Paid for Barbeque Nation buffet dinner using card,Food,10118.82,Cash,14-09-2025
Charges paid for annual library membership renewal,Education,7857.22,UPI,05-03-2025
Order for Club entry fee Saturday night party via UPI,Entertainment,10905.49,UPI,07-09-2025
Club entry fee Saturday night party today,Entertainment,13902.15,Cash,14-10-2025
Airtel broadband fiber bill payment,Bills,14894.6,UPI,25-11-2025
Purchased Flipkart big billion days fashion shopping through app,Shopping,12409.95,Net Banking,04-09-2025
University examination form fee,Education,6005.48,Cash,04-03-2025
Order for Physics laboratory practical record file,Education,14462.97,Credit Card,23-05-2025
Medicines purchased from Apollo Pharmacy online,Healthcare,6747.91,Cash,09-08-2025
Order for Chinese noodles and fried rice via UPI,Food,90.93,UPI,04-10-2025
Order for Zepto quick grocery order,Food,14669.77,Credit Card,14-11-2025
Payment for Ola cab to airport,Transportation,2421.15,Cash,02-02-2025
Car wash and interior vacuuming with cash,Transportation,10024.95,Credit Card,28-12-2025
Payment for Municipal property tax annual payment online,Bills,7634.56,Net Banking,01-10-2025
Apartment clubhouse utility maintenance online,Bills,11230.38,Cash,18-03-2025
Payment for Board game Catan purchase for game night online,Entertainment,1315.4,Credit Card,18-09-2025
Spent on Orthopedic doctor consultation for knee joint online,Healthcare,155.29,Net Banking,13-12-2025
Udemy python programming bootcamp,Education,12519.66,Debit Card,01-12-2025
Paid for Ray-Ban UV protection sunglasses with cash,Shopping,7456.34,Cash,28-07-2025
Order for Chai and samosa at tea stall via UPI,Food,5688.66,Cash,20-01-2025
Paid for Hostel accommodation and mess fee through app,Education,8188.37,Cash,04-12-2025
Paid for Night taxi fare back home via UPI,Transportation,7653.78,Cash,12-08-2025
Order for IELTS language test exam fee with cash,Education,5043.33,Cash,12-04-2025
Bill payment for ice cream tub from naturals,Food,10946.02,Cash,13-10-2025
Quick casual t-shirts pack from zara,Shopping,2807.56,UPI,22-06-2025
Dental clinic teeth cleaning and scaling using card,Healthcare,8098.77,Credit Card,21-05-2025
Two-wheeler comprehensive insurance renewal today,Transportation,3098.58,Net Banking,05-08-2025
Jio prepaid mobile phone recharge using card,Bills,13465.1,UPI,05-04-2025
Paid for Office canteen coupon recharge,Food,12832.23,UPI,24-04-2025
Spent on Robotics kit and Arduino components for college project using card,Education,9312.11,Net Banking,19-01-2025
Spent on Makeup kit lipstick and foundation Nykaa through app,Shopping,10999.66,UPI,27-07-2025
Paid for Running sports shoes from Nike store today,Shopping,10942.95,Debit Card,06-07-2025
Paid for Mobile back cover and tempered glass screen today,Shopping,9084.83,UPI,11-01-2025
Payment for Helicopter shuttle ticket today,Transportation,840.14,UPI,16-11-2025
GRE exam registration fee ETS using card,Education,10331.5,Cash,08-12-2025
Shawarma roll street food online,Food,7649.74,Debit Card,26-09-2025
Order for Night taxi fare back home through app,Transportation,8372.16,Debit Card,23-03-2025
Bought Paneer tikka and naan dinner through app,Food,3789.62,Net Banking,13-10-2025
Bought Mobile back cover and tempered glass screen using card,Shopping,4960.73,Debit Card,22-12-2025
Paid for Doctor consultation fee general physician using card,Healthcare,5886.88,Debit Card,17-10-2025
Order for Non-stick cookware fry pan Hawkins via UPI,Shopping,3838.1,UPI,14-11-2025
Payment for Discord Nitro monthly renewal via UPI,Entertainment,12220.01,Debit Card,28-04-2025
Rapido bike taxi ride today,Transportation,7059.78,Debit Card,23-07-2025
Payment for IndiGo domestic flight ticket online,Transportation,1804.39,Cash,14-08-2025
Purchased Medicines purchased from Apollo Pharmacy online,Healthcare,13488.88,Debit Card,13-02-2025
Expense on smartwatch fitness tracker noise,Shopping,14125.52,UPI,11-07-2025
Order for Emergency hospital room casualty charges using card,Healthcare,6130.46,UPI,20-10-2025
Paid for Arcade video games timezone card recharge through app,Entertainment,4150.17,Debit Card,14-09-2025
Payment for Art museum gallery exhibition entry,Entertainment,3265.93,Net Banking,01-03-2025
Weekend stand-up comedy live show ticket online,Entertainment,4177.13,UPI,20-08-2025
Bought PlayStation Network PS5 game purchase via UPI,Entertainment,8353.96,Credit Card,06-06-2025
Recent vi vodafone idea recharge pack via GPay,Bills,4788.24,Credit Card,27-10-2025
Payment for Toll plaza tax cash payment with cash,Transportation,2975.95,UPI,18-08-2025
Physics laboratory practical record file via UPI,Education,14114.14,Net Banking,12-06-2025
Bill payment for house rental payment to landlord,Bills,2997.12,Debit Card,10-12-2025
Payment for Chai and samosa at tea stall today,Food,9447.13,Cash,25-07-2025
Bill payment for barbeque nation buffet dinner,Food,5706.84,Debit Card,05-03-2025
Bought Office canteen coupon recharge online,Food,14628.93,Credit Card,17-09-2025
Bought Office canteen coupon recharge via UPI,Food,12646.04,Credit Card,03-12-2025
Purchased Auto rickshaw fare by meter with cash,Transportation,5575.31,Debit Card,02-09-2025
Bus ticket conductor cash payment,Transportation,1478.24,UPI,08-03-2025
Theater drama evening show ticket with cash,Entertainment,2616.39,UPI,04-04-2025
Payment for Gourmet pasta at Italian cafe,Food,1361.44,Net Banking,05-07-2025
Tata Play DTH satellite dish recharge today,Bills,1551.56,Cash,11-04-2025
Running sports shoes from Nike store today,Shopping,7213.51,Cash,05-08-2025
Spent on Breakfast buffet at hotel online,Food,6731.61,UPI,13-10-2025
Bought Degree convocation certificate fee online,Education,6031.24,Debit Card,24-03-2025
Purchased Two wheeler periodic servicing using card,Transportation,9567.95,Net Banking,02-04-2025
Purchased Dermatologist consultation for skin acne using card,Healthcare,11307.92,Debit Card,17-07-2025
Quick perfume bottle and deodorant spray,Shopping,10024.97,UPI,03-06-2025
Paid for Steam PC gaming summer sale purchase using card,Entertainment,13540.68,Net Banking,27-06-2025
Paid for IMAX 3D cinema ticket INOX through app,Entertainment,607.52,UPI,02-05-2025
Paid for Kitchen knife set and wooden chopping board via UPI,Shopping,8539.52,UPI,27-02-2025
Bought Bowling alley game session at Smaaash today,Entertainment,854.21,Credit Card,27-04-2025
Payment for Fresh vegetables and fruits from market through app,Food,10544.01,Net Banking,25-09-2025
Quick house rental payment to landlord,Bills,13590.58,Cash,24-06-2025
Quick netflix monthly premium 4k subscription,Entertainment,8917.99,Credit Card,11-06-2025
Payment for Formal cotton shirt and denim jeans,Shopping,6382.23,Credit Card,11-11-2025
Udemy python programming bootcamp with cash,Education,11990.07,Net Banking,24-11-2025
Paid for Homeopathy clinic consultation and pills with cash,Healthcare,6334.66,Credit Card,08-08-2025
Paid for Diesel fuel for car at BPCL today,Transportation,14189.93,Cash,25-11-2025
Bought Online masterclass workshop on AI,Education,8005.5,Cash,01-07-2025
Order for University examination form fee via UPI,Education,1811.19,Credit Card,23-10-2025
Multivitamin tablets and zinc supplements,Healthcare,6094.58,Cash,23-06-2025
Paid for Music concert festival pass online,Entertainment,7750.0,Credit Card,08-07-2025
Recent medplus generic pharmacy medicine bill via GPay,Healthcare,7660.21,Cash,25-12-2025
Gourmet pasta at Italian cafe online,Food,12284.82,Credit Card,10-03-2025
Purchased Municipal property tax annual payment using card,Bills,2746.6,Cash,25-11-2025
Spent on Annual library membership renewal via UPI,Education,4759.95,UPI,11-03-2025
IELTS language test exam fee using card,Education,4528.36,Net Banking,03-11-2025
Spent on Non-stick cookware fry pan Hawkins,Shopping,8151.43,Cash,01-08-2025
Paid for Bowling alley game session at Smaaash online,Entertainment,5242.38,UPI,27-02-2025
Order for Annual library membership renewal,Education,5987.12,UPI,18-04-2025
Bought Commercial office space rent using card,Bills,6492.65,Debit Card,15-08-2025
Bought Vaccination booster injection dose clinic today,Healthcare,12317.7,UPI,24-02-2025
Spent on Music concert festival pass using card,Entertainment,13297.51,UPI,21-11-2025
Paid for Protein whey powder isolate gym supplement today,Healthcare,12044.84,Credit Card,03-08-2025
Paid for Tata Play DTH satellite dish recharge via UPI,Bills,1191.85,Cash,07-08-2025
Spent on Electricity bill payment Torrent Power today,Bills,942.81,Cash,13-08-2025
Quick weekly vegetable vendor payment,Food,11624.21,Net Banking,24-03-2025
Bought Instamart snacks and cold drinks online,Food,14538.07,Net Banking,16-07-2025
Paid for Biryani combo meal from Behrouz today,Food,8659.62,Cash,06-05-2025
Engineering textbooks and reference notes through app,Education,5330.01,Credit Card,16-08-2025
Amazon Prime Video annual membership through app,Entertainment,8682.72,Cash,08-11-2025
Order for Non-stick cookware fry pan Hawkins through app,Shopping,190.38,Debit Card,08-05-2025
Purchased Cricket stadium match ticket IPL with cash,Entertainment,5878.22,Credit Card,06-02-2025
Bought Pediatrician consultation for baby child today,Healthcare,2226.29,Cash,12-02-2025
Payment for Zomato pizza order,Food,1811.54,UPI,13-11-2025
Spent on Momos and soup stall today,Food,5891.44,UPI,10-12-2025
Commercial office space rent via UPI,Bills,8711.56,UPI,24-07-2025
Paid for Self drive car rental Zoomcar online,Transportation,10381.21,Credit Card,27-08-2025
Order for BSNL landline telephone bill via UPI,Bills,4628.17,Debit Card,27-12-2025
Order for Piped natural gas PNG bill Adani Gas,Bills,14061.5,Cash,25-06-2025
Recent sweets and farsan from sweet shop via GPay,Food,2208.06,Net Banking,02-09-2025
"Spent on Milk, butter and dairy products today",Food,3676.63,Debit Card,19-08-2025
Quick intercity bus ticket via redbus,Transportation,5099.13,UPI,20-04-2025
Order for IELTS language test exam fee today,Education,9475.65,Debit Card,08-08-2025
Purchased IMAX 3D cinema ticket INOX via UPI,Entertainment,13656.91,Cash,20-07-2025
Spent on Fresh vegetables and fruits from market,Food,12911.28,UPI,06-09-2025
Bought Spotify music premium annual plan using card,Entertainment,320.27,Cash,06-05-2025
Order for Bowling alley game session at Smaaash using card,Entertainment,525.37,Debit Card,25-04-2025
Purchased Self drive car rental Zoomcar today,Transportation,11929.38,Debit Card,01-08-2025
Bought Zepto quick grocery order using card,Food,3260.01,Credit Card,09-05-2025
Payment for Smartwatch fitness tracker noise via UPI,Shopping,7315.47,Cash,10-08-2025
Purchased Root canal treatment session at dentist today,Healthcare,5709.33,Cash,24-05-2025
Rapido bike taxi ride online,Transportation,4956.5,Credit Card,04-02-2025
Payment for Formal cotton shirt and denim jeans online,Shopping,13127.54,Cash,05-02-2025
Spent on Popcorn and nachos combo at cinema hall through app,Entertainment,12864.47,Credit Card,05-02-2025
Paid for JioFiber high speed internet bill with cash,Bills,6628.68,UPI,04-03-2025
Paid for GRE exam registration fee ETS through app,Education,14404.3,Credit Card,09-09-2025
Egg and bread breakfast online,Food,9833.8,Credit Card,12-04-2025
Order for Airtel broadband fiber bill payment through app,Bills,8790.03,Cash,24-12-2025
Expense on school annual sports and picnic fee,Education,11380.28,Credit Card,28-09-2025
Bought Piped natural gas PNG bill Adani Gas online,Bills,6634.22,Cash,26-11-2025
Spent on Diesel fuel for car at BPCL today,Transportation,11744.68,Credit Card,28-11-2025
Bought IMAX 3D cinema ticket INOX online,Entertainment,13323.4,Net Banking,19-11-2025
Spent on FASTag highway toll recharge today,Transportation,12956.02,Debit Card,11-01-2025
Purchased Home decor flower vase and curtains via UPI,Shopping,2527.87,Credit Card,13-01-2025
Order for Metro smart card recharge via UPI,Transportation,8235.68,UPI,28-01-2025
Running sports shoes from Nike store with cash,Shopping,12225.21,UPI,27-07-2025
Spent on Perfume bottle and deodorant spray today,Shopping,2712.46,Credit Card,12-12-2025
Order for Rapido bike taxi ride with cash,Transportation,5401.59,Credit Card,27-12-2025
Spent on Women handbag and leather purse using card,Shopping,7817.25,Credit Card,13-10-2025
Order for Running sports shoes from Nike store today,Shopping,12776.68,Net Banking,10-06-2025
Order for YouTube Premium family plan renewal with cash,Entertainment,6407.6,Debit Card,13-04-2025
Bought Medicines purchased from Apollo Pharmacy with cash,Healthcare,1587.32,UPI,04-06-2025
Bought Steam PC gaming summer sale purchase online,Entertainment,11760.53,Debit Card,27-01-2025
Purchased Ethnic kurta pajama from Manyavar via UPI,Shopping,13820.77,UPI,12-07-2025
Spent on IELTS language test exam fee with cash,Education,262.46,Net Banking,03-06-2025
Bought Bescom power supply bill,Bills,14836.85,UPI,26-10-2025
Paid for Municipal property tax annual payment today,Bills,6423.47,Net Banking,13-02-2025
Bought Leather wallet and formal belt through app,Shopping,8627.33,Net Banking,27-01-2025
"Paid for Milk, butter and dairy products via UPI",Food,6434.77,UPI,06-03-2025
Bought Vaccination booster injection dose clinic using card,Healthcare,1275.24,Net Banking,06-03-2025
Order for Municipal corporation water tax bill with cash,Bills,12721.55,Cash,26-01-2025
Coursera professional certificate course using card,Education,3063.16,Credit Card,07-07-2025
Paid for Bedsheet set and cotton pillow covers online,Shopping,9075.32,UPI,16-07-2025
Uber cab ride to office through app,Transportation,9910.11,Net Banking,21-05-2025
Bought Swiggy food delivery online,Food,1425.08,Debit Card,04-01-2025
Order for Bakery fresh bread and cake online,Food,4735.39,Net Banking,20-07-2025
Charges paid for university examination form fee,Education,6202.57,Cash,10-05-2025
Order for Paneer tikka and naan dinner using card,Food,7586.45,Net Banking,14-10-2025
Order for Hostel accommodation and mess fee,Education,13559.77,Debit Card,16-07-2025
Order for Doctor consultation fee general physician with cash,Healthcare,5954.82,UPI,02-09-2025
Paid for Leather wallet and formal belt online,Shopping,9944.41,Cash,26-08-2025
Charges paid for residential garbage collection charge,Bills,11832.64,Net Banking,19-09-2025
Paid for Electricity bill payment Torrent Power today,Bills,14501.55,Cash,22-08-2025
Paid for Scientific calculator Casio fx-991CW with cash,Education,8609.17,Debit Card,24-08-2025
Spent on Waffle and dessert parlour using card,Food,7211.37,Cash,06-11-2025
Spent on Jio prepaid mobile phone recharge with cash,Bills,2455.21,Credit Card,19-09-2025
Payment for Starbucks cold brew coffee through app,Food,9473.15,Debit Card,14-11-2025
Bought Running sports shoes from Nike store using card,Shopping,1209.74,Debit Card,12-10-2025
Payment for Annual library membership renewal through app,Education,1669.91,Credit Card,10-03-2025
Payment for Medplus generic pharmacy medicine bill via UPI,Healthcare,13170.72,Credit Card,27-05-2025
Paid for Annual library membership renewal via UPI,Education,6103.27,Debit Card,03-11-2025
Payment for School uniform and formal shoes today,Education,6031.95,Cash,08-10-2025
Spent on Tutor private tuition fee for maths online,Education,8710.07,Debit Card,12-10-2025
Paid for Scientific calculator Casio fx-991CW through app,Education,1907.75,Cash,17-12-2025
Spent on IELTS language test exam fee online,Education,2748.67,UPI,25-01-2025
Supermarket monthly ration purchase via UPI,Food,7738.92,Cash,15-08-2025
Order for Udemy python programming bootcamp using card,Education,4985.77,Net Banking,24-12-2025
Spent on Airtel Digital TV subscription today,Bills,595.82,Cash,20-07-2025
Payment for Steam PC gaming summer sale purchase with cash,Entertainment,5872.48,Debit Card,25-03-2025
Purchased Zomato pizza order using card,Food,243.83,Debit Card,07-10-2025
Order for Solar rooftop maintenance service charge using card,Bills,13519.3,Net Banking,16-08-2025
Spent on PlayStation Network PS5 game purchase,Entertainment,3390.68,Cash,06-12-2025
Laptop sleeve and water resistant backpack through app,Shopping,12597.98,Net Banking,13-05-2025
Expense on apartment clubhouse utility maintenance,Bills,10608.36,Debit Card,10-09-2025
Bowling alley game session at Smaaash,Entertainment,13360.83,Net Banking,04-08-2025
Quick grocery shopping at dmart,Food,3356.91,Credit Card,22-06-2025
Payment for Night taxi fare back home today,Transportation,1564.11,UPI,15-09-2025
Paid for Municipal corporation water tax bill using card,Bills,13111.89,Cash,17-03-2025
Payment for Casual t-shirts pack from Zara,Shopping,3809.57,Credit Card,14-05-2025
Bought Winter jacket and woolen sweater using card,Shopping,8008.24,Debit Card,03-04-2025
Payment for Zomato pizza order online,Food,7357.98,Cash,15-01-2025
Purchased Allen career institute installment with cash,Education,6976.32,Net Banking,02-04-2025
Bought Medplus generic pharmacy medicine bill with cash,Healthcare,8593.15,Debit Card,12-05-2025
Purchased IELTS language test exam fee via UPI,Education,10388.78,UPI,03-03-2025
Paid for Cable TV network monthly operator fee with cash,Bills,2340.22,Credit Card,28-03-2025
Spent on Winter jacket and woolen sweater through app,Shopping,8763.22,Credit Card,13-03-2025
Spent on Scientific calculator Casio fx-991CW online,Education,5005.21,Debit Card,17-03-2025
Bought Grocery shopping at DMart today,Food,536.81,Debit Card,13-11-2025
Bill payment for medicines purchased from apollo pharmacy,Healthcare,2472.66,Credit Card,14-10-2025
Paid for Disney+ Hotstar sports subscription online,Entertainment,498.07,Debit Card,13-10-2025
Payment for N95 masks and sanitizers pack via UPI,Healthcare,7647.92,UPI,07-04-2025
Paid for Pediatrician consultation for baby child,Healthcare,6686.87,UPI,20-05-2025
Spent on Theater drama evening show ticket using card,Entertainment,7272.38,UPI,14-08-2025
Bought Two-wheeler comprehensive insurance renewal online,Transportation,12007.31,Credit Card,11-07-2025
Payment for Bowling alley game session at Smaaash using card,Entertainment,3305.71,UPI,28-02-2025
Order for Car wheel alignment and balancing via UPI,Transportation,364.66,Credit Card,06-07-2025
Payment for Diagnostic chest X-ray digital scan via UPI,Healthcare,13622.7,Debit Card,02-12-2025
Purchased BSNL landline telephone bill,Bills,7232.97,Debit Card,22-02-2025
Sewage and drainage municipal cess using card,Bills,13289.54,Credit Card,25-04-2025
Order for School annual sports and picnic fee via UPI,Education,2473.2,Cash,25-01-2025
Purchased Prepaid electricity smart meter recharge online,Bills,12320.28,Net Banking,19-12-2025
Bought Metro smart card recharge,Transportation,11820.21,UPI,18-01-2025
Purchased Doctor consultation fee general physician online,Healthcare,6596.76,Net Banking,20-08-2025
Paid for Residential garbage collection charge with cash,Bills,12103.09,UPI,08-02-2025
Order for Formal cotton shirt and denim jeans online,Shopping,13716.89,Credit Card,26-06-2025
Order for YouTube Premium family plan renewal through app,Entertainment,1392.59,Debit Card,03-04-2025
Bought MRI brain scan diagnostic center fee with cash,Healthcare,7258.92,Cash,27-04-2025
Recent south indian breakfast dosa and idli via GPay,Food,12440.17,Cash,07-10-2025
Shawarma roll street food using card,Food,4256.28,Cash,27-11-2025
Paid for Online masterclass workshop on AI today,Education,8434.46,UPI,13-03-2025
Paid for Online masterclass workshop on AI using card,Education,715.48,Debit Card,01-07-2025
Spent on Eye doctor consultation and vision test using card,Healthcare,4800.82,Credit Card,11-04-2025
Bought Municipal property tax annual payment via UPI,Bills,6327.25,UPI,04-08-2025
Quick mri brain scan diagnostic center fee,Healthcare,7907.06,Cash,21-10-2025
Paid for Late night snacks delivery today,Food,2051.52,Cash,17-02-2025
Robotics kit and Arduino components for college project,Education,4420.13,Debit Card,14-03-2025
Order for KFC fried chicken through app,Food,11580.18,Cash,02-10-2025
Charges paid for rapido bike taxi ride,Transportation,3406.08,UPI,18-11-2025
Order for Prepaid electricity smart meter recharge today,Bills,2057.56,UPI,11-12-2025
Paid for Car engine oil change and service through app,Transportation,4667.93,UPI,09-12-2025
MRI brain scan diagnostic center fee using card,Healthcare,6667.67,Net Banking,14-08-2025
Purchased Bedsheet set and cotton pillow covers,Shopping,6394.79,Debit Card,08-05-2025
Paid for Swiggy food delivery online,Food,578.02,Cash,27-04-2025
Dental clinic teeth cleaning and scaling through app,Healthcare,14709.14,Cash,25-08-2025
Purchased PlayStation Network PS5 game purchase with cash,Entertainment,3089.42,Debit Card,13-05-2025
Spent on Cable TV network monthly operator fee via UPI,Bills,2001.8,Net Banking,11-10-2025
Bill payment for flipkart big billion days fashion shopping,Shopping,9232.46,Cash,18-07-2025
Smartwatch fitness tracker noise through app,Shopping,9899.85,Net Banking,18-08-2025
Bought Full body blood diagnostic test SRL Labs,Healthcare,3322.1,Debit Card,24-02-2025
Bought Leather wallet and formal belt using card,Shopping,13368.87,Cash,01-12-2025
Purchased Wireless bluetooth neckband earphones through app,Shopping,545.81,Net Banking,20-08-2025
Payment for Parking slip charges at shopping mall via UPI,Transportation,12794.5,Debit Card,23-05-2025
Music concert festival pass today,Entertainment,9722.89,UPI,23-04-2025
Payment for Spectacles frame and prescription lenses Lenskart,Healthcare,9542.3,Debit Card,22-11-2025
Payment for Haldirams thali lunch,Food,12919.17,Cash,14-06-2025
Bought Office formal leather shoes Bata,Shopping,5835.9,Debit Card,28-05-2025
Payment for Dental clinic teeth cleaning and scaling online,Healthcare,2274.81,UPI,04-05-2025
Payment for Two wheeler periodic servicing,Transportation,3044.58,Credit Card,22-06-2025
Recent bescom power supply bill via GPay,Bills,9165.11,Cash,03-10-2025
Payment for Smartwatch fitness tracker noise through app,Shopping,1086.58,UPI,21-04-2025
Purchased Weekend stand-up comedy live show ticket using card,Entertainment,589.0,Credit Card,20-03-2025
Purchased Prepaid electricity smart meter recharge through app,Bills,11123.54,Debit Card,25-03-2025
Piped natural gas PNG bill Adani Gas via UPI,Bills,11426.79,Net Banking,27-04-2025
Order for Mobile back cover and tempered glass screen online,Shopping,6161.32,UPI,05-09-2025
Expense on airtel broadband fiber bill payment,Bills,4638.08,Debit Card,27-05-2025
Payment for Grocery shopping at DMart using card,Food,2673.65,Net Banking,27-07-2025
Payment for Art drawing book and acrylic colors using card,Education,1019.36,Debit Card,10-10-2025
Order for Weekend stand-up comedy live show ticket today,Entertainment,13714.01,UPI,21-02-2025
Bought Orthopedic doctor consultation for knee joint online,Healthcare,12456.5,Debit Card,18-06-2025
Prepaid electricity smart meter recharge using card,Bills,6997.8,Debit Card,22-02-2025
Charges paid for medplus generic pharmacy medicine bill,Healthcare,9587.37,UPI,06-10-2025
Order for Juice bar fresh mango juice through app,Food,13386.33,Cash,02-01-2025
Paid for Chinese noodles and fried rice using card,Food,12427.88,Debit Card,18-12-2025
Spent on Dominos cheese pizza online,Food,7837.99,Net Banking,14-03-2025
Paid for Physiotherapy rehabilitation session today,Healthcare,11005.6,UPI,02-08-2025
Bought Eye doctor consultation and vision test using card,Healthcare,5724.12,Net Banking,23-03-2025
Disney+ Hotstar sports subscription,Entertainment,1097.67,Debit Card,07-07-2025
Amusement park ticket Imagicaa through app,Entertainment,14523.78,Credit Card,13-03-2025
Payment for Online masterclass workshop on AI through app,Education,12311.86,Debit Card,11-07-2025
Bought House rental payment to landlord with cash,Bills,8626.11,Debit Card,13-04-2025
Spent on Dinner with family at restaurant,Food,10534.86,UPI,05-08-2025
Bought Barbeque Nation buffet dinner today,Food,5194.9,Net Banking,04-06-2025
Spent on House rental payment to landlord today,Bills,14731.44,UPI,16-06-2025
Purchased Laptop sleeve and water resistant backpack online,Shopping,626.36,Debit Card,14-01-2025
Payment for Tata Play DTH satellite dish recharge through app,Bills,8867.63,Cash,07-09-2025
Bought Biryani combo meal from Behrouz using card,Food,3187.68,Cash,23-06-2025
Spent on Tutor private tuition fee for maths using card,Education,12458.06,UPI,14-02-2025
Women handbag and leather purse through app,Shopping,5760.7,Debit Card,03-07-2025
Order for Office canteen coupon recharge today,Food,12917.01,UPI,12-12-2025
Bought Amusement park ticket Imagicaa online,Entertainment,11918.31,Debit Card,11-01-2025
Purchased Uber cab ride to office via UPI,Transportation,7107.27,Cash,04-07-2025
Payment for Apartment clubhouse utility maintenance online,Bills,5601.82,Net Banking,03-11-2025
Payment for Flipkart big billion days fashion shopping through app,Shopping,2823.85,UPI,16-03-2025
Night taxi fare back home through app,Transportation,4088.37,Cash,04-11-2025
Order for Orthopedic doctor consultation for knee joint today,Healthcare,7222.5,Net Banking,17-11-2025
Paid for Winter jacket and woolen sweater online,Shopping,10167.55,Cash,17-11-2025
Payment for Municipal corporation water tax bill,Bills,2075.36,Credit Card,10-11-2025
Bought Amusement park ticket Imagicaa using card,Entertainment,7045.83,Net Banking,04-07-2025
Paid for PlayStation Network PS5 game purchase with cash,Entertainment,14625.76,UPI,26-09-2025
Spent on College semester tuition fee with cash,Education,6318.41,Debit Card,10-02-2025
Paid for Bowling alley game session at Smaaash today,Entertainment,11484.39,Cash,28-07-2025
Order for Bowling alley game session at Smaaash today,Entertainment,5036.48,Cash,26-06-2025
Spent on Chinese noodles and fried rice today,Food,2544.88,Credit Card,09-02-2025
Paid for Emergency hospital room casualty charges via UPI,Healthcare,2236.48,Cash,05-05-2025
Bought Spectacles frame and prescription lenses Lenskart through app,Healthcare,10123.47,Cash,03-02-2025
Bought Jio prepaid mobile phone recharge,Bills,12713.7,Cash,25-02-2025
Perfume bottle and deodorant spray online,Shopping,5028.67,UPI,16-09-2025
Paid for Robotics kit and Arduino components for college project,Education,10318.07,UPI,28-05-2025
Bought Home decor flower vase and curtains via UPI,Shopping,9985.51,Cash,14-08-2025
Spent on Office formal leather shoes Bata through app,Shopping,2493.91,Credit Card,23-11-2025
Bill payment for residential garbage collection charge,Bills,5246.3,Net Banking,23-03-2025
Airtel broadband fiber bill payment online,Bills,629.68,Cash,26-02-2025
Paid for Coursera professional certificate course via UPI,Education,14364.65,UPI,23-02-2025
Expense on youtube premium family plan renewal,Entertainment,12104.06,UPI,17-09-2025
Root canal treatment session at dentist,Healthcare,10666.3,Credit Card,11-03-2025
Music concert festival pass with cash,Entertainment,13446.66,Net Banking,05-11-2025
Smartwatch fitness tracker noise today,Shopping,6232.67,UPI,04-02-2025
Payment for Dr Lal Pathlabs CBC and thyroid test,Healthcare,6492.75,UPI,01-01-2025
Spent on Music concert festival pass,Entertainment,14298.73,UPI,04-09-2025
Order for Delhi metro card topup with cash,Transportation,13274.24,Credit Card,20-02-2025
Order for Municipal corporation water tax bill online,Bills,2301.51,Credit Card,10-02-2025
Bought Airtel Digital TV subscription using card,Bills,2011.34,Debit Card,28-02-2025
Paid for Makeup kit lipstick and foundation Nykaa with cash,Shopping,6565.66,UPI,20-07-2025
Bill payment for vi vodafone idea recharge pack,Bills,6871.92,UPI,22-06-2025
Spent on Health insurance mediclaim annual premium,Healthcare,11242.55,Credit Card,13-12-2025
Paid for Mobile back cover and tempered glass screen,Shopping,13416.0,UPI,13-03-2025
Purchased Instamart snacks and cold drinks via UPI,Food,10878.36,Cash,07-08-2025
Spent on Amusement park ticket Imagicaa through app,Entertainment,12194.84,Net Banking,06-10-2025
Payment for Auto rickshaw fare by meter,Transportation,4655.88,Net Banking,28-09-2025
Toll plaza tax cash payment through app,Transportation,14123.08,Net Banking,10-10-2025
Chai and samosa at tea stall with cash,Food,3347.86,UPI,14-11-2025
Spent on Parking slip charges at shopping mall with cash,Transportation,4576.86,Cash,12-12-2025
Payment for Vaccination booster injection dose clinic via UPI,Healthcare,11792.23,Credit Card,04-04-2025
Spent on Municipal corporation water tax bill using card,Bills,532.38,Cash,03-11-2025
Bought Popcorn and nachos combo at cinema hall using card,Entertainment,2524.34,Debit Card,25-09-2025
Paid for Chinese noodles and fried rice with cash,Food,13349.13,Debit Card,23-04-2025
Payment for Bowling alley game session at Smaaash through app,Entertainment,13701.51,Debit Card,07-09-2025
Payment for Dental clinic teeth cleaning and scaling with cash,Healthcare,8222.5,Debit Card,03-07-2025
Expense on music concert festival pass,Entertainment,14564.24,UPI,19-10-2025
Spent on Cable TV network monthly operator fee,Bills,13441.91,Credit Card,06-06-2025
Bought Jio prepaid mobile phone recharge through app,Bills,1848.15,Debit Card,05-06-2025
Purchased BookMyShow movie ticket PVR Cinemas,Entertainment,13224.46,UPI,26-03-2025
Paid for Lunch at office cafeteria using card,Food,8174.87,Cash,16-11-2025
Adani electricity monthly bill today,Bills,11616.54,Net Banking,27-08-2025
Expense on orthopedic doctor consultation for knee joint,Healthcare,13017.67,Debit Card,26-02-2025
Payment for Ayurvedic medicines from Patanjali store,Healthcare,7780.03,Cash,27-06-2025
Bus ticket conductor cash payment with cash,Transportation,2220.06,Credit Card,14-11-2025
Payment for Car wheel alignment and balancing via UPI,Transportation,161.28,Credit Card,15-02-2025
Bought Multivitamin tablets and zinc supplements using card,Healthcare,5692.2,Cash,25-04-2025
Blinkit grocery delivery using card,Food,11499.74,Debit Card,20-04-2025
Purchased Municipal property tax annual payment today,Bills,4952.76,Debit Card,22-03-2025
Bought Airtel broadband fiber bill payment today,Bills,6260.13,UPI,25-05-2025
Purchased Weekend stand-up comedy live show ticket via UPI,Entertainment,14777.09,Credit Card,05-08-2025
Order for Diagnostic chest X-ray digital scan via UPI,Healthcare,3061.93,Cash,17-12-2025
Spent on MRI brain scan diagnostic center fee today,Healthcare,13085.1,UPI,26-04-2025
Order for Pediatrician consultation for baby child through app,Healthcare,7518.89,Net Banking,16-06-2025
Purchased University examination form fee through app,Education,5738.41,UPI,26-12-2025
Bought Dominos cheese pizza using card,Food,2398.7,UPI,11-04-2025
Bought Fresh vegetables and fruits from market through app,Food,9644.19,Net Banking,22-08-2025
Spent on Steam PC gaming summer sale purchase,Entertainment,14965.71,Cash,15-03-2025
Bought Vi Vodafone Idea recharge pack using card,Bills,3287.34,UPI,11-12-2025
Mobile back cover and tempered glass screen using card,Shopping,10515.99,Credit Card,12-11-2025
Airtel Digital TV subscription with cash,Bills,1268.51,Net Banking,17-03-2025
Bought Bedsheet set and cotton pillow covers online,Shopping,12711.98,Credit Card,20-12-2025
Purchased Makeup kit lipstick and foundation Nykaa today,Shopping,5347.33,Credit Card,16-07-2025
KFC fried chicken today,Food,9839.75,Net Banking,10-04-2025
Purchased Formal cotton shirt and denim jeans using card,Shopping,13317.33,Debit Card,10-06-2025
Bought Bedsheet set and cotton pillow covers today,Shopping,8669.55,Cash,02-05-2025
Order for Coursera professional certificate course,Education,9546.31,Credit Card,05-04-2025
Car wheel alignment and balancing with cash,Transportation,7522.5,Net Banking,05-10-2025
"Bought Stationery notebook, registers and pens with cash",Education,7132.26,UPI,06-06-2025
Purchased Sweets and farsan from sweet shop via UPI,Food,4466.71,UPI,04-12-2025
Quick car wheel alignment and balancing,Transportation,6826.26,UPI,25-01-2025
Paid for Health insurance mediclaim annual premium using card,Healthcare,10283.23,Cash,06-07-2025
Order for Online masterclass workshop on AI through app,Education,7459.1,Debit Card,04-10-2025
Payment for School admission registration fee through app,Education,11214.45,Credit Card,19-03-2025
Bill payment for casual t-shirts pack from zara,Shopping,4082.17,UPI,16-09-2025
Order for Annual library membership renewal through app,Education,1429.89,Cash,27-05-2025
Spent on Diesel fuel for car at BPCL through app,Transportation,6666.21,UPI,02-03-2025
Bought LPG cooking gas cylinder refill Indane via UPI,Bills,11062.67,Debit Card,14-12-2025
IMAX 3D cinema ticket INOX through app,Entertainment,12118.21,Debit Card,03-12-2025
Payment for Intercity bus ticket via RedBus through app,Transportation,8535.28,UPI,05-03-2025
IELTS language test exam fee,Education,10899.87,Credit Card,12-11-2025
Order for Solar rooftop maintenance service charge online,Bills,11153.14,UPI,27-07-2025
Order for Ice cream tub from Naturals using card,Food,7804.31,Cash,11-11-2025
Bought Diesel fuel for car at BPCL using card,Transportation,2477.32,Net Banking,09-12-2025
Paid for Car wash and interior vacuuming,Transportation,14032.45,Net Banking,08-12-2025
Purchased Weekly vegetable vendor payment using card,Food,285.19,Cash,18-07-2025
Paid for N95 masks and sanitizers pack today,Healthcare,12811.44,Cash,02-03-2025
Amazon India online order for clothes,Shopping,330.19,Debit Card,10-12-2025
Paid for Netflix monthly premium 4K subscription using card,Entertainment,8038.94,Debit Card,01-08-2025
Payment for Women handbag and leather purse using card,Shopping,10788.01,Credit Card,03-05-2025
Bought BSNL landline telephone bill through app,Bills,11119.42,Cash,01-04-2025
Egg and bread breakfast via UPI,Food,6614.1,UPI,25-04-2025
Paid for Uber cab ride to office with cash,Transportation,4715.89,UPI,23-02-2025
Purchased Electricity bill payment Torrent Power,Bills,261.24,Credit Card,09-05-2025
Spotify music premium annual plan online,Entertainment,2815.55,Net Banking,16-06-2025
Payment for Packaged drinking water bottle today,Food,1231.34,Net Banking,15-10-2025
Order for Rapido bike taxi ride using card,Transportation,6183.39,UPI,21-04-2025
Spent on Solar rooftop maintenance service charge online,Bills,11299.91,Debit Card,11-05-2025
Order for Medicines purchased from Apollo Pharmacy through app,Healthcare,1043.94,Cash,26-06-2025
Paid for Orthopedic doctor consultation for knee joint,Healthcare,14560.86,Net Banking,04-10-2025
Bought House rental payment to landlord online,Bills,988.35,Credit Card,12-11-2025
Bought Casual t-shirts pack from Zara using card,Shopping,4019.59,Cash,21-10-2025
Spent on Allen career institute installment through app,Education,4760.35,UPI,13-12-2025
Paid for Subway train token today,Transportation,487.42,Credit Card,28-12-2025
Payment for JioFiber high speed internet bill with cash,Bills,3417.27,Credit Card,11-11-2025
Order for Popcorn and nachos combo at cinema hall via UPI,Entertainment,14174.01,Debit Card,09-10-2025
Order for Rapido bike taxi ride,Transportation,9708.34,Debit Card,22-10-2025
Payment for School admission registration fee using card,Education,9671.06,Credit Card,12-01-2025
Paid for Escape room team mystery game ticket through app,Entertainment,14350.01,UPI,15-09-2025
Arcade video games timezone card recharge online,Entertainment,11795.28,Debit Card,06-04-2025
Purchased Amazon Prime Video annual membership through app,Entertainment,5891.77,Credit Card,27-01-2025
Bought Coursera professional certificate course today,Education,12405.7,Cash,10-03-2025
Bill payment for art museum gallery exhibition entry,Entertainment,688.61,Debit Card,02-03-2025
Spent on Cricket stadium match ticket IPL through app,Entertainment,8055.33,Net Banking,11-04-2025
Winter jacket and woolen sweater using card,Shopping,13765.29,Net Banking,15-01-2025
Purchased Water park entry ticket with locker online,Entertainment,11831.51,Cash,23-11-2025
Bought YouTube Premium family plan renewal via UPI,Entertainment,12145.63,Cash,03-05-2025
Purchased University examination form fee with cash,Education,8920.88,Cash,27-09-2025
Spent on Paneer tikka and naan dinner today,Food,10191.98,Credit Card,20-07-2025
Bought Commercial office space rent with cash,Bills,5141.91,Debit Card,27-08-2025
Spent on Electricity bill payment Torrent Power online,Bills,576.17,Cash,03-01-2025
Quick jio prepaid mobile phone recharge,Bills,4918.99,Cash,24-04-2025
Spent on IELTS language test exam fee,Education,6725.04,Debit Card,22-12-2025
Order for Car wheel alignment and balancing with cash,Transportation,8853.95,Net Banking,28-01-2025
Spent on Laptop sleeve and water resistant backpack,Shopping,8780.62,Cash,12-02-2025
Order for Toll plaza tax cash payment,Transportation,3783.99,Cash,28-02-2025
Order for Car wash and interior vacuuming with cash,Transportation,2966.4,Credit Card,28-09-2025
Payment for Kitchen knife set and wooden chopping board today,Shopping,12387.29,Credit Card,28-12-2025
Purchased Zomato pizza order with cash,Food,13208.03,Net Banking,09-07-2025
Paid for Biryani combo meal from Behrouz with cash,Food,14137.1,UPI,06-10-2025
Spent on Water park entry ticket with locker with cash,Entertainment,11410.92,Cash,26-01-2025
Spent on Breakfast buffet at hotel using card,Food,3616.66,UPI,06-06-2025
Bought Homeopathy clinic consultation and pills with cash,Healthcare,3674.5,Net Banking,13-03-2025
Purchased Toll plaza tax cash payment,Transportation,9052.13,Credit Card,01-02-2025
Bought Cable TV network monthly operator fee online,Bills,6174.71,Cash,18-11-2025
Emergency hospital room casualty charges online,Healthcare,4118.02,Cash,02-02-2025
Spent on Adani electricity monthly bill with cash,Bills,11986.32,Cash,14-03-2025
Bought Home decor flower vase and curtains through app,Shopping,1569.28,Debit Card,22-11-2025
Spent on Vaccination booster injection dose clinic through app,Healthcare,12143.02,Net Banking,07-03-2025
Purchased Commercial office space rent via UPI,Bills,4310.21,Net Banking,22-08-2025
Payment for Mineral water jar refill,Food,1217.64,Cash,04-01-2025
Order for Two wheeler periodic servicing today,Transportation,12808.45,Cash,20-11-2025
Payment for Non-stick cookware fry pan Hawkins online,Shopping,14028.87,Credit Card,07-09-2025
Order for IMAX 3D cinema ticket INOX today,Entertainment,10854.66,Credit Card,02-07-2025
Order for Homeopathy clinic consultation and pills using card,Healthcare,14386.12,Net Banking,28-06-2025
Paid for Homeopathy clinic consultation and pills,Healthcare,1449.43,Net Banking,18-11-2025
Bought School admission registration fee today,Education,4910.42,Net Banking,13-11-2025
Bought Supermarket monthly ration purchase via UPI,Food,6590.63,Debit Card,18-12-2025
Bought Theater drama evening show ticket online,Entertainment,7724.42,Cash,25-05-2025
Purchased Adani electricity monthly bill with cash,Bills,11972.25,Cash,17-08-2025
Bedsheet set and cotton pillow covers,Shopping,12933.4,Debit Card,17-07-2025
Spent on FASTag highway toll recharge online,Transportation,1328.74,UPI,02-07-2025
Paid for School annual sports and picnic fee through app,Education,7068.03,Cash,20-01-2025
Order for Kitchen knife set and wooden chopping board today,Shopping,14800.67,Credit Card,03-05-2025
Order for Music concert festival pass via UPI,Entertainment,8324.21,UPI,12-03-2025
Paid for Adani electricity monthly bill through app,Bills,8221.45,Debit Card,18-09-2025
Order for Vi Vodafone Idea recharge pack through app,Bills,12447.13,Net Banking,28-07-2025
Spent on Metro smart card recharge,Transportation,10204.11,Credit Card,10-10-2025
Tutor private tuition fee for maths,Education,12472.2,Debit Card,14-03-2025
Purchased Protein whey powder isolate gym supplement via UPI,Healthcare,4374.56,Debit Card,16-09-2025
Spent on Theater drama evening show ticket today,Entertainment,11299.01,Debit Card,14-05-2025
Spent on Car third party insurance policy online,Transportation,6054.37,Credit Card,15-06-2025
Paid for Smartwatch fitness tracker noise online,Shopping,1790.9,Cash,21-09-2025
Purchased Women handbag and leather purse,Shopping,5024.73,Credit Card,13-12-2025
Paid for Diagnostic chest X-ray digital scan online,Healthcare,11485.44,Net Banking,25-08-2025
Payment for Amazon Prime Video annual membership via UPI,Entertainment,7213.9,Net Banking,06-10-2025
Bought Municipal corporation water tax bill online,Bills,8430.36,UPI,11-08-2025
Paid for Morning coffee and cookies online,Food,6525.69,Net Banking,16-01-2025
Udemy python programming bootcamp today,Education,1172.92,Debit Card,24-05-2025
Bought Amusement park ticket Imagicaa through app,Entertainment,6360.76,Debit Card,06-08-2025
Bought Dr Lal Pathlabs CBC and thyroid test through app,Healthcare,4441.8,Cash,06-04-2025
Spent on Club entry fee Saturday night party with cash,Entertainment,5616.86,Credit Card,20-07-2025
Paid for McDonalds burger meal online,Food,4779.93,Credit Card,25-02-2025
Purchased Biryani combo meal from Behrouz,Food,1499.95,Credit Card,06-11-2025
Purchased Sewage and drainage municipal cess,Bills,13572.8,Net Banking,13-01-2025
Charges paid for vaccination booster injection dose clinic,Healthcare,1207.04,Cash,18-10-2025
Diesel fuel for car at BPCL,Transportation,4791.91,Net Banking,26-01-2025
Paid for Diesel fuel for car at BPCL,Transportation,1381.47,Debit Card,06-10-2025
Payment for Weekly vegetable vendor payment via UPI,Food,4533.33,Credit Card,25-09-2025
Spent on Wireless bluetooth neckband earphones with cash,Shopping,1820.71,UPI,13-03-2025
Purchased School admission registration fee today,Education,10741.57,Net Banking,15-08-2025
Paid for Cable TV network monthly operator fee through app,Bills,4067.77,Debit Card,26-11-2025
Escape room team mystery game ticket with cash,Entertainment,5685.9,Debit Card,22-05-2025
Bought Apartment clubhouse utility maintenance via UPI,Bills,13664.27,Debit Card,14-04-2025
Expense on tutor private tuition fee for maths,Education,4527.79,UPI,11-08-2025
Bought Residential garbage collection charge through app,Bills,5067.74,Cash,28-07-2025
Purchased Dominos cheese pizza online,Food,194.6,Credit Card,22-11-2025
LPG cooking gas cylinder refill Indane with cash,Bills,8452.64,Net Banking,05-04-2025
Bought Two wheeler periodic servicing through app,Transportation,5476.82,Debit Card,27-05-2025
Paid for Theater drama evening show ticket through app,Entertainment,10389.85,Debit Card,20-03-2025
Quick piped natural gas png bill adani gas,Bills,7686.4,Cash,26-10-2025
Order for Municipal corporation water tax bill via UPI,Bills,11261.24,Net Banking,21-07-2025
Bought Club entry fee Saturday night party today,Entertainment,6203.21,Credit Card,08-06-2025
Payment for Car wheel alignment and balancing using card,Transportation,3344.62,Debit Card,22-08-2025
Spent on Biryani combo meal from Behrouz with cash,Food,2260.78,Cash,09-06-2025
Adani electricity monthly bill online,Bills,3649.55,Net Banking,13-07-2025
Purchased Weekend stand-up comedy live show ticket,Entertainment,11969.45,Net Banking,16-07-2025
Order for Amazon India online order for clothes,Shopping,2631.02,UPI,07-10-2025
Root canal treatment session at dentist using card,Healthcare,10865.27,Net Banking,17-04-2025
Order for Udemy python programming bootcamp through app,Education,8016.07,Cash,07-08-2025
Paid for Wireless bluetooth neckband earphones with cash,Shopping,13623.67,UPI,24-10-2025
Spent on Sweets and farsan from sweet shop with cash,Food,2203.93,Debit Card,01-09-2025
Purchased PlayStation Network PS5 game purchase via UPI,Entertainment,2455.21,Credit Card,04-12-2025
Bought Bicycle puncture repair and tube online,Transportation,1432.59,UPI,20-11-2025
Bought Running sports shoes from Nike store online,Shopping,13454.76,Debit Card,02-06-2025
Quick fastag highway toll recharge,Transportation,293.22,Net Banking,06-03-2025
Spent on Art drawing book and acrylic colors through app,Education,1733.67,Net Banking,08-09-2025
Electric scooter charging fee,Transportation,14368.75,Credit Card,07-03-2025
Pediatrician consultation for baby child,Healthcare,5923.04,Debit Card,09-10-2025
Paid for Auto rickshaw fare by meter online,Transportation,8788.61,Cash,21-06-2025
Bought BSNL landline telephone bill today,Bills,11805.25,Credit Card,19-03-2025
Order for Cricket stadium match ticket IPL using card,Entertainment,2897.88,Net Banking,06-11-2025
Wireless bluetooth neckband earphones online,Shopping,8928.76,UPI,09-07-2025
Paid for Formal cotton shirt and denim jeans with cash,Shopping,4701.19,Cash,19-03-2025
Adani electricity monthly bill via UPI,Bills,8124.14,UPI,11-06-2025
Paid for Perfume bottle and deodorant spray,Shopping,12663.27,Cash,03-06-2025
Spent on Vaccination booster injection dose clinic with cash,Healthcare,12334.45,Cash,10-07-2025
Paid for Pediatrician consultation for baby child today,Healthcare,7833.56,Debit Card,27-10-2025
Bought Full body blood diagnostic test SRL Labs through app,Healthcare,9896.77,Net Banking,16-02-2025
Bill payment for bakery fresh bread and cake,Food,8073.07,Credit Card,11-09-2025
Bill payment for cng gas refill for vehicle,Transportation,10513.64,UPI,14-12-2025
Payment for Smartwatch fitness tracker noise online,Shopping,7282.16,Credit Card,12-06-2025
Purchased Night taxi fare back home,Transportation,7500.95,UPI,05-11-2025
Order for Bedsheet set and cotton pillow covers using card,Shopping,9008.75,Debit Card,24-08-2025
Paid for IMAX 3D cinema ticket INOX with cash,Entertainment,2672.85,Credit Card,16-02-2025
"Payment for Stationery notebook, registers and pens",Education,14589.16,Debit Card,15-01-2025
Paid for Metro smart card recharge today,Transportation,11563.26,Debit Card,05-11-2025
Order for Paneer tikka and naan dinner today,Food,3754.41,UPI,08-09-2025
Payment for YouTube Premium family plan renewal with cash,Entertainment,6678.59,Credit Card,14-07-2025
Bought Discord Nitro monthly renewal via UPI,Entertainment,4643.22,Net Banking,24-07-2025
Order for Commercial office space rent using card,Bills,9660.14,Debit Card,05-11-2025
Payment for Municipal corporation water tax bill using card,Bills,3878.28,Credit Card,23-11-2025
Bought KFC fried chicken through app,Food,8235.51,UPI,10-04-2025
Spent on Waffle and dessert parlour via UPI,Food,5676.12,Credit Card,17-07-2025
Payment for Amazon Prime Video annual membership using card,Entertainment,7629.58,Credit Card,21-04-2025
Paid for Allen career institute installment,Education,8911.57,UPI,11-12-2025
Spent on Momos and soup stall with cash,Food,6847.7,Net Banking,11-10-2025
Bought Wireless bluetooth neckband earphones through app,Shopping,14920.68,Cash,23-04-2025
Payment for Health insurance mediclaim annual premium through app,Healthcare,9937.19,Debit Card,21-09-2025
Purchased Municipal property tax annual payment through app,Bills,8077.25,Credit Card,24-05-2025
Purchased Office formal leather shoes Bata today,Shopping,500.53,Cash,04-07-2025
Spent on Board game Catan purchase for game night via UPI,Entertainment,8953.88,Debit Card,16-04-2025
Amazon India online order for clothes with cash,Shopping,3572.73,Net Banking,23-08-2025
Paid for Petrol refill at Indian Oil pump with cash,Transportation,12075.16,Credit Card,24-11-2025
Payment for College semester tuition fee,Education,7807.05,Debit Card,15-11-2025
YouTube Premium family plan renewal today,Entertainment,3445.69,Debit Card,21-06-2025
Paid for IMAX 3D cinema ticket INOX,Entertainment,2817.42,Net Banking,27-05-2025
Order for Piped natural gas PNG bill Adani Gas using card,Bills,8546.01,UPI,11-03-2025
Spent on Winter jacket and woolen sweater,Shopping,12886.01,UPI,16-07-2025
Quick zomato pizza order,Food,8823.12,Credit Card,02-11-2025
Bought Municipal corporation water tax bill through app,Bills,13821.59,Credit Card,13-10-2025
Paid for Formal cotton shirt and denim jeans online,Shopping,3940.17,Net Banking,09-10-2025
Payment for Auto rickshaw fare by meter today,Transportation,11261.55,Debit Card,19-11-2025
Bought Bus ticket conductor cash payment via UPI,Transportation,11081.8,Credit Card,20-02-2025
Recent ielts language test exam fee via GPay,Education,1443.58,Debit Card,05-01-2025
Bought PlayStation Network PS5 game purchase using card,Entertainment,7487.3,UPI,23-12-2025
Payment for Coursera professional certificate course,Education,1599.26,Debit Card,06-02-2025
Paid for Amusement park ticket Imagicaa,Entertainment,6207.87,Net Banking,02-06-2025
Order for Formal cotton shirt and denim jeans with cash,Shopping,386.19,Credit Card,07-06-2025
Purchased Toll plaza tax cash payment today,Transportation,5645.15,Net Banking,14-07-2025
Paid for Two wheeler periodic servicing online,Transportation,10119.21,UPI,06-06-2025
Spent on Allen career institute installment,Education,7077.19,Net Banking,24-02-2025
Order for Coursera professional certificate course through app,Education,171.32,UPI,17-04-2025
Health insurance mediclaim annual premium online,Healthcare,1907.37,Debit Card,18-07-2025
Order for Car third party insurance policy through app,Transportation,4940.3,Net Banking,16-08-2025
Paid for Music concert festival pass via UPI,Entertainment,6868.62,Debit Card,16-01-2025
Order for Bike tyre replacement MRF using card,Transportation,909.58,UPI,20-08-2025
Paid for Cricket stadium match ticket IPL with cash,Entertainment,12123.44,UPI,01-04-2025
Payment for Ola cab to airport via UPI,Transportation,12377.51,Cash,26-04-2025
Expense on fresh vegetables and fruits from market,Food,8571.91,Credit Card,18-12-2025
Tutor private tuition fee for maths online,Education,4220.52,Cash,25-04-2025
Spent on Art museum gallery exhibition entry using card,Entertainment,8744.19,Credit Card,16-09-2025
Bought Airtel broadband fiber bill payment with cash,Bills,4576.27,Credit Card,08-04-2025
Starbucks cold brew coffee through app,Food,12553.2,Debit Card,05-02-2025
"Stationery notebook, registers and pens via UPI",Education,1862.9,Credit Card,15-02-2025
Spent on Emergency hospital room casualty charges with cash,Healthcare,2961.01,Net Banking,03-07-2025
Purchased Women handbag and leather purse through app,Shopping,8609.24,Debit Card,26-01-2025
Bescom power supply bill using card,Bills,8294.15,UPI,15-03-2025
Paid for Grocery shopping at DMart,Food,1688.59,Net Banking,19-05-2025
Bought IELTS language test exam fee with cash,Education,5769.6,UPI,05-03-2025
Purchased Electric scooter charging fee online,Transportation,10938.82,Net Banking,25-09-2025
Order for BookMyShow movie ticket PVR Cinemas,Entertainment,13412.81,Net Banking,14-04-2025
Order for Waffle and dessert parlour using card,Food,14131.75,Net Banking,19-02-2025
Purchased CNG gas refill for vehicle using card,Transportation,14545.48,Debit Card,22-08-2025
Order for Arcade video games timezone card recharge,Entertainment,11398.1,Cash,06-03-2025
Solar rooftop maintenance service charge using card,Bills,12736.81,Credit Card,06-07-2025
Order for Dental clinic teeth cleaning and scaling today,Healthcare,5624.08,Cash,12-11-2025
Payment for Kindle academic ebook purchase,Education,7942.92,Cash,14-09-2025
Spent on Protein whey powder isolate gym supplement online,Healthcare,6587.12,Net Banking,21-11-2025
Board game Catan purchase for game night with cash,Entertainment,1248.29,Cash,13-03-2025
Bill payment for car wheel alignment and balancing,Transportation,5364.09,Cash,03-09-2025
Order for Commercial office space rent with cash,Bills,14201.73,Cash,12-06-2025
Recent tutor private tuition fee for maths via GPay,Education,13466.83,UPI,15-01-2025
Paid for Office formal leather shoes Bata today,Shopping,12109.75,Net Banking,15-02-2025
Spent on YouTube Premium family plan renewal today,Entertainment,12665.45,Debit Card,19-03-2025
Order for Disney+ Hotstar sports subscription,Entertainment,2631.32,Credit Card,16-07-2025
Subway train token online,Transportation,12579.73,Net Banking,09-12-2025
Order for Subway sandwich lunch via UPI,Food,9461.63,UPI,19-03-2025
Purchased Mobile back cover and tempered glass screen today,Shopping,155.97,UPI,26-02-2025
Paid for Steam PC gaming summer sale purchase with cash,Entertainment,11028.56,UPI,05-05-2025
Purchased JioFiber high speed internet bill,Bills,6979.58,Debit Card,11-11-2025
Order for Formal cotton shirt and denim jeans today,Shopping,10041.26,Debit Card,20-04-2025
Paid for Engineering textbooks and reference notes via UPI,Education,11862.24,Net Banking,04-06-2025
Purchased Weekend stand-up comedy live show ticket online,Entertainment,3732.34,Debit Card,28-07-2025
Purchased Electric scooter charging fee with cash,Transportation,13236.22,Net Banking,16-10-2025
Two wheeler periodic servicing with cash,Transportation,13537.41,UPI,16-03-2025
Order for Club entry fee Saturday night party through app,Entertainment,6291.71,Credit Card,27-12-2025
Bought Art drawing book and acrylic colors via UPI,Education,6411.16,Credit Card,04-03-2025
Charges paid for spotify music premium annual plan,Entertainment,1917.02,UPI,11-04-2025
Purchased Sweets and farsan from sweet shop today,Food,8485.49,Credit Card,25-12-2025
Paid for First aid antiseptic Dettol and bandages with cash,Healthcare,9880.13,Credit Card,12-04-2025
Payment for Laptop sleeve and water resistant backpack,Shopping,13675.7,UPI,07-01-2025
Charges paid for instamart snacks and cold drinks,Food,10104.18,Debit Card,18-01-2025
Bill payment for airport parking ticket fee,Transportation,13849.69,Cash,27-01-2025
Payment for Jio prepaid mobile phone recharge using card,Bills,6592.14,UPI,02-07-2025
Purchased Arcade video games timezone card recharge through app,Entertainment,14038.94,Credit Card,09-01-2025
Spent on School annual sports and picnic fee online,Education,7888.02,Credit Card,14-02-2025
Paid for BookMyShow movie ticket PVR Cinemas with cash,Entertainment,4011.97,Credit Card,06-07-2025
Spent on Amazon Prime Video annual membership,Entertainment,7584.05,Net Banking,20-01-2025
Paid for School admission registration fee,Education,9694.78,Cash,24-02-2025
Morning coffee and cookies online,Food,9836.21,Net Banking,11-06-2025
Payment for Medplus generic pharmacy medicine bill using card,Healthcare,4880.47,UPI,18-05-2025
Paid for Bescom power supply bill through app,Bills,6678.81,Debit Card,20-04-2025
Spent on Rapido bike taxi ride online,Transportation,4559.6,UPI,25-02-2025
Purchased Egg and bread breakfast online,Food,2847.93,Debit Card,08-05-2025
Purchased Udemy python programming bootcamp through app,Education,1020.89,Cash,28-05-2025
Purchased Waffle and dessert parlour with cash,Food,8983.88,Cash,14-09-2025
Bill payment for amazon india online order for clothes,Shopping,14946.94,Cash,13-11-2025
Order for Shawarma roll street food today,Food,6655.52,Credit Card,23-10-2025
Paid for Makeup kit lipstick and foundation Nykaa using card,Shopping,11204.97,Credit Card,20-06-2025
Charges paid for first aid antiseptic dettol and bandages,Healthcare,6816.9,Credit Card,14-04-2025
Payment for Music concert festival pass with cash,Entertainment,3746.63,Credit Card,01-03-2025
Bought Smartwatch fitness tracker noise via UPI,Shopping,7025.99,UPI,22-01-2025
Paid for Full body blood diagnostic test SRL Labs online,Healthcare,6723.79,UPI,02-06-2025
Order for Smartwatch fitness tracker noise via UPI,Shopping,14047.42,Debit Card,06-10-2025
Bought Annual library membership renewal with cash,Education,5958.07,Credit Card,25-09-2025
Paid for Toll plaza tax cash payment through app,Transportation,3947.08,Credit Card,13-08-2025
Order for Doctor consultation fee general physician via UPI,Healthcare,7363.12,Cash,05-03-2025
Bought South Indian breakfast dosa and idli today,Food,11929.51,Credit Card,20-11-2025
Order for Wireless bluetooth neckband earphones,Shopping,10191.69,Net Banking,02-01-2025
Payment for Physics laboratory practical record file via UPI,Education,9526.12,UPI,24-06-2025
Recent apartment clubhouse utility maintenance via GPay,Bills,9265.22,Credit Card,11-05-2025
Payment for Disney+ Hotstar sports subscription via UPI,Entertainment,4215.62,Net Banking,14-04-2025
Purchased Self drive car rental Zoomcar through app,Transportation,9112.27,Cash,07-12-2025
Purchased FASTag highway toll recharge using card,Transportation,7147.0,Cash,06-08-2025
Bought BookMyShow movie ticket PVR Cinemas via UPI,Entertainment,8788.29,Credit Card,12-05-2025
Bought Non-stick cookware fry pan Hawkins online,Shopping,13032.55,Net Banking,26-07-2025
Cable TV network monthly operator fee today,Bills,2448.25,Net Banking,24-10-2025
Bill payment for eye doctor consultation and vision test,Healthcare,10281.11,UPI,23-11-2025
Payment for LPG cooking gas cylinder refill Indane using card,Bills,1519.14,UPI,11-11-2025
Payment for Homeopathy clinic consultation and pills online,Healthcare,10085.81,Cash,11-02-2025
Purchased Bike tyre replacement MRF today,Transportation,12235.52,Cash,12-01-2025
Emergency hospital room casualty charges with cash,Healthcare,418.32,UPI,03-12-2025
Purchased Dr Lal Pathlabs CBC and thyroid test,Healthcare,4676.08,UPI,05-05-2025
Order for Solar rooftop maintenance service charge via UPI,Bills,5446.82,Credit Card,01-10-2025
Payment for IELTS language test exam fee online,Education,8835.33,Debit Card,22-09-2025
Payment for Disney+ Hotstar sports subscription today,Entertainment,9790.61,Cash,27-05-2025
"Spent on Stationery notebook, registers and pens through app",Education,14239.69,Net Banking,02-05-2025
Order for Escape room team mystery game ticket,Entertainment,5381.5,Credit Card,10-08-2025
Charges paid for robotics kit and arduino components for college project,Education,9152.77,Credit Card,11-12-2025
Payment for GRE exam registration fee ETS via UPI,Education,12063.51,UPI,04-02-2025
Order for Non-stick cookware fry pan Hawkins with cash,Shopping,10413.04,Cash,01-01-2025
Spent on Full body blood diagnostic test SRL Labs with cash,Healthcare,5840.71,Debit Card,22-04-2025
Bought Bike tyre replacement MRF using card,Transportation,4146.85,UPI,27-08-2025
Airtel broadband fiber bill payment with cash,Bills,1141.74,Cash,11-08-2025
Quick udemy python programming bootcamp,Education,13352.53,Credit Card,03-06-2025
Paid for Dermatologist consultation for skin acne today,Healthcare,126.15,Net Banking,17-11-2025
Paid for Health insurance mediclaim annual premium via UPI,Healthcare,8148.47,UPI,02-02-2025
Bill payment for leather wallet and formal belt,Shopping,6475.21,Net Banking,06-08-2025
Recent diesel fuel for car at bpcl via GPay,Transportation,9044.18,Credit Card,04-07-2025
Spent on Gourmet pasta at Italian cafe today,Food,14447.7,Net Banking,13-10-2025
Bill payment for allen career institute installment,Education,10510.18,Cash,16-03-2025
Payment for House rental payment to landlord online,Bills,798.6,Cash,22-06-2025
Purchased Starbucks cold brew coffee via UPI,Food,4843.48,Debit Card,09-01-2025
Spent on Escape room team mystery game ticket through app,Entertainment,5439.42,Debit Card,07-05-2025
Purchased Late night snacks delivery through app,Food,3530.52,Credit Card,01-08-2025
Spent on Supermarket monthly ration purchase,Food,2531.43,Credit Card,26-04-2025
Expense on subway train token,Transportation,6569.22,Debit Card,21-11-2025
Spent on Airtel postpaid monthly mobile bill online,Bills,10094.71,Debit Card,06-04-2025
Purchased Degree convocation certificate fee with cash,Education,8037.18,Debit Card,08-07-2025
Spent on Jio prepaid mobile phone recharge via UPI,Bills,11016.73,Debit Card,05-04-2025
Street food pav bhaji and chaat online,Food,11573.42,Credit Card,06-08-2025
Dermatologist consultation for skin acne with cash,Healthcare,12738.1,Cash,14-04-2025
Eye doctor consultation and vision test using card,Healthcare,5735.55,Credit Card,26-11-2025
Spent on Momos and soup stall using card,Food,9602.92,Net Banking,21-09-2025
Bought CNG gas refill for vehicle using card,Transportation,3797.81,Net Banking,08-11-2025
Spent on Emergency hospital room casualty charges via UPI,Healthcare,6929.51,Credit Card,08-11-2025
Paid for Airtel broadband fiber bill payment,Bills,4862.72,Debit Card,01-02-2025
Spent on Municipal corporation water tax bill via UPI,Bills,194.2,UPI,24-06-2025
Spent on YouTube Premium family plan renewal online,Entertainment,8543.09,Debit Card,12-02-2025
Bought Metro smart card recharge online,Transportation,11069.32,Cash,24-09-2025
Spent on Running sports shoes from Nike store with cash,Shopping,7803.92,UPI,27-05-2025
Spent on Bedsheet set and cotton pillow covers,Shopping,605.04,Net Banking,01-12-2025
Purchased Wireless bluetooth neckband earphones with cash,Shopping,2401.37,Credit Card,08-06-2025
Purchased Society monthly maintenance charges,Bills,6633.32,Credit Card,05-01-2025
Bought Running sports shoes from Nike store through app,Shopping,8321.79,Cash,21-09-2025
Board game Catan purchase for game night today,Entertainment,11637.31,UPI,20-07-2025
Bought Zepto quick grocery order via UPI,Food,1598.13,Cash,20-06-2025
Recent house rental payment to landlord via GPay,Bills,4806.48,Credit Card,08-01-2025
Payment for Udemy python programming bootcamp via UPI,Education,3978.85,Credit Card,07-04-2025
Spent on Dr Lal Pathlabs CBC and thyroid test using card,Healthcare,14205.82,Credit Card,01-10-2025
Payment for Eye doctor consultation and vision test using card,Healthcare,14593.4,Debit Card,11-02-2025
Bought Formal cotton shirt and denim jeans today,Shopping,5577.27,Debit Card,19-06-2025
Paid for School admission registration fee using card,Education,7741.66,Credit Card,25-12-2025
Bill payment for ielts language test exam fee,Education,10291.99,UPI,16-06-2025
Purchased Dental clinic teeth cleaning and scaling today,Healthcare,3458.58,Cash,02-01-2025
Expense on commercial office space rent,Bills,4620.97,Cash,25-07-2025
Spent on Home decor flower vase and curtains today,Shopping,4234.85,UPI,26-07-2025
Order for Haldirams thali lunch using card,Food,14481.65,Net Banking,01-01-2025
Spent on Auto rickshaw fare by meter with cash,Transportation,7531.46,Credit Card,12-09-2025
Spent on Amazon Prime Video annual membership with cash,Entertainment,7128.12,Credit Card,22-09-2025
Bought Dermatologist consultation for skin acne via UPI,Healthcare,14446.72,Net Banking,07-07-2025
Bought Toll plaza tax cash payment,Transportation,9208.26,UPI,12-07-2025
Order for GRE exam registration fee ETS online,Education,5451.77,Net Banking,20-02-2025
Spent on Ayurvedic medicines from Patanjali store through app,Healthcare,374.1,Cash,21-06-2025
Payment for Lunch at office cafeteria through app,Food,4054.94,Cash,27-06-2025
Purchased Metro smart card recharge with cash,Transportation,1887.27,Cash,09-12-2025
Charges paid for playstation network ps5 game purchase,Entertainment,6550.18,Debit Card,22-02-2025
Paid for Board game Catan purchase for game night,Entertainment,7955.04,Cash,13-04-2025
JioFiber high speed internet bill using card,Bills,3807.37,Cash,22-05-2025
Scientific calculator Casio fx-991CW today,Education,10280.98,Cash,19-09-2025
Bought Disney+ Hotstar sports subscription today,Entertainment,12951.16,Net Banking,10-12-2025
"Purchased Stationery notebook, registers and pens",Education,2805.66,Net Banking,11-12-2025
Paid for Coursera professional certificate course with cash,Education,3018.41,UPI,15-07-2025
Purchased Diesel fuel for car at BPCL via UPI,Transportation,3060.95,Net Banking,03-06-2025
Bought Health insurance mediclaim annual premium via UPI,Healthcare,7033.38,Credit Card,01-09-2025
Car third party insurance policy using card,Transportation,5413.86,Debit Card,12-11-2025
Spent on Kitchen knife set and wooden chopping board through app,Shopping,13447.25,Debit Card,28-06-2025
Purchased Wireless bluetooth neckband earphones today,Shopping,851.77,Credit Card,05-04-2025
Spent on Dr Lal Pathlabs CBC and thyroid test with cash,Healthcare,5929.78,Cash,05-05-2025
Spent on Spotify music premium annual plan today,Entertainment,13522.13,Cash,16-04-2025
Order for Tata Play DTH satellite dish recharge with cash,Bills,11782.34,Net Banking,17-12-2025
Order for Formal cotton shirt and denim jeans through app,Shopping,11869.27,Net Banking,08-06-2025
Payment for Steam PC gaming summer sale purchase online,Entertainment,959.44,Cash,06-04-2025
Perfume bottle and deodorant spray using card,Shopping,3705.93,UPI,19-06-2025
Bought Bescom power supply bill using card,Bills,2542.68,Debit Card,19-07-2025
Payment for Multivitamin tablets and zinc supplements through app,Healthcare,4354.27,Cash,14-08-2025
Purchased Delhi metro card topup,Transportation,8591.99,Debit Card,09-09-2025
Purchased Winter jacket and woolen sweater using card,Shopping,2061.96,UPI,03-05-2025
Order for Physics laboratory practical record file online,Education,5776.86,Cash,20-12-2025
Spent on Popcorn and nachos combo at cinema hall using card,Entertainment,13789.74,Net Banking,27-05-2025
Prepaid electricity smart meter recharge with cash,Bills,6606.88,Cash,24-10-2025
Order for Ray-Ban UV protection sunglasses via UPI,Shopping,6419.98,UPI,20-12-2025
Charges paid for irctc train ticket booking to mumbai,Transportation,2880.98,Credit Card,14-03-2025
Expense on n95 masks and sanitizers pack,Healthcare,10823.93,UPI,23-08-2025
Payment for Car third party insurance policy,Transportation,7420.18,Credit Card,04-06-2025
Payment for Society monthly maintenance charges,Bills,11447.67,Net Banking,01-01-2025
Order for Car wheel alignment and balancing using card,Transportation,70.93,Debit Card,21-10-2025
Purchased Women handbag and leather purse online,Shopping,2531.73,Cash,01-06-2025
Payment for Haldirams thali lunch through app,Food,12113.38,UPI,13-05-2025
Spent on Dental clinic teeth cleaning and scaling through app,Healthcare,7802.98,UPI,03-09-2025
Office formal leather shoes Bata using card,Shopping,2317.15,Credit Card,18-06-2025
Recent smartwatch fitness tracker noise via GPay,Shopping,9295.73,Cash,25-05-2025
Bill payment for egg and bread breakfast,Food,610.11,Debit Card,13-03-2025
Paid for Ray-Ban UV protection sunglasses via UPI,Shopping,11849.83,Cash,05-01-2025
Purchased Ayurvedic medicines from Patanjali store with cash,Healthcare,8925.48,UPI,06-02-2025
Order for Full body blood diagnostic test SRL Labs via UPI,Healthcare,13674.84,Credit Card,03-02-2025
College semester tuition fee via UPI,Education,1154.1,UPI,19-12-2025
Purchased School admission registration fee through app,Education,13241.62,UPI,24-02-2025
Order for Netflix monthly premium 4K subscription online,Entertainment,4501.27,Net Banking,19-08-2025
Purchased Dominos cheese pizza via UPI,Food,6382.45,Net Banking,03-11-2025
Spent on Steam PC gaming summer sale purchase online,Entertainment,11286.52,Credit Card,07-04-2025
Non-stick cookware fry pan Hawkins,Shopping,14342.53,Debit Card,21-12-2025
Order for Tutor private tuition fee for maths through app,Education,3500.56,Net Banking,09-01-2025
Order for FASTag highway toll recharge using card,Transportation,14151.21,Debit Card,16-11-2025
Paid for Ayurvedic medicines from Patanjali store through app,Healthcare,10546.38,UPI,03-07-2025
Chinese noodles and fried rice using card,Food,4888.62,Debit Card,10-10-2025
Online masterclass workshop on AI online,Education,13896.89,UPI,07-07-2025
Vaccination booster injection dose clinic via UPI,Healthcare,11821.96,Debit Card,16-08-2025
Purchased Amusement park ticket Imagicaa using card,Entertainment,6849.08,Debit Card,08-07-2025
Purchased MRI brain scan diagnostic center fee online,Healthcare,6050.21,Credit Card,19-10-2025
Homeopathy clinic consultation and pills using card,Healthcare,6435.75,UPI,17-08-2025
Charges paid for amazon india online order for clothes,Shopping,11400.52,Net Banking,04-09-2025
Paid for Dinner with family at restaurant today,Food,11036.37,Net Banking,19-04-2025
Paid for Art drawing book and acrylic colors today,Education,12125.55,UPI,24-03-2025
Paid for Discord Nitro monthly renewal using card,Entertainment,8458.42,Cash,26-10-2025
Paid for Physiotherapy rehabilitation session with cash,Healthcare,4115.55,UPI,16-03-2025
Payment for Bedsheet set and cotton pillow covers online,Shopping,3853.35,Credit Card,12-03-2025
Bought Winter jacket and woolen sweater online,Shopping,1053.67,Debit Card,22-02-2025
Spent on Municipal property tax annual payment with cash,Bills,10887.42,Credit Card,02-04-2025
Purchased Physiotherapy rehabilitation session using card,Healthcare,2443.81,UPI,27-12-2025
Order for Solar rooftop maintenance service charge today,Bills,14272.07,Debit Card,24-11-2025
Paid for Kindle academic ebook purchase using card,Education,14310.62,Net Banking,10-04-2025
Art museum gallery exhibition entry today,Entertainment,4194.55,Net Banking,18-01-2025
Bought FASTag highway toll recharge,Transportation,6967.3,UPI,24-02-2025
Mineral water jar refill through app,Food,4061.23,UPI,12-06-2025
Purchased Kitchen knife set and wooden chopping board using card,Shopping,12518.15,Cash,26-06-2025
Bus ticket conductor cash payment via UPI,Transportation,1525.35,Credit Card,17-12-2025
Full body blood diagnostic test SRL Labs,Healthcare,6073.65,Cash,03-05-2025
Paid for Amazon India online order for clothes online,Shopping,8209.05,Credit Card,13-09-2025
Ray-Ban UV protection sunglasses online,Shopping,2280.32,Net Banking,26-08-2025
Purchased Waffle and dessert parlour through app,Food,4136.24,Net Banking,16-04-2025
Payment for Engineering textbooks and reference notes with cash,Education,12244.62,Credit Card,09-06-2025
Order for School uniform and formal shoes with cash,Education,12690.37,UPI,04-03-2025
Bill payment for supermarket monthly ration purchase,Food,13453.03,UPI,16-02-2025
Spent on Multivitamin tablets and zinc supplements today,Healthcare,9770.68,UPI,05-06-2025
Bought Ola cab to airport,Transportation,14928.35,Debit Card,24-11-2025
Order for First aid antiseptic Dettol and bandages via UPI,Healthcare,395.67,Credit Card,16-03-2025
Bought CNG gas refill for vehicle today,Transportation,8647.62,Debit Card,19-04-2025
Order for Spectacles frame and prescription lenses Lenskart using card,Healthcare,593.22,Debit Card,22-09-2025
Order for Disney+ Hotstar sports subscription today,Entertainment,2963.8,Net Banking,10-03-2025
Bought Bedsheet set and cotton pillow covers,Shopping,4910.82,UPI,03-07-2025
Recent board game catan purchase for game night via GPay,Entertainment,10477.72,Credit Card,27-08-2025
Spent on Pediatrician consultation for baby child,Healthcare,14981.4,Credit Card,08-11-2025
Allen career institute installment online,Education,8465.67,Debit Card,19-01-2025
Payment for Spectacles frame and prescription lenses Lenskart today,Healthcare,9937.23,Cash,15-01-2025
Payment for Emergency hospital room casualty charges with cash,Healthcare,8025.51,UPI,10-01-2025
Purchased Piped natural gas PNG bill Adani Gas,Bills,5791.79,Credit Card,14-03-2025
Purchased Municipal property tax annual payment online,Bills,10021.55,Debit Card,24-11-2025
Purchased Sweets and farsan from sweet shop online,Food,2115.79,Cash,23-12-2025
Spent on Egg and bread breakfast via UPI,Food,1443.19,Credit Card,20-09-2025
Order for Medplus generic pharmacy medicine bill online,Healthcare,4536.28,Net Banking,28-12-2025
Spent on Music concert festival pass today,Entertainment,8111.66,Credit Card,18-07-2025
Electric scooter charging fee today,Transportation,6230.47,Net Banking,15-09-2025
Paid for Protein whey powder isolate gym supplement with cash,Healthcare,13231.15,Credit Card,28-07-2025
Purchased Sewage and drainage municipal cess using card,Bills,2255.33,Debit Card,03-03-2025
Bought Theater drama evening show ticket,Entertainment,96.95,UPI,27-02-2025
Spent on Robotics kit and Arduino components for college project today,Education,9475.78,Cash,18-12-2025
Recent mobile back cover and tempered glass screen via GPay,Shopping,9681.75,Net Banking,02-02-2025
Payment for Wireless bluetooth neckband earphones online,Shopping,11381.78,Net Banking,24-01-2025
Purchased Homeopathy clinic consultation and pills using card,Healthcare,374.12,Net Banking,21-03-2025
Order for Pediatrician consultation for baby child with cash,Healthcare,13939.01,Net Banking,18-08-2025
Spent on Vaccination booster injection dose clinic today,Healthcare,7727.77,Debit Card,16-02-2025
Paid for Robotics kit and Arduino components for college project using card,Education,9966.55,Net Banking,19-04-2025
Bought Physics laboratory practical record file online,Education,9738.0,Credit Card,15-10-2025
Payment for Multivitamin tablets and zinc supplements today,Healthcare,9076.16,Credit Card,05-06-2025
Paid for Night taxi fare back home through app,Transportation,835.87,Credit Card,28-08-2025
Paid for Udemy python programming bootcamp using card,Education,9748.03,Cash,15-03-2025
Payment for Packaged drinking water bottle with cash,Food,5516.38,Debit Card,22-07-2025
Purchased Zepto quick grocery order with cash,Food,11649.76,Net Banking,04-12-2025
Bought Home decor flower vase and curtains today,Shopping,3905.83,Credit Card,02-05-2025
Annual library membership renewal with cash,Education,11376.99,UPI,06-07-2025
Formal cotton shirt and denim jeans via UPI,Shopping,9560.9,Net Banking,28-10-2025
Quick morning coffee and cookies,Food,4070.34,Debit Card,16-03-2025
Bought Metro smart card recharge via UPI,Transportation,7049.88,UPI,26-08-2025
Order for Barbeque Nation buffet dinner via UPI,Food,2576.32,Debit Card,23-11-2025
Payment for Morning coffee and cookies through app,Food,5924.67,Cash,24-05-2025
Purchased Car third party insurance policy via UPI,Transportation,10279.79,Net Banking,03-01-2025
Purchased Emergency hospital room casualty charges via UPI,Healthcare,8586.75,UPI,20-07-2025
Order for Women handbag and leather purse via UPI,Shopping,7705.92,Cash,21-02-2025
Bought Bike tyre replacement MRF,Transportation,136.86,Credit Card,04-04-2025
Paid for Netflix monthly premium 4K subscription via UPI,Entertainment,2605.2,Cash,25-10-2025
Spent on Flipkart big billion days fashion shopping online,Shopping,12022.64,UPI,25-04-2025
Purchased Annual library membership renewal with cash,Education,12984.5,Cash,20-07-2025
Order for Emergency hospital room casualty charges with cash,Healthcare,13609.43,Cash,11-05-2025
Order for Car wheel alignment and balancing online,Transportation,13744.67,UPI,27-03-2025
Purchased Egg and bread breakfast via UPI,Food,12340.73,UPI,16-03-2025
Bought Piped natural gas PNG bill Adani Gas today,Bills,7373.79,Cash,12-06-2025
Order for Auto rickshaw fare by meter today,Transportation,4733.53,UPI,26-03-2025
Paid for Subway sandwich lunch using card,Food,3795.89,UPI,23-05-2025
Payment for N95 masks and sanitizers pack today,Healthcare,606.17,Net Banking,26-11-2025
Paid for Medical entrance coaching class fee with cash,Education,8147.72,UPI,13-10-2025
Grocery shopping at DMart through app,Food,3748.58,Debit Card,15-11-2025
Spent on Leather wallet and formal belt via UPI,Shopping,11842.25,Debit Card,18-01-2025
Spent on Airtel Digital TV subscription with cash,Bills,5842.39,Net Banking,13-12-2025
Arcade video games timezone card recharge with cash,Entertainment,3582.19,Debit Card,21-11-2025
Payment for BSNL landline telephone bill via UPI,Bills,14176.21,UPI,01-07-2025
Payment for Flipkart big billion days fashion shopping using card,Shopping,13198.21,Debit Card,11-12-2025
Paid for Commercial office space rent via UPI,Bills,13998.65,Cash,17-12-2025
Paid for Non-stick cookware fry pan Hawkins via UPI,Shopping,11985.09,Debit Card,08-09-2025
Order for Piped natural gas PNG bill Adani Gas today,Bills,11539.81,Debit Card,02-10-2025
Recent jiofiber high speed internet bill via GPay,Bills,341.22,Credit Card,07-11-2025
Spent on Dental clinic teeth cleaning and scaling with cash,Healthcare,9869.03,Credit Card,22-05-2025
Spent on Bike tyre replacement MRF through app,Transportation,14289.63,Net Banking,16-07-2025
Quick adani electricity monthly bill,Bills,10509.82,Cash,18-12-2025
Spent on Car wheel alignment and balancing,Transportation,11580.65,Credit Card,17-11-2025
Spent on Eye doctor consultation and vision test through app,Healthcare,6328.85,Net Banking,10-09-2025
School admission registration fee with cash,Education,8683.2,Net Banking,25-05-2025
Bought Uber cab ride to office through app,Transportation,5811.48,Debit Card,21-05-2025
Paid for Haldirams thali lunch via UPI,Food,6172.13,UPI,28-11-2025
Paid for Root canal treatment session at dentist with cash,Healthcare,11626.55,Cash,05-03-2025
Bought School uniform and formal shoes via UPI,Education,1544.57,Cash,03-01-2025
Spent on Medical entrance coaching class fee,Education,13910.23,UPI,15-08-2025
Purchased LPG cooking gas cylinder refill Indane,Bills,1016.57,UPI,16-06-2025
Spent on Sewage and drainage municipal cess online,Bills,9817.28,Cash,08-08-2025
South Indian breakfast dosa and idli with cash,Food,3797.78,Credit Card,24-10-2025
Purchased Municipal corporation water tax bill via UPI,Bills,1288.23,UPI,02-08-2025
Paid for Dental clinic teeth cleaning and scaling,Healthcare,87.19,Net Banking,06-10-2025
Electricity bill payment Torrent Power today,Bills,959.01,Debit Card,09-11-2025
Purchased IELTS language test exam fee with cash,Education,14169.74,Credit Card,23-08-2025
Amazon Prime Video annual membership online,Entertainment,156.36,Debit Card,18-06-2025
Bought Mumbai local train monthly pass today,Transportation,7080.2,Credit Card,23-08-2025
Society monthly maintenance charges with cash,Bills,10490.21,Net Banking,04-01-2025
Purchased Makeup kit lipstick and foundation Nykaa using card,Shopping,11835.44,Debit Card,14-02-2025
Order for Coursera professional certificate course using card,Education,8896.44,Net Banking,18-01-2025
Spent on Egg and bread breakfast today,Food,1939.86,Cash,27-03-2025
Bought Mineral water jar refill with cash,Food,4817.22,Credit Card,01-05-2025
Order for Cricket stadium match ticket IPL via UPI,Entertainment,4590.65,Credit Card,19-08-2025
Order for Amazon India online order for clothes using card,Shopping,9706.57,UPI,10-10-2025
Purchased Eye doctor consultation and vision test online,Healthcare,11285.29,Credit Card,04-04-2025
Order for Ethnic kurta pajama from Manyavar with cash,Shopping,2514.86,UPI,26-08-2025
Diesel fuel for car at BPCL through app,Transportation,3014.08,Credit Card,02-07-2025
Order for Eye doctor consultation and vision test via UPI,Healthcare,14588.37,Debit Card,13-01-2025
Spent on Medicines purchased from Apollo Pharmacy using card,Healthcare,2704.58,Net Banking,13-06-2025
Bought Hostel accommodation and mess fee via UPI,Education,5856.79,Net Banking,26-01-2025
Order for Health insurance mediclaim annual premium using card,Healthcare,7682.18,Net Banking,01-04-2025
Paid for GRE exam registration fee ETS today,Education,4301.23,Cash,17-10-2025
Order for CNG gas refill for vehicle online,Transportation,14720.45,Net Banking,07-09-2025
Paid for Vi Vodafone Idea recharge pack using card,Bills,1140.03,Cash,20-12-2025
Payment for Kitchen knife set and wooden chopping board using card,Shopping,154.16,Debit Card,02-12-2025
Order for Orthopedic doctor consultation for knee joint online,Healthcare,1459.25,Net Banking,11-09-2025
Paid for Vaccination booster injection dose clinic using card,Healthcare,1219.8,Net Banking,15-12-2025
Bought Rapido bike taxi ride through app,Transportation,12754.66,Debit Card,15-11-2025
Bought Ayurvedic medicines from Patanjali store,Healthcare,1490.72,Net Banking,22-08-2025
Paid for Annual library membership renewal online,Education,7021.92,Net Banking,12-04-2025
Order for Lunch at office cafeteria with cash,Food,5829.16,Credit Card,28-10-2025
Order for Engineering textbooks and reference notes online,Education,5626.71,UPI,04-08-2025
Purchased Dinner with family at restaurant with cash,Food,746.1,UPI,22-05-2025
Spent on Weekend stand-up comedy live show ticket,Entertainment,14981.96,UPI,19-03-2025
Diesel fuel for car at BPCL with cash,Transportation,14291.08,UPI,14-02-2025
Payment for School admission registration fee online,Education,13717.39,Net Banking,12-07-2025
Spent on Robotics kit and Arduino components for college project via UPI,Education,11435.68,UPI,20-01-2025
Paid for Allen career institute installment online,Education,709.99,UPI,01-11-2025
Spent on Office canteen coupon recharge using card,Food,8682.51,Debit Card,21-07-2025
Spent on Arcade video games timezone card recharge with cash,Entertainment,7129.22,Debit Card,13-02-2025
Payment for Airport parking ticket fee via UPI,Transportation,7725.55,Cash,14-07-2025
Street food pav bhaji and chaat via UPI,Food,4110.74,UPI,20-12-2025
Spent on Bescom power supply bill using card,Bills,9069.58,Cash,28-06-2025
Payment for Allen career institute installment today,Education,4099.51,Cash,28-02-2025
Bought Cable TV network monthly operator fee,Bills,13528.36,UPI,13-07-2025
Purchased Shawarma roll street food today,Food,1641.65,UPI,17-05-2025
Emergency hospital room casualty charges,Healthcare,11695.14,Net Banking,27-06-2025
Mumbai local train monthly pass today,Transportation,2463.17,Cash,19-02-2025
Purchased Steam PC gaming summer sale purchase online,Entertainment,6366.25,Debit Card,27-10-2025
Paneer tikka and naan dinner with cash,Food,1155.78,Cash,16-10-2025
Spent on Packaged drinking water bottle using card,Food,1476.01,Credit Card,16-06-2025
Quick jiofiber high speed internet bill,Bills,9398.42,Debit Card,20-06-2025
Order for Annual library membership renewal using card,Education,5767.39,Net Banking,12-07-2025
Municipal corporation water tax bill using card,Bills,6981.18,Net Banking,15-03-2025
Spent on N95 masks and sanitizers pack online,Healthcare,5025.95,Cash,07-06-2025
Payment for School uniform and formal shoes through app,Education,9681.54,Net Banking,07-12-2025
Payment for Club entry fee Saturday night party using card,Entertainment,6598.7,Cash,12-08-2025
Bought Steam PC gaming summer sale purchase through app,Entertainment,1320.52,Cash,14-11-2025
Delhi metro card topup using card,Transportation,9687.85,Net Banking,19-06-2025
Bought GRE exam registration fee ETS using card,Education,14361.51,Cash,08-07-2025
Amazon India online order for clothes via UPI,Shopping,10656.49,Credit Card,04-07-2025
Payment for Airtel Digital TV subscription via UPI,Bills,1613.96,Debit Card,28-01-2025
Paid for Home decor flower vase and curtains through app,Shopping,3515.83,Credit Card,02-03-2025
Spent on Multivitamin tablets and zinc supplements via UPI,Healthcare,3468.97,UPI,10-08-2025
Paid for Apartment clubhouse utility maintenance via UPI,Bills,10353.45,Debit Card,26-08-2025
Charges paid for indigo domestic flight ticket,Transportation,13803.31,Credit Card,23-04-2025
Payment for Adani electricity monthly bill,Bills,3489.6,Net Banking,07-01-2025
Payment for Physiotherapy rehabilitation session online,Healthcare,14177.46,Debit Card,07-11-2025
"Paid for Milk, butter and dairy products with cash",Food,14066.74,UPI,19-10-2025
Purchased Home decor flower vase and curtains using card,Shopping,5945.0,Debit Card,15-05-2025
Order for Ray-Ban UV protection sunglasses using card,Shopping,507.88,Cash,10-05-2025
Order for Women handbag and leather purse today,Shopping,5347.14,UPI,12-11-2025
Vaccination booster injection dose clinic online,Healthcare,1614.83,UPI,10-02-2025
Payment for Scientific calculator Casio fx-991CW,Education,6435.15,Debit Card,22-10-2025
Paid for Dental clinic teeth cleaning and scaling today,Healthcare,1866.64,Cash,13-04-2025
Purchased Electricity bill payment Torrent Power using card,Bills,7970.09,Credit Card,24-04-2025
Order for Ray-Ban UV protection sunglasses online,Shopping,2681.74,Credit Card,04-07-2025
Payment for Health insurance mediclaim annual premium via UPI,Healthcare,5281.07,Cash,01-02-2025
Charges paid for solar rooftop maintenance service charge,Bills,5464.95,Credit Card,22-12-2025
Purchased Bakery fresh bread and cake via UPI,Food,6214.46,Cash,18-01-2025
Payment for Supermarket monthly ration purchase via UPI,Food,13666.53,UPI,03-07-2025
Purchased House rental payment to landlord through app,Bills,2319.09,Net Banking,07-09-2025
Purchased Winter jacket and woolen sweater with cash,Shopping,9819.43,Debit Card,26-05-2025
Paid for Blinkit grocery delivery with cash,Food,12388.4,Credit Card,28-08-2025
Purchased Subway sandwich lunch online,Food,11961.72,Cash,10-11-2025
"Payment for Milk, butter and dairy products via UPI",Food,8153.55,UPI,25-12-2025
Spent on Blinkit grocery delivery with cash,Food,3321.35,Net Banking,08-02-2025
Order for Airtel broadband fiber bill payment via UPI,Bills,3190.77,UPI,11-11-2025
Payment for LPG cooking gas cylinder refill Indane today,Bills,4185.66,UPI,11-08-2025
Spent on MRI brain scan diagnostic center fee via UPI,Healthcare,2960.58,Credit Card,09-05-2025
Spent on Homeopathy clinic consultation and pills with cash,Healthcare,10920.97,Debit Card,24-11-2025
Spent on Online masterclass workshop on AI with cash,Education,3599.51,Cash,24-09-2025
Order for Waffle and dessert parlour via UPI,Food,4465.5,UPI,18-08-2025
Purchased Running sports shoes from Nike store,Shopping,14538.86,Net Banking,13-12-2025
Order for Toll plaza tax cash payment online,Transportation,11936.85,Cash,20-12-2025
Bought Auto rickshaw fare by meter through app,Transportation,3143.52,UPI,06-10-2025
Purchased Helicopter shuttle ticket online,Transportation,2559.85,Credit Card,02-07-2025
Payment for Women handbag and leather purse through app,Shopping,14201.8,Credit Card,10-02-2025
Payment for Subway train token via UPI,Transportation,5261.25,Net Banking,21-12-2025
MRI brain scan diagnostic center fee today,Healthcare,3741.36,Credit Card,08-10-2025
Order for Amusement park ticket Imagicaa online,Entertainment,12753.08,Debit Card,23-12-2025
Order for Society monthly maintenance charges today,Bills,1966.57,Cash,12-10-2025
Order for College semester tuition fee via UPI,Education,13522.5,Net Banking,25-04-2025
Bought Shawarma roll street food via UPI,Food,7046.91,Credit Card,26-02-2025
Apartment clubhouse utility maintenance using card,Bills,8830.39,Net Banking,11-10-2025
Purchased IMAX 3D cinema ticket INOX today,Entertainment,12711.39,Debit Card,13-11-2025
School admission registration fee online,Education,11300.31,Debit Card,06-02-2025
Paid for Apartment clubhouse utility maintenance using card,Bills,8472.3,UPI,06-04-2025
Recent two wheeler periodic servicing via GPay,Transportation,2957.03,Debit Card,20-10-2025
Order for Medicines purchased from Apollo Pharmacy,Healthcare,780.14,Debit Card,12-03-2025
Purchased Dr Lal Pathlabs CBC and thyroid test today,Healthcare,697.55,Debit Card,18-05-2025
Bill payment for tata play dth satellite dish recharge,Bills,4931.78,Debit Card,11-07-2025
Disney+ Hotstar sports subscription through app,Entertainment,7265.33,Cash,02-02-2025
Bought IndiGo domestic flight ticket today,Transportation,5857.64,Net Banking,09-05-2025
Payment for Piped natural gas PNG bill Adani Gas online,Bills,13626.22,Debit Card,05-08-2025
Spent on Chai and samosa at tea stall online,Food,10523.67,UPI,14-11-2025
Payment for Perfume bottle and deodorant spray with cash,Shopping,91.31,UPI,16-01-2025
Order for Biryani combo meal from Behrouz today,Food,917.3,Net Banking,09-04-2025
Bought FASTag highway toll recharge with cash,Transportation,6324.31,Credit Card,11-07-2025
Paid for Petrol refill at Indian Oil pump,Transportation,4272.74,UPI,22-08-2025
Doctor consultation fee general physician with cash,Healthcare,11652.9,Net Banking,24-09-2025
Order for Flipkart big billion days fashion shopping today,Shopping,7209.6,Debit Card,11-12-2025
Bought Solar rooftop maintenance service charge via UPI,Bills,857.26,Net Banking,23-10-2025
"Purchased Stationery notebook, registers and pens today",Education,13842.04,UPI,27-10-2025
Payment for Home decor flower vase and curtains through app,Shopping,4993.11,Debit Card,11-09-2025
Robotics kit and Arduino components for college project today,Education,11456.35,Net Banking,22-03-2025
Paid for Two-wheeler comprehensive insurance renewal,Transportation,6439.59,UPI,25-05-2025
Payment for Grocery shopping at DMart today,Food,13386.97,Cash,21-01-2025
Spent on Spotify music premium annual plan using card,Entertainment,7779.34,Cash,13-10-2025
Payment for School uniform and formal shoes,Education,6435.23,Debit Card,12-08-2025
Paid for Commercial office space rent with cash,Bills,7424.74,UPI,19-09-2025
Paid for Mineral water jar refill using card,Food,8826.19,Net Banking,03-05-2025
Purchased Petrol refill at Indian Oil pump via UPI,Transportation,14542.94,Credit Card,16-11-2025
Payment for Tata Play DTH satellite dish recharge online,Bills,8642.33,UPI,20-07-2025
Amusement park ticket Imagicaa using card,Entertainment,10609.78,Cash,03-12-2025
Purchased Haldirams thali lunch online,Food,3841.81,Cash,14-10-2025
Bought Board game Catan purchase for game night through app,Entertainment,9442.7,UPI,25-08-2025
JioFiber high speed internet bill via UPI,Bills,11215.09,UPI,10-05-2025
Paid for Makeup kit lipstick and foundation Nykaa,Shopping,12895.21,Debit Card,06-05-2025
Purchased Discord Nitro monthly renewal through app,Entertainment,2091.59,Cash,01-01-2025
Order for JioFiber high speed internet bill via UPI,Bills,532.51,Net Banking,09-04-2025
Paid for Vaccination booster injection dose clinic,Healthcare,2185.24,Credit Card,06-03-2025
Weekly vegetable vendor payment using card,Food,9182.23,Credit Card,04-07-2025
Casual t-shirts pack from Zara using card,Shopping,2003.79,UPI,23-10-2025
Bill payment for diagnostic chest x-ray digital scan,Healthcare,2861.96,UPI,04-03-2025
Municipal property tax annual payment via UPI,Bills,6540.53,Debit Card,08-12-2025
Paid for Netflix monthly premium 4K subscription with cash,Entertainment,13619.72,Cash,20-10-2025
Spent on Subway sandwich lunch via UPI,Food,10256.82,Cash,05-11-2025
Bike tyre replacement MRF through app,Transportation,10576.9,Net Banking,02-06-2025
Payment for Degree convocation certificate fee online,Education,10289.38,UPI,11-12-2025
Bought Vaccination booster injection dose clinic,Healthcare,1642.11,Credit Card,01-09-2025
Purchased Residential garbage collection charge today,Bills,625.6,Cash,28-08-2025
Spent on Root canal treatment session at dentist using card,Healthcare,9886.11,Cash,04-05-2025
Spent on Netflix monthly premium 4K subscription via UPI,Entertainment,10767.6,Credit Card,04-11-2025
Haldirams thali lunch today,Food,8662.85,Cash,20-11-2025
Bought Smartwatch fitness tracker noise today,Shopping,7035.66,UPI,19-10-2025
Casual t-shirts pack from Zara through app,Shopping,6390.78,Net Banking,03-10-2025
Bill payment for music concert festival pass,Entertainment,3573.81,Debit Card,23-09-2025
Purchased House rental payment to landlord with cash,Bills,4963.16,Net Banking,17-05-2025
Paid for Morning coffee and cookies with cash,Food,4512.56,Debit Card,25-05-2025
Spent on BookMyShow movie ticket PVR Cinemas online,Entertainment,12703.24,Credit Card,03-07-2025
Order for Mobile back cover and tempered glass screen today,Shopping,14502.74,Debit Card,18-01-2025
Spent on Coursera professional certificate course,Education,9473.77,Credit Card,01-09-2025
Spent on Art drawing book and acrylic colors,Education,14860.48,Debit Card,22-01-2025
Paid for School annual sports and picnic fee online,Education,13400.99,Debit Card,20-02-2025
Chai and samosa at tea stall,Food,13676.72,Debit Card,25-10-2025
Paid for Coursera professional certificate course using card,Education,2945.13,Debit Card,12-12-2025
Payment for Lunch at office cafeteria with cash,Food,6708.1,Debit Card,16-09-2025
Payment for Rapido bike taxi ride via UPI,Transportation,11875.74,Credit Card,01-07-2025
Payment for Jio prepaid mobile phone recharge,Bills,281.91,UPI,14-05-2025
Medicines purchased from Apollo Pharmacy using card,Healthcare,204.77,Credit Card,01-03-2025
Bought Arcade video games timezone card recharge through app,Entertainment,6126.23,UPI,26-05-2025
Breakfast buffet at hotel using card,Food,11429.84,Credit Card,19-03-2025
Paid for Car wheel alignment and balancing through app,Transportation,1173.08,Credit Card,17-06-2025
"Stationery notebook, registers and pens using card",Education,10350.5,Cash,06-11-2025
Paid for Auto rickshaw fare by meter via UPI,Transportation,6296.7,Net Banking,21-05-2025
Paid for Helicopter shuttle ticket via UPI,Transportation,2240.97,Net Banking,27-07-2025
Expense on diagnostic chest x-ray digital scan,Healthcare,11126.46,UPI,10-03-2025
Order for Allen career institute installment through app,Education,1052.76,Net Banking,05-01-2025
Bought College semester tuition fee with cash,Education,11894.82,Net Banking,18-08-2025
Purchased Swiggy food delivery using card,Food,12285.16,Net Banking,18-11-2025
Mobile back cover and tempered glass screen,Shopping,3731.79,Net Banking,08-05-2025
Purchased Chinese noodles and fried rice through app,Food,4801.99,Credit Card,06-09-2025
Payment for Office formal leather shoes Bata online,Shopping,3837.88,Credit Card,25-11-2025
Bought Morning coffee and cookies using card,Food,798.7,Credit Card,28-01-2025
Parking slip charges at shopping mall today,Transportation,13940.02,Net Banking,01-10-2025
Paid for Art museum gallery exhibition entry today,Entertainment,5992.93,Net Banking,27-02-2025
Order for Doctor consultation fee general physician online,Healthcare,5728.93,Debit Card,07-08-2025
Quick popcorn and nachos combo at cinema hall,Entertainment,2564.86,Debit Card,12-07-2025
Purchased Doctor consultation fee general physician using card,Healthcare,5059.48,Debit Card,04-06-2025
Bought Society monthly maintenance charges,Bills,12105.82,Credit Card,14-10-2025
Paid for Residential garbage collection charge,Bills,10321.25,Credit Card,02-10-2025
Recent mumbai local train monthly pass via GPay,Transportation,11609.2,Debit Card,11-10-2025
Order for KFC fried chicken via UPI,Food,8966.57,Cash,13-07-2025
Purchased Amusement park ticket Imagicaa online,Entertainment,821.68,Credit Card,10-07-2025
Paid for Helicopter shuttle ticket through app,Transportation,2226.49,UPI,23-09-2025
Degree convocation certificate fee today,Education,10978.03,Net Banking,22-10-2025
Spent on Bicycle puncture repair and tube using card,Transportation,6359.81,Credit Card,07-11-2025
Paid for Engineering textbooks and reference notes with cash,Education,9517.7,Credit Card,04-04-2025
Paid for Flipkart big billion days fashion shopping with cash,Shopping,329.28,Credit Card,01-05-2025
Order for Non-stick cookware fry pan Hawkins using card,Shopping,14626.88,Cash,12-12-2025
Coursera professional certificate course with cash,Education,2650.02,Credit Card,10-09-2025
Bought Annual library membership renewal using card,Education,12753.57,UPI,17-06-2025
Payment for Formal cotton shirt and denim jeans via UPI,Shopping,5641.68,Credit Card,08-10-2025
Order for Car engine oil change and service,Transportation,3559.05,Cash,02-01-2025
Payment for Gourmet pasta at Italian cafe using card,Food,1416.45,Cash,11-11-2025
Purchased Diagnostic chest X-ray digital scan today,Healthcare,1050.1,UPI,26-10-2025
Payment for Airtel postpaid monthly mobile bill online,Bills,11597.55,Credit Card,02-05-2025
Quick laptop sleeve and water resistant backpack,Shopping,14903.04,UPI,23-07-2025
"Bought Stationery notebook, registers and pens using card",Education,6000.01,UPI,15-07-2025
Purchased GRE exam registration fee ETS with cash,Education,1777.27,Net Banking,13-07-2025
Order for Apartment clubhouse utility maintenance today,Bills,10061.14,UPI,07-09-2025
Purchased Barbeque Nation buffet dinner through app,Food,9856.78,Net Banking,07-04-2025
Vaccination booster injection dose clinic using card,Healthcare,11418.36,Cash,02-02-2025
Discord Nitro monthly renewal with cash,Entertainment,4439.32,Net Banking,17-09-2025
Purchased Car wheel alignment and balancing through app,Transportation,4966.18,Net Banking,21-05-2025
Bill payment for scientific calculator casio fx-991cw,Education,1672.44,Credit Card,07-02-2025
Payment for Theater drama evening show ticket today,Entertainment,11125.88,UPI,28-04-2025
Expense on arcade video games timezone card recharge,Entertainment,11405.67,Debit Card,28-03-2025
Spent on Car wheel alignment and balancing with cash,Transportation,11473.27,Net Banking,19-02-2025
Order for Vi Vodafone Idea recharge pack using card,Bills,13835.19,Credit Card,23-02-2025
Order for Lunch at office cafeteria online,Food,13110.63,Credit Card,26-10-2025
Municipal corporation water tax bill via UPI,Bills,13192.01,Net Banking,03-03-2025
Order for Residential garbage collection charge online,Bills,3610.64,UPI,19-01-2025
Purchased Women handbag and leather purse using card,Shopping,8463.38,Cash,02-12-2025
Payment for Vi Vodafone Idea recharge pack with cash,Bills,400.31,Debit Card,15-04-2025
Bought Art museum gallery exhibition entry online,Entertainment,6817.02,UPI,17-09-2025
Payment for JioFiber high speed internet bill today,Bills,14273.31,UPI,14-11-2025
Paid for Spectacles frame and prescription lenses Lenskart through app,Healthcare,12892.37,Debit Card,04-04-2025
Solar rooftop maintenance service charge today,Bills,7142.39,Debit Card,06-02-2025
Dominos cheese pizza using card,Food,226.71,Credit Card,13-10-2025
Order for Adani electricity monthly bill through app,Bills,3328.7,Credit Card,26-03-2025
Bought House rental payment to landlord using card,Bills,12114.48,Net Banking,25-09-2025
Order for Makeup kit lipstick and foundation Nykaa via UPI,Shopping,543.44,Net Banking,28-05-2025
Bought MRI brain scan diagnostic center fee today,Healthcare,7322.0,Cash,21-04-2025
Spent on Haldirams thali lunch,Food,7686.19,UPI,16-10-2025
Payment for Helicopter shuttle ticket via UPI,Transportation,12901.74,Debit Card,13-05-2025
Order for Winter jacket and woolen sweater today,Shopping,6387.02,Cash,11-01-2025
Spent on Auto rickshaw fare by meter,Transportation,14019.77,Credit Card,23-12-2025
Purchased Arcade video games timezone card recharge using card,Entertainment,9974.17,Credit Card,07-04-2025
Robotics kit and Arduino components for college project using card,Education,11302.26,Credit Card,02-02-2025
Bicycle puncture repair and tube using card,Transportation,8647.46,Credit Card,03-09-2025
Spent on Club entry fee Saturday night party via UPI,Entertainment,2058.1,Cash,28-02-2025
Order for Grocery shopping at DMart online,Food,195.36,Debit Card,08-05-2025
Car engine oil change and service through app,Transportation,2206.95,Credit Card,07-05-2025
Paid for Zepto quick grocery order using card,Food,14011.86,Net Banking,22-08-2025
Charges paid for homeopathy clinic consultation and pills,Healthcare,11664.04,Debit Card,24-02-2025
Breakfast buffet at hotel online,Food,996.87,Debit Card,01-12-2025
LPG cooking gas cylinder refill Indane through app,Bills,7206.59,UPI,22-02-2025
Spent on Residential garbage collection charge via UPI,Bills,13806.57,UPI,11-02-2025
Order for Smartwatch fitness tracker noise,Shopping,8120.49,Net Banking,10-07-2025
Spent on Board game Catan purchase for game night using card,Entertainment,1477.58,Cash,05-05-2025
Order for Two wheeler periodic servicing using card,Transportation,7697.76,UPI,22-06-2025
Purchased Mobile back cover and tempered glass screen online,Shopping,12920.39,Net Banking,15-06-2025
Office canteen coupon recharge with cash,Food,2077.05,Net Banking,02-05-2025
Payment for Car engine oil change and service via UPI,Transportation,14757.74,UPI,15-06-2025
Bought Paneer tikka and naan dinner today,Food,8502.7,Credit Card,10-01-2025
Paid for Vi Vodafone Idea recharge pack today,Bills,3201.16,Cash,13-09-2025
Recent cricket stadium match ticket ipl via GPay,Entertainment,4109.76,Net Banking,09-02-2025
Paid for Amazon Prime Video annual membership with cash,Entertainment,6750.85,Debit Card,20-09-2025
Paid for Diagnostic chest X-ray digital scan today,Healthcare,8785.39,Credit Card,09-11-2025
Spent on Metro smart card recharge with cash,Transportation,7807.57,Cash,18-12-2025
Order for IndiGo domestic flight ticket using card,Transportation,14997.33,Cash,05-04-2025
Spent on Hostel accommodation and mess fee with cash,Education,2557.25,Debit Card,10-04-2025
Amusement park ticket Imagicaa via UPI,Entertainment,1914.1,UPI,06-02-2025
Order for N95 masks and sanitizers pack,Healthcare,14323.86,Credit Card,09-09-2025
Payment for Airtel Digital TV subscription through app,Bills,2240.05,Credit Card,16-01-2025
Charges paid for jiofiber high speed internet bill,Bills,50.53,Cash,04-09-2025
Payment for Health insurance mediclaim annual premium using card,Healthcare,11537.27,Debit Card,11-07-2025
Expense on municipal corporation water tax bill,Bills,12061.0,Net Banking,28-02-2025
Spent on Udemy python programming bootcamp via UPI,Education,14359.45,UPI,08-05-2025
Spent on Flipkart big billion days fashion shopping via UPI,Shopping,9844.47,Credit Card,17-05-2025
Bought Water park entry ticket with locker through app,Entertainment,2073.77,Credit Card,01-05-2025
Spent on School admission registration fee with cash,Education,12517.67,UPI,16-10-2025
Order for Art drawing book and acrylic colors with cash,Education,10607.19,Net Banking,06-03-2025
Expense on egg and bread breakfast,Food,9598.73,Debit Card,12-10-2025
Bought Physiotherapy rehabilitation session through app,Healthcare,11314.99,Net Banking,25-12-2025
Bought Mineral water jar refill via UPI,Food,3985.36,UPI,24-02-2025
Spent on Ethnic kurta pajama from Manyavar today,Shopping,8898.94,Credit Card,27-07-2025
Spent on Mineral water jar refill online,Food,4659.88,Net Banking,16-08-2025
Order for Bowling alley game session at Smaaash via UPI,Entertainment,854.04,Credit Card,18-04-2025
Bedsheet set and cotton pillow covers via UPI,Shopping,1454.1,Credit Card,11-11-2025
Payment for Water park entry ticket with locker today,Entertainment,11808.19,UPI,01-11-2025
Bought Electric scooter charging fee via UPI,Transportation,1466.27,Debit Card,09-02-2025
Metro smart card recharge today,Transportation,10713.84,Debit Card,13-02-2025
Municipal property tax annual payment using card,Bills,570.66,Net Banking,06-03-2025
Order for Bowling alley game session at Smaaash through app,Entertainment,13854.19,UPI,14-04-2025
Payment for Swiggy food delivery with cash,Food,12123.57,Debit Card,27-12-2025
Payment for Sewage and drainage municipal cess online,Bills,4362.76,Debit Card,20-02-2025
Spent on Weekly vegetable vendor payment today,Food,11362.63,Net Banking,24-04-2025
Bought Doctor consultation fee general physician online,Healthcare,5973.42,Credit Card,27-06-2025
Vi Vodafone Idea recharge pack,Bills,8762.45,Debit Card,21-01-2025
Physics laboratory practical record file online,Education,14668.35,Net Banking,19-04-2025
Recent youtube premium family plan renewal via GPay,Entertainment,14793.35,Net Banking,12-02-2025
Bakery fresh bread and cake,Food,5744.01,UPI,22-01-2025
Payment for Packaged drinking water bottle,Food,2585.26,Net Banking,06-03-2025
Bought Car engine oil change and service,Transportation,3514.26,Net Banking,12-03-2025
Recent sewage and drainage municipal cess via GPay,Bills,8897.59,UPI,15-03-2025
Order for Kindle academic ebook purchase online,Education,5400.29,Credit Card,07-06-2025
Paid for House rental payment to landlord via UPI,Bills,13088.12,Credit Card,22-04-2025
Bought Solar rooftop maintenance service charge through app,Bills,6729.85,Net Banking,07-04-2025
Order for Arcade video games timezone card recharge today,Entertainment,10016.62,UPI,20-11-2025
Spent on Engineering textbooks and reference notes,Education,8079.37,Net Banking,10-01-2025
Purchased Board game Catan purchase for game night with cash,Entertainment,6728.49,Cash,20-10-2025
Spent on Club entry fee Saturday night party through app,Entertainment,3404.61,Debit Card,10-07-2025
Payment for Residential garbage collection charge today,Bills,13466.01,Debit Card,16-05-2025
Bought Gourmet pasta at Italian cafe through app,Food,885.88,Debit Card,06-09-2025
Society monthly maintenance charges,Bills,2721.99,Debit Card,14-01-2025
Paid for Amusement park ticket Imagicaa online,Entertainment,1851.18,Credit Card,15-06-2025
Expense on college semester tuition fee,Education,6366.11,UPI,08-10-2025
Spent on Music concert festival pass online,Entertainment,11189.63,UPI,02-01-2025
Payment for Mumbai local train monthly pass via UPI,Transportation,7782.99,UPI,24-04-2025
Bought Electricity bill payment Torrent Power today,Bills,14464.44,UPI,04-11-2025
Payment for Municipal corporation water tax bill through app,Bills,3629.8,Net Banking,07-07-2025
Payment for PlayStation Network PS5 game purchase via UPI,Entertainment,6670.14,UPI,10-09-2025
Bought Protein whey powder isolate gym supplement using card,Healthcare,10465.82,Net Banking,08-02-2025
Spent on Tutor private tuition fee for maths via UPI,Education,8865.01,UPI,26-08-2025
Order for Bakery fresh bread and cake via UPI,Food,12324.21,Cash,26-03-2025
Spent on Annual library membership renewal using card,Education,3020.61,UPI,07-07-2025
Order for Robotics kit and Arduino components for college project through app,Education,5153.29,Net Banking,05-03-2025
Purchased Online masterclass workshop on AI via UPI,Education,14935.28,Net Banking,26-01-2025
Spent on YouTube Premium family plan renewal with cash,Entertainment,3932.1,Credit Card,16-04-2025
Paid for Ray-Ban UV protection sunglasses through app,Shopping,599.38,Net Banking,04-08-2025
Order for Ethnic kurta pajama from Manyavar using card,Shopping,7970.92,Cash,05-11-2025
Bought Physics laboratory practical record file,Education,10269.78,Debit Card,22-09-2025
Order for Swiggy food delivery through app,Food,7369.18,UPI,05-10-2025
Purchased Gourmet pasta at Italian cafe,Food,14297.59,Cash,17-12-2025
Paid for Eye doctor consultation and vision test using card,Healthcare,8241.34,UPI,05-07-2025
Spent on Doctor consultation fee general physician via UPI,Healthcare,9099.83,UPI,08-06-2025
Recent solar rooftop maintenance service charge via GPay,Bills,8559.56,Debit Card,15-06-2025
Bought Zepto quick grocery order,Food,3141.27,Debit Card,13-08-2025
Recent hostel accommodation and mess fee via GPay,Education,507.98,UPI,06-05-2025
Paid for Makeup kit lipstick and foundation Nykaa today,Shopping,6371.97,Debit Card,08-04-2025
Paid for Health insurance mediclaim annual premium today,Healthcare,11497.07,Debit Card,07-03-2025
Payment for BookMyShow movie ticket PVR Cinemas via UPI,Entertainment,8384.48,UPI,19-02-2025
Blinkit grocery delivery with cash,Food,1441.31,Cash,26-06-2025
Paid for Commercial office space rent through app,Bills,9574.54,Credit Card,13-05-2025
Bought Online masterclass workshop on AI via UPI,Education,8952.34,Cash,15-03-2025
Bill payment for water park entry ticket with locker,Entertainment,3259.37,Cash,09-02-2025
Purchased Medicines purchased from Apollo Pharmacy,Healthcare,9235.04,UPI,24-09-2025
Paid for House rental payment to landlord,Bills,6498.15,Debit Card,08-06-2025
Purchased Homeopathy clinic consultation and pills today,Healthcare,3016.86,Cash,15-02-2025
Rapido bike taxi ride via UPI,Transportation,14046.91,Net Banking,01-04-2025
Solar rooftop maintenance service charge online,Bills,5963.12,Credit Card,10-03-2025
Spent on Ice cream tub from Naturals using card,Food,11237.03,Debit Card,07-07-2025
"Payment for Stationery notebook, registers and pens with cash",Education,4224.74,Debit Card,21-10-2025
Purchased Late night snacks delivery online,Food,4019.68,Cash,19-04-2025
Order for Pediatrician consultation for baby child using card,Healthcare,2310.8,Net Banking,04-11-2025
Ice cream tub from Naturals,Food,9100.51,Net Banking,09-08-2025
Paid for Ray-Ban UV protection sunglasses today,Shopping,8935.48,UPI,16-01-2025
Bought Arcade video games timezone card recharge online,Entertainment,14870.03,Net Banking,06-09-2025
Payment for Office formal leather shoes Bata through app,Shopping,10570.24,Cash,21-08-2025
Purchased Egg and bread breakfast through app,Food,11127.12,Cash,28-06-2025
Order for Home decor flower vase and curtains through app,Shopping,11967.92,Credit Card,11-10-2025
Juice bar fresh mango juice via UPI,Food,6436.65,Net Banking,02-06-2025
Order for BSNL landline telephone bill using card,Bills,889.69,Credit Card,07-12-2025
Purchased College semester tuition fee via UPI,Education,9234.73,Credit Card,26-03-2025
Spent on Coursera professional certificate course today,Education,12464.71,Debit Card,11-12-2025
Order for School uniform and formal shoes through app,Education,1795.92,Net Banking,17-04-2025
Morning coffee and cookies using card,Food,5300.91,Net Banking,04-08-2025
Purchased Bowling alley game session at Smaaash using card,Entertainment,13165.03,Cash,18-04-2025
Payment for Car wash and interior vacuuming today,Transportation,6792.1,Credit Card,12-10-2025
Charges paid for office canteen coupon recharge,Food,9154.58,Debit Card,27-09-2025
Bought Fresh vegetables and fruits from market online,Food,14532.71,Cash,26-06-2025
Order for College semester tuition fee using card,Education,14730.58,Net Banking,23-08-2025
Netflix monthly premium 4K subscription via UPI,Entertainment,9085.86,Credit Card,20-01-2025
Bought Kindle academic ebook purchase using card,Education,12968.64,Debit Card,17-01-2025
Paid for Barbeque Nation buffet dinner via UPI,Food,12433.74,Debit Card,18-10-2025
Order for Annual library membership renewal with cash,Education,8241.48,Debit Card,21-11-2025
Disney+ Hotstar sports subscription online,Entertainment,10877.1,Credit Card,10-11-2025
Spent on IMAX 3D cinema ticket INOX today,Entertainment,7009.56,Cash,02-01-2025
Bought Ice cream tub from Naturals via UPI,Food,3387.4,Cash,27-03-2025
Paid for N95 masks and sanitizers pack online,Healthcare,10566.14,Net Banking,01-06-2025
Paid for Momos and soup stall through app,Food,2799.1,UPI,05-12-2025
Paid for JioFiber high speed internet bill using card,Bills,8989.64,Net Banking,28-05-2025
Bought Online masterclass workshop on AI with cash,Education,1651.94,Debit Card,08-11-2025
Paid for IndiGo domestic flight ticket online,Transportation,976.93,Net Banking,02-05-2025
Payment for Hostel accommodation and mess fee using card,Education,1817.48,Credit Card,16-08-2025
Expense on formal cotton shirt and denim jeans,Shopping,13012.67,Net Banking,24-05-2025
Payment for Morning coffee and cookies today,Food,12394.29,Cash,27-02-2025
Spent on Sweets and farsan from sweet shop today,Food,1440.75,Credit Card,28-09-2025
Expense on bsnl landline telephone bill,Bills,7566.76,UPI,20-05-2025
Paid for Uber cab ride to office,Transportation,9397.29,Credit Card,08-08-2025
Bought BSNL landline telephone bill online,Bills,14256.66,UPI,26-07-2025
Purchased Women handbag and leather purse today,Shopping,6476.74,Credit Card,21-07-2025
Paid for Leather wallet and formal belt via UPI,Shopping,2249.74,Credit Card,24-12-2025
Spent on Protein whey powder isolate gym supplement via UPI,Healthcare,6651.37,Net Banking,06-10-2025
Protein whey powder isolate gym supplement through app,Healthcare,5194.55,Net Banking,27-02-2025
Payment for Airtel Digital TV subscription,Bills,2831.57,Cash,19-07-2025
Purchased Bike tyre replacement MRF with cash,Transportation,11132.32,Debit Card,24-10-2025
Payment for Egg and bread breakfast,Food,4002.14,Credit Card,02-11-2025
Bought Hostel accommodation and mess fee using card,Education,11748.63,Debit Card,25-06-2025
Order for Casual t-shirts pack from Zara using card,Shopping,3255.26,UPI,07-04-2025
Purchased Car wheel alignment and balancing via UPI,Transportation,1462.54,Cash,27-05-2025
Spent on Perfume bottle and deodorant spray via UPI,Shopping,11643.42,Net Banking,05-12-2025
Wireless bluetooth neckband earphones via UPI,Shopping,14890.87,Debit Card,20-01-2025
Order for Disney+ Hotstar sports subscription with cash,Entertainment,11044.66,Net Banking,25-06-2025
Paid for Two wheeler periodic servicing today,Transportation,3016.27,UPI,23-12-2025
Ethnic kurta pajama from Manyavar via UPI,Shopping,14087.67,UPI,03-03-2025
Bill payment for playstation network ps5 game purchase,Entertainment,8098.57,Credit Card,04-03-2025
Bought Chinese noodles and fried rice through app,Food,13419.31,UPI,08-12-2025
Payment for Two-wheeler comprehensive insurance renewal online,Transportation,4380.36,Cash,02-12-2025
Spent on Uber cab ride to office using card,Transportation,5126.11,Cash,10-06-2025
Spent on IMAX 3D cinema ticket INOX,Entertainment,258.02,Debit Card,06-11-2025
Purchased Coursera professional certificate course via UPI,Education,14777.95,Credit Card,11-05-2025
Payment for Makeup kit lipstick and foundation Nykaa,Shopping,14991.88,Cash,27-06-2025
Bought Swiggy food delivery through app,Food,13524.03,Cash,16-05-2025
Purchased Emergency hospital room casualty charges through app,Healthcare,13660.21,Debit Card,10-07-2025
Spent on Udemy python programming bootcamp,Education,13488.09,Net Banking,24-05-2025
Order for Grocery shopping at DMart using card,Food,5629.35,Cash,21-11-2025
Spent on Electric scooter charging fee,Transportation,4269.24,UPI,25-07-2025
Metro smart card recharge with cash,Transportation,7462.45,Debit Card,23-05-2025
Spent on Club entry fee Saturday night party today,Entertainment,1650.71,UPI,11-04-2025
Spent on PlayStation Network PS5 game purchase through app,Entertainment,11812.18,Net Banking,25-12-2025
Paid for Prepaid electricity smart meter recharge through app,Bills,3198.73,Debit Card,24-12-2025
Spent on Amazon India online order for clothes with cash,Shopping,5463.77,Cash,04-11-2025
Charges paid for formal cotton shirt and denim jeans,Shopping,10678.48,UPI,10-10-2025
Bought Multivitamin tablets and zinc supplements,Healthcare,9662.65,Credit Card,12-10-2025
Bought Hostel accommodation and mess fee,Education,8993.43,Debit Card,17-05-2025
Spent on Uber cab ride to office via UPI,Transportation,10564.81,Credit Card,19-08-2025
Purchased School annual sports and picnic fee,Education,10669.46,Debit Card,02-04-2025
Purchased Tutor private tuition fee for maths using card,Education,12278.28,Cash,09-10-2025
Spent on Jio prepaid mobile phone recharge,Bills,6013.3,Cash,07-04-2025
Diagnostic chest X-ray digital scan using card,Healthcare,11039.21,Net Banking,20-11-2025
Purchased Spotify music premium annual plan,Entertainment,9314.85,Cash,07-03-2025
Paid for Intercity bus ticket via RedBus today,Transportation,7257.85,Debit Card,01-10-2025
"Payment for Milk, butter and dairy products online",Food,9292.76,Net Banking,02-07-2025
Bill payment for cafe coffee day cold coffee,Food,14499.3,Net Banking,15-03-2025
Purchased Home decor flower vase and curtains through app,Shopping,68.05,Cash,17-03-2025
Purchased Protein whey powder isolate gym supplement,Healthcare,8708.18,Cash,07-11-2025
Bill payment for kindle academic ebook purchase,Education,3365.92,Net Banking,08-07-2025
Recent homeopathy clinic consultation and pills via GPay,Healthcare,13734.51,UPI,02-11-2025
Haldirams thali lunch with cash,Food,12039.83,Credit Card,25-04-2025
Bought Art drawing book and acrylic colors through app,Education,7948.4,UPI,13-05-2025
Spotify music premium annual plan today,Entertainment,6362.61,UPI,24-12-2025
Paid for N95 masks and sanitizers pack,Healthcare,535.67,Debit Card,24-10-2025
Paid for Home decor flower vase and curtains using card,Shopping,14123.64,Cash,03-10-2025
Paid for Popcorn and nachos combo at cinema hall online,Entertainment,2541.65,Cash,26-07-2025
Car engine oil change and service via UPI,Transportation,14328.02,Net Banking,22-09-2025
Paid for Casual t-shirts pack from Zara via UPI,Shopping,7815.07,Net Banking,26-09-2025
Charges paid for allen career institute installment,Education,2766.8,Cash,28-09-2025
Quick eye doctor consultation and vision test,Healthcare,6623.99,Credit Card,18-06-2025
Payment for Diesel fuel for car at BPCL through app,Transportation,14387.57,Cash,11-11-2025
Spent on Biryani combo meal from Behrouz using card,Food,3172.89,Debit Card,10-01-2025
Paid for Degree convocation certificate fee with cash,Education,4648.33,Debit Card,10-08-2025
Paid for Piped natural gas PNG bill Adani Gas online,Bills,2396.67,Credit Card,13-05-2025
Paid for Mumbai local train monthly pass using card,Transportation,11249.6,Net Banking,08-09-2025
Expense on vaccination booster injection dose clinic,Healthcare,10219.31,Net Banking,08-12-2025
Payment for BSNL landline telephone bill online,Bills,1296.62,Credit Card,04-09-2025
Payment for Tutor private tuition fee for maths,Education,8111.48,Credit Card,08-07-2025
Paid for Online masterclass workshop on AI online,Education,4343.68,Cash,26-08-2025
Bought Allen career institute installment through app,Education,4835.74,Cash,07-08-2025
Bought Dental clinic teeth cleaning and scaling,Healthcare,6627.68,UPI,12-03-2025
Medplus generic pharmacy medicine bill,Healthcare,14151.17,Credit Card,10-02-2025
Payment for Bedsheet set and cotton pillow covers with cash,Shopping,1556.56,UPI,15-06-2025
Spent on Prepaid electricity smart meter recharge using card,Bills,10616.81,Debit Card,02-07-2025
Paid for Art drawing book and acrylic colors using card,Education,4383.15,UPI,19-06-2025
Spent on Netflix monthly premium 4K subscription using card,Entertainment,13679.86,UPI,23-06-2025
Bought IRCTC train ticket booking to Mumbai today,Transportation,740.19,Cash,26-05-2025
Paid for Women handbag and leather purse online,Shopping,3049.96,Net Banking,11-06-2025
Order for Escape room team mystery game ticket online,Entertainment,1619.19,Net Banking,05-06-2025
Payment for Bowling alley game session at Smaaash online,Entertainment,4771.28,Cash,13-04-2025
Discord Nitro monthly renewal,Entertainment,12998.79,Debit Card,04-04-2025
Shawarma roll street food with cash,Food,9540.87,Debit Card,28-02-2025
Bought Egg and bread breakfast using card,Food,6760.21,Cash,17-07-2025
Bought Scientific calculator Casio fx-991CW via UPI,Education,7023.43,UPI,18-01-2025
Bought Laptop sleeve and water resistant backpack today,Shopping,6799.01,UPI,03-02-2025
Order for Robotics kit and Arduino components for college project online,Education,11103.44,Debit Card,26-07-2025
Chinese noodles and fried rice online,Food,14583.86,Credit Card,05-01-2025
Payment for Weekly vegetable vendor payment with cash,Food,10211.44,Net Banking,03-10-2025
Bought Car wash and interior vacuuming using card,Transportation,4316.01,Credit Card,09-02-2025
Expense on car wheel alignment and balancing,Transportation,8886.12,Net Banking,20-11-2025
Expense on prepaid electricity smart meter recharge,Bills,404.0,Net Banking,26-07-2025
Payment for KFC fried chicken today,Food,12851.82,Credit Card,05-12-2025
Paid for Spotify music premium annual plan through app,Entertainment,1232.22,Cash,21-06-2025
Payment for McDonalds burger meal using card,Food,5658.83,UPI,21-02-2025
Paid for Airport parking ticket fee via UPI,Transportation,14200.33,Net Banking,06-06-2025
Expense on robotics kit and arduino components for college project,Education,11548.9,Cash,04-01-2025
Paid for Diesel fuel for car at BPCL online,Transportation,5439.38,UPI,02-10-2025
Purchased Solar rooftop maintenance service charge,Bills,8832.34,UPI,20-02-2025
Water park entry ticket with locker using card,Entertainment,8215.02,Net Banking,23-11-2025
Payment for Car third party insurance policy today,Transportation,11032.06,Debit Card,26-12-2025
Dinner with family at restaurant via UPI,Food,13974.37,Net Banking,11-06-2025
Spent on IndiGo domestic flight ticket online,Transportation,5391.75,Cash,11-02-2025
Payment for Amazon Prime Video annual membership through app,Entertainment,5033.11,Net Banking,28-06-2025
Paid for Water park entry ticket with locker via UPI,Entertainment,9001.23,UPI,23-04-2025
Payment for N95 masks and sanitizers pack,Healthcare,11100.44,UPI,28-02-2025
Spent on Late night snacks delivery through app,Food,13989.34,UPI,08-09-2025
Paid for CNG gas refill for vehicle through app,Transportation,2956.33,Cash,25-06-2025
Purchased Ice cream tub from Naturals,Food,1578.36,UPI,06-07-2025
Parking slip charges at shopping mall through app,Transportation,14575.49,Cash,22-10-2025
Music concert festival pass using card,Entertainment,321.7,Cash,13-04-2025
Paid for Airtel Digital TV subscription online,Bills,1306.5,UPI,05-12-2025
Purchased Jio prepaid mobile phone recharge with cash,Bills,3657.32,Net Banking,27-12-2025
Order for Hostel accommodation and mess fee online,Education,12964.52,Net Banking,13-05-2025
Order for Protein whey powder isolate gym supplement with cash,Healthcare,9160.71,Net Banking,26-01-2025
Paid for Subway train token,Transportation,1814.99,Credit Card,12-03-2025
Purchased YouTube Premium family plan renewal with cash,Entertainment,3229.97,Debit Card,24-04-2025
Recent flipkart big billion days fashion shopping via GPay,Shopping,12555.04,Debit Card,12-03-2025
Payment for Diagnostic chest X-ray digital scan using card,Healthcare,7310.67,Cash,04-04-2025
Payment for Supermarket monthly ration purchase using card,Food,8221.9,Cash,07-12-2025
Spent on Subway sandwich lunch,Food,1649.9,UPI,17-03-2025
Paid for Ray-Ban UV protection sunglasses,Shopping,2321.56,Debit Card,13-04-2025
BookMyShow movie ticket PVR Cinemas using card,Entertainment,12907.89,Debit Card,01-06-2025
Payment for Amazon India online order for clothes through app,Shopping,9133.92,Debit Card,27-07-2025
Bought Fresh vegetables and fruits from market today,Food,12637.68,Cash,02-06-2025
Expense on jio prepaid mobile phone recharge,Bills,8813.32,Debit Card,15-10-2025
Order for Arcade video games timezone card recharge via UPI,Entertainment,12153.33,Debit Card,12-01-2025
Payment for Prepaid electricity smart meter recharge using card,Bills,9980.31,Debit Card,17-09-2025
Payment for Shawarma roll street food using card,Food,6648.43,Credit Card,14-02-2025
Paid for Disney+ Hotstar sports subscription through app,Entertainment,2813.28,UPI,28-02-2025
Amazon India online order for clothes today,Shopping,3391.32,Debit Card,25-06-2025
Purchased Biryani combo meal from Behrouz via UPI,Food,8367.03,Cash,05-02-2025
Purchased Airtel broadband fiber bill payment online,Bills,12286.94,Debit Card,15-07-2025
Payment for Running sports shoes from Nike store via UPI,Shopping,13652.2,Credit Card,25-08-2025
Purchased Fresh vegetables and fruits from market online,Food,6050.74,UPI,02-01-2025
Payment for Mobile back cover and tempered glass screen,Shopping,6504.91,Debit Card,27-03-2025
JioFiber high speed internet bill with cash,Bills,1564.41,UPI,21-07-2025
Paid for Physiotherapy rehabilitation session,Healthcare,2884.39,Debit Card,21-09-2025
Bought Spectacles frame and prescription lenses Lenskart today,Healthcare,4961.43,Net Banking,08-11-2025
Spent on Weekly vegetable vendor payment using card,Food,9279.57,Debit Card,20-10-2025
Bought Casual t-shirts pack from Zara today,Shopping,12093.21,Cash,12-07-2025
Order for BSNL landline telephone bill through app,Bills,1087.27,Credit Card,20-09-2025
Order for Dermatologist consultation for skin acne,Healthcare,7747.44,Cash,23-12-2025
Bought Formal cotton shirt and denim jeans with cash,Shopping,7398.56,Credit Card,18-08-2025
Purchased Spectacles frame and prescription lenses Lenskart,Healthcare,8193.73,Debit Card,06-10-2025
Order for Paneer tikka and naan dinner online,Food,6828.81,Cash,14-08-2025
Bill payment for two wheeler periodic servicing,Transportation,12351.5,Debit Card,15-02-2025
Purchased Airtel broadband fiber bill payment through app,Bills,13067.34,Debit Card,28-06-2025
Spent on Ice cream tub from Naturals today,Food,995.84,Net Banking,09-07-2025
Payment for Leather wallet and formal belt,Shopping,13300.55,Net Banking,13-12-2025
Purchased Engineering textbooks and reference notes,Education,215.29,UPI,05-12-2025
Order for PlayStation Network PS5 game purchase with cash,Entertainment,2696.65,Net Banking,04-04-2025
Spent on Breakfast buffet at hotel through app,Food,9061.61,Debit Card,10-08-2025
Purchased Barbeque Nation buffet dinner online,Food,1529.67,Credit Card,02-04-2025
Bought Amazon India online order for clothes through app,Shopping,1506.08,Credit Card,01-04-2025
Payment for Bowling alley game session at Smaaash today,Entertainment,14619.56,Debit Card,19-01-2025
Bought Cafe coffee day cold coffee using card,Food,769.8,Net Banking,24-07-2025
Order for Makeup kit lipstick and foundation Nykaa today,Shopping,1685.16,UPI,26-12-2025
Paid for Packaged drinking water bottle online,Food,7634.36,Credit Card,27-11-2025
Ethnic kurta pajama from Manyavar,Shopping,12004.88,Net Banking,03-06-2025
Purchased LPG cooking gas cylinder refill Indane with cash,Bills,2837.06,Credit Card,15-10-2025
Purchased Ray-Ban UV protection sunglasses today,Shopping,9018.44,Net Banking,27-09-2025
Expense on airtel digital tv subscription,Bills,8316.62,Credit Card,01-01-2025
Purchased Formal cotton shirt and denim jeans online,Shopping,5323.85,Credit Card,17-06-2025
Order for Amazon India online order for clothes today,Shopping,14789.44,Net Banking,23-12-2025
Municipal corporation water tax bill with cash,Bills,12820.94,Credit Card,23-01-2025
Spent on Bescom power supply bill,Bills,4690.34,UPI,12-05-2025
Bought Pediatrician consultation for baby child online,Healthcare,756.1,UPI,09-01-2025
Payment for Airtel broadband fiber bill payment,Bills,9347.65,Credit Card,12-01-2025
Payment for Protein whey powder isolate gym supplement online,Healthcare,13926.09,Net Banking,06-08-2025
Bill payment for dental clinic teeth cleaning and scaling,Healthcare,3768.54,Cash,12-04-2025
Purchased Amazon India online order for clothes using card,Shopping,5951.54,UPI,22-05-2025
Order for Street food pav bhaji and chaat with cash,Food,776.15,Net Banking,27-10-2025
Bought Dinner with family at restaurant online,Food,11216.02,Credit Card,01-08-2025
Bought Amazon India online order for clothes today,Shopping,7820.07,Debit Card,18-08-2025
Paid for Formal cotton shirt and denim jeans,Shopping,14865.94,Credit Card,09-10-2025
Purchased Medplus generic pharmacy medicine bill via UPI,Healthcare,1476.95,Net Banking,14-04-2025
Paid for Medplus generic pharmacy medicine bill,Healthcare,13856.86,UPI,26-07-2025
Dental clinic teeth cleaning and scaling,Healthcare,6996.65,Cash,25-02-2025
Payment for Metro smart card recharge using card,Transportation,14361.53,Cash,07-08-2025
Purchased Electric scooter charging fee using card,Transportation,13108.91,Credit Card,09-03-2025
Order for Dermatologist consultation for skin acne with cash,Healthcare,10670.14,UPI,25-01-2025
Recent petrol refill at indian oil pump via GPay,Transportation,7956.49,Debit Card,08-11-2025
Purchased Udemy python programming bootcamp via UPI,Education,1051.58,Debit Card,06-07-2025
Payment for Cricket stadium match ticket IPL using card,Entertainment,9660.13,UPI,25-02-2025
Waffle and dessert parlour today,Food,13417.61,UPI,02-02-2025
Bought Art drawing book and acrylic colors using card,Education,3283.44,Debit Card,02-08-2025
Delhi metro card topup today,Transportation,11812.02,Credit Card,27-12-2025
Kindle academic ebook purchase via UPI,Education,4680.96,UPI,22-09-2025
Paid for Bedsheet set and cotton pillow covers,Shopping,11712.97,Cash,02-08-2025
Payment for Hostel accommodation and mess fee online,Education,10436.01,Credit Card,17-06-2025
Purchased Diagnostic chest X-ray digital scan with cash,Healthcare,5262.3,Cash,23-04-2025
Purchased Bedsheet set and cotton pillow covers via UPI,Shopping,11059.96,Debit Card,19-07-2025
Order for Bus ticket conductor cash payment with cash,Transportation,14089.28,Debit Card,06-01-2025
Root canal treatment session at dentist with cash,Healthcare,9046.02,UPI,19-11-2025
Bought Disney+ Hotstar sports subscription through app,Entertainment,5183.27,Net Banking,24-10-2025
Spent on Smartwatch fitness tracker noise online,Shopping,10644.33,Debit Card,03-09-2025
Order for School admission registration fee through app,Education,13580.39,Net Banking,22-09-2025
Order for Fresh vegetables and fruits from market with cash,Food,6456.19,Cash,09-03-2025
Bought Medplus generic pharmacy medicine bill,Healthcare,2202.48,Cash,20-04-2025
Bescom power supply bill online,Bills,5981.51,Net Banking,04-12-2025
Ayurvedic medicines from Patanjali store,Healthcare,4320.54,Debit Card,24-04-2025
Paid for PlayStation Network PS5 game purchase today,Entertainment,983.59,Net Banking,13-09-2025
Order for Prepaid electricity smart meter recharge with cash,Bills,5644.83,Net Banking,07-07-2025
Spent on Casual t-shirts pack from Zara,Shopping,10271.0,Debit Card,20-11-2025
Paid for Late night snacks delivery through app,Food,10425.76,Net Banking,03-04-2025
Payment for Robotics kit and Arduino components for college project through app,Education,6441.09,Cash,07-09-2025
Paid for Dental clinic teeth cleaning and scaling online,Healthcare,703.03,Debit Card,02-07-2025
Spent on Adani electricity monthly bill through app,Bills,3659.45,Debit Card,04-06-2025
Paid for College semester tuition fee,Education,10472.03,UPI,10-02-2025
Purchased Ethnic kurta pajama from Manyavar,Shopping,1777.42,Cash,05-12-2025
Paid for Casual t-shirts pack from Zara through app,Shopping,11238.4,UPI,15-09-2025
Payment for Degree convocation certificate fee with cash,Education,3818.88,Credit Card,25-11-2025
Payment for Bescom power supply bill via UPI,Bills,6570.95,Credit Card,01-09-2025
Order for Disney+ Hotstar sports subscription online,Entertainment,12616.02,Cash,28-06-2025
Purchased Makeup kit lipstick and foundation Nykaa via UPI,Shopping,5322.88,UPI,09-06-2025
Bought Airport parking ticket fee via UPI,Transportation,7846.01,Credit Card,15-11-2025
Purchased KFC fried chicken with cash,Food,13842.56,Net Banking,17-05-2025
Quick leather wallet and formal belt,Shopping,13848.14,UPI,04-11-2025
Order for School uniform and formal shoes today,Education,8215.42,Cash,04-06-2025
Homeopathy clinic consultation and pills through app,Healthcare,8468.34,Net Banking,01-03-2025
Paid for IndiGo domestic flight ticket,Transportation,7615.67,Net Banking,01-02-2025
Arcade video games timezone card recharge today,Entertainment,11306.88,Credit Card,27-04-2025
Bought Tutor private tuition fee for maths with cash,Education,8052.1,Cash,14-01-2025
Paid for Kindle academic ebook purchase,Education,2090.6,UPI,07-04-2025
Paid for Subway sandwich lunch online,Food,4770.12,Net Banking,10-05-2025
Spent on Theater drama evening show ticket with cash,Entertainment,3406.71,Cash,11-09-2025
Payment for Coursera professional certificate course through app,Education,8090.37,Cash,26-07-2025
Coursera professional certificate course via UPI,Education,3761.86,Cash,21-03-2025
Payment for Airtel Digital TV subscription today,Bills,7385.83,Cash,07-12-2025
Payment for MRI brain scan diagnostic center fee using card,Healthcare,11112.43,Debit Card,20-05-2025
Payment for Municipal corporation water tax bill online,Bills,4246.47,Debit Card,03-04-2025
Order for Dental clinic teeth cleaning and scaling with cash,Healthcare,10166.65,UPI,06-04-2025
Hostel accommodation and mess fee using card,Education,2281.63,Debit Card,17-04-2025
Order for Breakfast buffet at hotel via UPI,Food,13344.44,Credit Card,28-09-2025
Payment for Tutor private tuition fee for maths online,Education,9218.43,Net Banking,01-02-2025
Car engine oil change and service,Transportation,4386.47,Net Banking,10-05-2025
Order for Commercial office space rent today,Bills,12544.3,UPI,21-08-2025
Bought Emergency hospital room casualty charges through app,Healthcare,11336.74,Cash,23-05-2025
Paid for BSNL landline telephone bill today,Bills,5429.88,Debit Card,17-02-2025
Spent on Bedsheet set and cotton pillow covers with cash,Shopping,2495.58,Cash,18-11-2025
Order for Airtel postpaid monthly mobile bill,Bills,2338.81,Debit Card,17-02-2025
Recent home decor flower vase and curtains via GPay,Shopping,2474.86,UPI,15-10-2025
Purchased Packaged drinking water bottle online,Food,14241.36,Net Banking,06-03-2025
Order for BookMyShow movie ticket PVR Cinemas using card,Entertainment,965.0,Credit Card,04-08-2025
Spent on Adani electricity monthly bill,Bills,3457.37,Credit Card,19-05-2025
Order for YouTube Premium family plan renewal today,Entertainment,1755.45,UPI,19-04-2025
Purchased IELTS language test exam fee through app,Education,3620.32,Credit Card,07-06-2025
School annual sports and picnic fee online,Education,5032.94,Net Banking,12-02-2025
Bill payment for toll plaza tax cash payment,Transportation,9859.78,Net Banking,11-12-2025
Root canal treatment session at dentist online,Healthcare,2936.36,Credit Card,23-01-2025
Bill payment for running sports shoes from nike store,Shopping,8116.81,UPI,13-07-2025
Order for LPG cooking gas cylinder refill Indane online,Bills,13658.1,Credit Card,22-08-2025
N95 masks and sanitizers pack via UPI,Healthcare,1386.67,UPI,02-12-2025
Purchased Health insurance mediclaim annual premium via UPI,Healthcare,11389.38,Cash,02-12-2025
Paid for Barbeque Nation buffet dinner,Food,13031.57,Cash,25-12-2025
Purchased Smartwatch fitness tracker noise through app,Shopping,8507.58,Credit Card,12-12-2025
"Quick stationery notebook, registers and pens",Education,9298.24,Cash,27-11-2025
Board game Catan purchase for game night through app,Entertainment,6428.04,Credit Card,15-08-2025
Purchased Emergency hospital room casualty charges online,Healthcare,5460.21,Debit Card,09-06-2025
Order for Allen career institute installment with cash,Education,13460.99,Net Banking,04-05-2025
Expense on amazon prime video annual membership,Entertainment,13727.13,Credit Card,08-08-2025
Purchased Night taxi fare back home through app,Transportation,6813.0,Debit Card,26-07-2025
Paid for Airtel postpaid monthly mobile bill,Bills,10994.74,Cash,05-08-2025
Payment for Jio prepaid mobile phone recharge online,Bills,5003.05,UPI,04-12-2025
Quick n95 masks and sanitizers pack,Healthcare,9327.45,Net Banking,09-04-2025
Paid for Chai and samosa at tea stall through app,Food,2285.74,UPI,06-07-2025
Bought Electricity bill payment Torrent Power via UPI,Bills,9652.65,Credit Card,24-12-2025
Payment for Municipal property tax annual payment today,Bills,4697.82,UPI,26-08-2025
Purchased School admission registration fee with cash,Education,2773.13,UPI,10-05-2025
Paid for Amusement park ticket Imagicaa via UPI,Entertainment,8734.38,Cash,26-09-2025
"Bought Milk, butter and dairy products",Food,1338.88,Net Banking,04-08-2025
Expense on self drive car rental zoomcar,Transportation,3806.41,Cash,15-11-2025
Physiotherapy rehabilitation session through app,Healthcare,6940.49,Credit Card,11-11-2025
Spent on School admission registration fee through app,Education,13133.37,Credit Card,04-08-2025
Payment for Amazon India online order for clothes with cash,Shopping,355.48,Debit Card,26-10-2025
First aid antiseptic Dettol and bandages via UPI,Healthcare,8677.3,UPI,10-05-2025
Bought Discord Nitro monthly renewal with cash,Entertainment,7115.63,Cash,05-03-2025
Payment for Leather wallet and formal belt today,Shopping,573.07,Cash,01-01-2025
Purchased CNG gas refill for vehicle with cash,Transportation,1674.99,Net Banking,22-08-2025
Bought Subway sandwich lunch through app,Food,5420.8,Credit Card,06-07-2025
LPG cooking gas cylinder refill Indane,Bills,4788.73,UPI,20-04-2025
Bought GRE exam registration fee ETS through app,Education,2842.08,Cash,15-05-2025
Spent on Two wheeler periodic servicing with cash,Transportation,6831.37,Net Banking,18-10-2025
Payment for Morning coffee and cookies via UPI,Food,7096.61,Cash,11-06-2025
Purchased Netflix monthly premium 4K subscription using card,Entertainment,13212.94,Debit Card,16-07-2025
Running sports shoes from Nike store,Shopping,5498.89,Cash,26-10-2025
Electricity bill payment Torrent Power,Bills,4628.82,Net Banking,18-03-2025
Bought Bescom power supply bill through app,Bills,2423.32,Net Banking,11-06-2025
Purchased Escape room team mystery game ticket using card,Entertainment,12401.13,Credit Card,28-04-2025
Paid for Wireless bluetooth neckband earphones via UPI,Shopping,991.35,Cash,23-03-2025
"Order for Stationery notebook, registers and pens",Education,5866.69,Cash,06-07-2025
Spent on Bus ticket conductor cash payment today,Transportation,4219.41,Net Banking,04-02-2025
Spent on Ola cab to airport via UPI,Transportation,2655.55,Cash,08-03-2025
Purchased GRE exam registration fee ETS online,Education,3929.54,UPI,14-08-2025
Order for Dr Lal Pathlabs CBC and thyroid test online,Healthcare,10526.31,Debit Card,14-08-2025
Paid for Flipkart big billion days fashion shopping online,Shopping,9863.83,Net Banking,08-09-2025
Order for Disney+ Hotstar sports subscription using card,Entertainment,229.97,Debit Card,07-06-2025
Order for Casual t-shirts pack from Zara through app,Shopping,7589.54,Credit Card,02-02-2025
Spent on Protein whey powder isolate gym supplement today,Healthcare,10322.2,Debit Card,07-09-2025
Paid for Tutor private tuition fee for maths using card,Education,8366.49,Credit Card,01-12-2025
Recent protein whey powder isolate gym supplement via GPay,Healthcare,6204.82,Cash,08-04-2025
Paid for Escape room team mystery game ticket using card,Entertainment,4713.83,Debit Card,01-09-2025
Expense on vi vodafone idea recharge pack,Bills,12065.12,Debit Card,28-03-2025
Flipkart big billion days fashion shopping via UPI,Shopping,546.2,Cash,24-12-2025
Order for Arcade video games timezone card recharge online,Entertainment,3256.63,Net Banking,14-12-2025
Purchased Winter jacket and woolen sweater,Shopping,13778.23,Net Banking,19-04-2025
Expense on ethnic kurta pajama from manyavar,Shopping,7417.09,Net Banking,03-08-2025
Order for Smartwatch fitness tracker noise today,Shopping,7879.27,UPI,06-05-2025
Bought School admission registration fee online,Education,5696.93,UPI,08-07-2025
Spent on Medplus generic pharmacy medicine bill using card,Healthcare,7533.93,Debit Card,25-05-2025
Bought Perfume bottle and deodorant spray via UPI,Shopping,7273.37,UPI,18-04-2025
Order for Bedsheet set and cotton pillow covers through app,Shopping,4771.91,Debit Card,03-10-2025
Purchased Club entry fee Saturday night party today,Entertainment,11577.91,Net Banking,17-11-2025
Order for Amazon Prime Video annual membership,Entertainment,4013.59,Credit Card,21-02-2025
Paid for Dental clinic teeth cleaning and scaling with cash,Healthcare,11118.52,UPI,16-08-2025
Laptop sleeve and water resistant backpack via UPI,Shopping,2317.41,Debit Card,14-02-2025
Spent on Mobile back cover and tempered glass screen using card,Shopping,4617.95,Credit Card,07-01-2025
Paid for Commercial office space rent today,Bills,12159.63,UPI,12-07-2025
Self drive car rental Zoomcar,Transportation,8630.88,Credit Card,16-05-2025
Spent on GRE exam registration fee ETS,Education,1172.1,Credit Card,27-10-2025
Purchased Art museum gallery exhibition entry via UPI,Entertainment,11085.7,Credit Card,19-10-2025
Commercial office space rent through app,Bills,6916.86,UPI,27-12-2025
Spent on N95 masks and sanitizers pack via UPI,Healthcare,937.34,Credit Card,14-02-2025
Charges paid for youtube premium family plan renewal,Entertainment,598.34,UPI,15-02-2025
Bought Bicycle puncture repair and tube through app,Transportation,8087.18,Debit Card,19-01-2025
Subway train token through app,Transportation,6638.92,Cash,04-11-2025
Spent on Homeopathy clinic consultation and pills online,Healthcare,8816.22,Cash,02-05-2025
Spent on Commercial office space rent online,Bills,8501.34,Cash,25-02-2025
Purchased Running sports shoes from Nike store through app,Shopping,9706.03,Debit Card,16-01-2025
Payment for Office canteen coupon recharge using card,Food,13010.07,Net Banking,19-04-2025
Ray-Ban UV protection sunglasses through app,Shopping,4927.39,Credit Card,20-12-2025
Purchased JioFiber high speed internet bill using card,Bills,8245.67,Net Banking,12-11-2025
Order for Delhi metro card topup via UPI,Transportation,3440.39,Debit Card,10-01-2025
Spent on Perfume bottle and deodorant spray online,Shopping,11506.07,Net Banking,21-12-2025
Spent on Piped natural gas PNG bill Adani Gas today,Bills,14933.24,Net Banking,03-07-2025
Order for Escape room team mystery game ticket via UPI,Entertainment,12717.19,Net Banking,12-12-2025
Payment for Municipal property tax annual payment with cash,Bills,4883.9,UPI,05-09-2025
Purchased Commercial office space rent through app,Bills,8561.47,Cash,14-02-2025
Purchased Ola cab to airport using card,Transportation,4911.98,Cash,22-10-2025
Order for Engineering textbooks and reference notes using card,Education,5209.03,UPI,02-05-2025
Payment for Instamart snacks and cold drinks through app,Food,7499.07,Cash,15-08-2025
Purchased BSNL landline telephone bill using card,Bills,9177.97,Net Banking,03-11-2025
Car engine oil change and service online,Transportation,11501.28,Cash,09-11-2025
Recent discord nitro monthly renewal via GPay,Entertainment,13089.54,UPI,06-03-2025
Self drive car rental Zoomcar using card,Transportation,12823.81,Debit Card,26-03-2025
Spent on Medicines purchased from Apollo Pharmacy with cash,Healthcare,12653.49,Debit Card,27-08-2025
Paid for Root canal treatment session at dentist using card,Healthcare,3244.16,Credit Card,28-12-2025
Order for Medplus generic pharmacy medicine bill using card,Healthcare,12694.76,Cash,10-04-2025
Charges paid for mcdonalds burger meal,Food,8656.6,Net Banking,12-03-2025
Order for Bedsheet set and cotton pillow covers today,Shopping,1513.03,Net Banking,15-07-2025
Bought Tata Play DTH satellite dish recharge through app,Bills,498.2,Credit Card,10-07-2025
Payment for University examination form fee online,Education,3675.62,Debit Card,09-07-2025
Paid for Spotify music premium annual plan online,Entertainment,11567.9,Net Banking,16-06-2025
Charges paid for bowling alley game session at smaaash,Entertainment,10867.01,Credit Card,19-11-2025
Payment for Parking slip charges at shopping mall using card,Transportation,5785.27,Debit Card,28-07-2025
Recent amusement park ticket imagicaa via GPay,Entertainment,348.63,UPI,04-10-2025
Payment for Full body blood diagnostic test SRL Labs using card,Healthcare,14290.57,UPI,05-06-2025
Order for IMAX 3D cinema ticket INOX using card,Entertainment,6049.03,UPI,07-04-2025
Apartment clubhouse utility maintenance today,Bills,584.38,Credit Card,05-09-2025
Payment for Flipkart big billion days fashion shopping,Shopping,11908.09,Cash,02-06-2025
Spent on Toll plaza tax cash payment with cash,Transportation,9025.82,Debit Card,22-08-2025
Purchased Ayurvedic medicines from Patanjali store online,Healthcare,8279.89,Net Banking,14-04-2025
Payment for Board game Catan purchase for game night via UPI,Entertainment,12117.34,Credit Card,08-10-2025
Purchased IMAX 3D cinema ticket INOX through app,Entertainment,2939.95,UPI,10-12-2025
Spent on Vaccination booster injection dose clinic via UPI,Healthcare,5250.82,UPI,19-12-2025
Order for Health insurance mediclaim annual premium,Healthcare,8163.26,Credit Card,14-04-2025
Payment for Paneer tikka and naan dinner using card,Food,2731.35,Debit Card,01-04-2025
Payment for South Indian breakfast dosa and idli today,Food,13205.26,Credit Card,16-08-2025
Spent on Supermarket monthly ration purchase with cash,Food,7411.71,Net Banking,04-05-2025
Bill payment for women handbag and leather purse,Shopping,10297.4,UPI,03-01-2025
Scientific calculator Casio fx-991CW through app,Education,13939.27,Cash,19-04-2025
Medical entrance coaching class fee via UPI,Education,1962.21,Cash,17-01-2025
Order for Bescom power supply bill using card,Bills,9427.46,Net Banking,24-05-2025
Bought Medplus generic pharmacy medicine bill through app,Healthcare,115.22,Cash,06-05-2025
Orthopedic doctor consultation for knee joint online,Healthcare,14423.15,Debit Card,10-07-2025
Payment for Ethnic kurta pajama from Manyavar via UPI,Shopping,108.73,UPI,15-08-2025
Spent on McDonalds burger meal through app,Food,2185.65,Cash,19-01-2025
Paid for Apartment clubhouse utility maintenance online,Bills,4940.38,Cash,11-05-2025
Bought Ethnic kurta pajama from Manyavar through app,Shopping,13470.85,Credit Card,05-09-2025
Order for MRI brain scan diagnostic center fee using card,Healthcare,13997.65,UPI,05-04-2025
Vi Vodafone Idea recharge pack through app,Bills,3422.0,UPI,24-02-2025
Purchased Morning coffee and cookies today,Food,957.47,Cash,24-07-2025
Paid for Morning coffee and cookies today,Food,5572.55,Net Banking,02-05-2025
Spent on Piped natural gas PNG bill Adani Gas online,Bills,9824.57,Net Banking,14-01-2025
Sewage and drainage municipal cess,Bills,2802.89,Net Banking,08-08-2025
Paid for Shawarma roll street food today,Food,8025.34,Credit Card,24-07-2025
Payment for Scientific calculator Casio fx-991CW today,Education,14878.82,Cash,26-03-2025
Paid for Airtel broadband fiber bill payment today,Bills,1951.53,Cash,10-02-2025
Bought Residential garbage collection charge using card,Bills,14194.9,Cash,23-11-2025
Purchased Sewage and drainage municipal cess today,Bills,5169.35,Cash,27-03-2025
Recent amazon india online order for clothes via GPay,Shopping,14785.29,Net Banking,25-11-2025
Paid for Dominos cheese pizza using card,Food,10926.25,Net Banking,12-01-2025
Dominos cheese pizza through app,Food,11423.59,Cash,16-10-2025
Paid for Leather wallet and formal belt today,Shopping,8042.29,Net Banking,19-03-2025
Payment for Disney+ Hotstar sports subscription with cash,Entertainment,3654.91,Cash,03-01-2025
Paid for Bus ticket conductor cash payment via UPI,Transportation,9521.44,UPI,09-09-2025
Expense on gre exam registration fee ets,Education,7762.57,Cash,05-07-2025
Expense on society monthly maintenance charges,Bills,7387.61,Credit Card,13-04-2025
Payment for Medicines purchased from Apollo Pharmacy through app,Healthcare,1290.77,Debit Card,05-08-2025
Spent on Bedsheet set and cotton pillow covers via UPI,Shopping,4907.67,Net Banking,24-07-2025
Spent on Airport parking ticket fee with cash,Transportation,6859.29,Credit Card,09-04-2025
Spent on Udemy python programming bootcamp online,Education,10099.07,Cash,21-05-2025
Order for Diagnostic chest X-ray digital scan today,Healthcare,13860.87,Net Banking,14-12-2025
Recent club entry fee saturday night party via GPay,Entertainment,14989.12,UPI,09-02-2025
Spent on Arcade video games timezone card recharge using card,Entertainment,12992.25,Cash,05-05-2025
Order for N95 masks and sanitizers pack through app,Healthcare,8189.84,Cash,16-12-2025
Paid for Egg and bread breakfast,Food,11499.12,Net Banking,12-07-2025
Paid for Adani electricity monthly bill using card,Bills,11337.82,Net Banking,18-08-2025
Spent on Prepaid electricity smart meter recharge with cash,Bills,6935.69,Net Banking,15-07-2025
Payment for IndiGo domestic flight ticket via UPI,Transportation,7722.12,Cash,04-12-2025
Bought Zepto quick grocery order today,Food,10697.38,Net Banking,09-06-2025
Order for Airtel postpaid monthly mobile bill online,Bills,4157.79,Net Banking,20-11-2025
Payment for Grocery shopping at DMart online,Food,12594.07,UPI,27-11-2025
Order for Swiggy food delivery using card,Food,4512.22,UPI,16-02-2025
Payment for Dominos cheese pizza today,Food,9626.68,Debit Card,14-11-2025
Bought Physiotherapy rehabilitation session online,Healthcare,11158.54,UPI,13-01-2025
Bill payment for arcade video games timezone card recharge,Entertainment,11630.21,Net Banking,26-07-2025
Purchased School admission registration fee online,Education,14759.6,Debit Card,10-12-2025
Art drawing book and acrylic colors online,Education,333.76,UPI,09-07-2025
Paid for KFC fried chicken online,Food,8440.99,Credit Card,17-12-2025
Order for Art museum gallery exhibition entry using card,Entertainment,4051.64,UPI,19-11-2025
Payment for Sewage and drainage municipal cess using card,Bills,14059.97,Net Banking,06-08-2025
Payment for Amusement park ticket Imagicaa with cash,Entertainment,11712.13,Cash,13-06-2025
Paid for Bike tyre replacement MRF via UPI,Transportation,14486.93,UPI,06-10-2025
School admission registration fee via UPI,Education,9370.38,Cash,10-09-2025
Purchased Degree convocation certificate fee through app,Education,10805.16,Net Banking,16-10-2025
Residential garbage collection charge using card,Bills,7318.81,UPI,07-03-2025
Paid for Casual t-shirts pack from Zara online,Shopping,2096.63,Net Banking,28-04-2025
Paid for Mobile back cover and tempered glass screen via UPI,Shopping,14611.51,Cash,04-02-2025
Order for Non-stick cookware fry pan Hawkins today,Shopping,3647.38,UPI,05-12-2025
Bought JioFiber high speed internet bill via UPI,Bills,12629.31,Cash,08-05-2025
Orthopedic doctor consultation for knee joint today,Healthcare,11494.34,Cash,06-12-2025
Spent on Scientific calculator Casio fx-991CW via UPI,Education,12984.42,Net Banking,25-08-2025
Payment for Auto rickshaw fare by meter with cash,Transportation,13246.71,Credit Card,26-04-2025
Amazon Prime Video annual membership today,Entertainment,4208.16,Net Banking,28-05-2025
Spent on First aid antiseptic Dettol and bandages via UPI,Healthcare,7708.64,UPI,09-02-2025
Payment for Momos and soup stall through app,Food,6590.42,Credit Card,02-04-2025
Purchased Udemy python programming bootcamp using card,Education,9905.99,Debit Card,04-09-2025
Purchased Physiotherapy rehabilitation session,Healthcare,5503.23,Cash,14-06-2025
Paid for Steam PC gaming summer sale purchase via UPI,Entertainment,11338.04,Credit Card,07-03-2025
Payment for Airtel Digital TV subscription using card,Bills,11849.65,Credit Card,12-08-2025
Spent on Winter jacket and woolen sweater with cash,Shopping,3516.98,Debit Card,18-04-2025
Bought Annual library membership renewal online,Education,306.33,Credit Card,21-08-2025
Bought Cricket stadium match ticket IPL today,Entertainment,4254.08,UPI,20-01-2025
Payment for Apartment clubhouse utility maintenance today,Bills,13832.69,Cash,22-11-2025
Purchased Mumbai local train monthly pass,Transportation,11196.21,Cash,16-10-2025
Spent on Medical entrance coaching class fee via UPI,Education,1358.43,Credit Card,10-06-2025
Paid for Jio prepaid mobile phone recharge via UPI,Bills,12606.15,Cash,15-08-2025
Payment for Amazon Prime Video annual membership today,Entertainment,7609.56,Debit Card,20-09-2025
Spent on Steam PC gaming summer sale purchase with cash,Entertainment,2589.04,Credit Card,25-01-2025
Spent on Bus ticket conductor cash payment using card,Transportation,14944.76,Net Banking,06-08-2025
Bought Hostel accommodation and mess fee with cash,Education,848.34,Debit Card,15-12-2025
Spent on Helicopter shuttle ticket through app,Transportation,12251.41,Debit Card,27-04-2025
Spent on Car engine oil change and service through app,Transportation,9950.24,UPI,23-11-2025
Payment for Bicycle puncture repair and tube through app,Transportation,3235.34,Cash,13-04-2025
Paid for Society monthly maintenance charges today,Bills,11243.35,Cash,07-03-2025
Purchased Winter jacket and woolen sweater online,Shopping,502.33,Debit Card,08-02-2025
Purchased Cable TV network monthly operator fee,Bills,12287.32,Credit Card,06-09-2025
Quick sewage and drainage municipal cess,Bills,13431.03,Credit Card,10-11-2025
Order for Smartwatch fitness tracker noise with cash,Shopping,9826.59,Debit Card,21-04-2025
Paid for Bus ticket conductor cash payment today,Transportation,9064.44,Credit Card,03-10-2025
Purchased Degree convocation certificate fee via UPI,Education,2984.22,Credit Card,11-01-2025
Order for Mineral water jar refill,Food,5545.05,Debit Card,05-07-2025
Paid for Biryani combo meal from Behrouz through app,Food,6887.95,Cash,17-03-2025
Prepaid electricity smart meter recharge today,Bills,14754.39,Net Banking,01-10-2025
Allen career institute installment today,Education,9607.36,Cash,10-02-2025
Electric scooter charging fee with cash,Transportation,11525.2,Net Banking,07-05-2025
Payment for IELTS language test exam fee,Education,11826.08,Net Banking,13-02-2025
Purchased Airtel postpaid monthly mobile bill through app,Bills,6754.6,UPI,12-08-2025
Expense on discord nitro monthly renewal,Entertainment,6790.81,Credit Card,19-05-2025
Purchased Engineering textbooks and reference notes via UPI,Education,13450.59,UPI,26-09-2025
Spent on BookMyShow movie ticket PVR Cinemas today,Entertainment,7859.46,Net Banking,03-01-2025
Bought Amazon India online order for clothes using card,Shopping,14247.78,Credit Card,21-08-2025
Spent on Pediatrician consultation for baby child online,Healthcare,6658.96,Debit Card,12-10-2025
Spent on Car third party insurance policy today,Transportation,1448.99,Debit Card,06-03-2025
Payment for Music concert festival pass,Entertainment,12224.15,Net Banking,27-05-2025
Payment for Dental clinic teeth cleaning and scaling today,Healthcare,13800.38,Cash,02-05-2025
Purchased Running sports shoes from Nike store using card,Shopping,637.77,Net Banking,22-12-2025
Purchased Parking slip charges at shopping mall online,Transportation,11965.53,UPI,05-05-2025
Payment for Bike tyre replacement MRF today,Transportation,2442.41,UPI,26-09-2025
Spent on Eye doctor consultation and vision test online,Healthcare,12410.27,Credit Card,17-05-2025
Paid for CNG gas refill for vehicle,Transportation,10186.22,UPI,10-01-2025
Spent on Board game Catan purchase for game night,Entertainment,14859.59,Debit Card,28-06-2025
Payment for Residential garbage collection charge using card,Bills,8472.29,Credit Card,21-07-2025
Spent on Root canal treatment session at dentist,Healthcare,6521.26,Net Banking,01-08-2025
Quick wireless bluetooth neckband earphones,Shopping,11540.95,UPI,23-05-2025
Spent on Coursera professional certificate course via UPI,Education,1448.37,Debit Card,11-09-2025
Spent on Mineral water jar refill through app,Food,11961.67,Cash,12-04-2025
Charges paid for tata play dth satellite dish recharge,Bills,8579.57,Debit Card,07-11-2025
Purchased Office formal leather shoes Bata with cash,Shopping,5085.52,Net Banking,25-06-2025
Purchased Delhi metro card topup online,Transportation,12031.7,Credit Card,20-07-2025
Spent on FASTag highway toll recharge through app,Transportation,14089.32,Net Banking,22-12-2025
Payment for School annual sports and picnic fee with cash,Education,10681.02,Debit Card,02-01-2025
Paid for Popcorn and nachos combo at cinema hall today,Entertainment,5753.45,UPI,05-12-2025
Paid for Toll plaza tax cash payment today,Transportation,12103.74,UPI,15-12-2025
Bill payment for irctc train ticket booking to mumbai,Transportation,210.52,UPI,23-03-2025
Order for Amazon India online order for clothes through app,Shopping,12293.63,Debit Card,10-02-2025
Biryani combo meal from Behrouz through app,Food,11514.29,Credit Card,06-02-2025
Spent on Metro smart card recharge through app,Transportation,2757.39,Net Banking,21-12-2025
Arcade video games timezone card recharge via UPI,Entertainment,5704.24,UPI,11-04-2025
Paid for Robotics kit and Arduino components for college project online,Education,503.69,Debit Card,06-12-2025
Spent on Leather wallet and formal belt today,Shopping,6056.97,Credit Card,12-04-2025
Water park entry ticket with locker through app,Entertainment,8130.36,Net Banking,25-12-2025
Bought Gourmet pasta at Italian cafe online,Food,6604.9,Debit Card,27-12-2025
Payment for Popcorn and nachos combo at cinema hall via UPI,Entertainment,12646.68,UPI,06-03-2025
Bought Jio prepaid mobile phone recharge with cash,Bills,13174.45,Credit Card,10-11-2025
Payment for Dental clinic teeth cleaning and scaling via UPI,Healthcare,13166.17,Credit Card,03-03-2025
Bill payment for cricket stadium match ticket ipl,Entertainment,3344.84,UPI,10-02-2025
Spent on Eye doctor consultation and vision test via UPI,Healthcare,5805.18,Cash,11-02-2025
Amazon Prime Video annual membership using card,Entertainment,736.57,Debit Card,24-07-2025
Formal cotton shirt and denim jeans,Shopping,3051.34,UPI,25-08-2025
Charges paid for car third party insurance policy,Transportation,2264.69,Debit Card,05-05-2025
Purchased Flipkart big billion days fashion shopping via UPI,Shopping,8820.4,Net Banking,24-04-2025
Paid for Ethnic kurta pajama from Manyavar today,Shopping,4586.8,Credit Card,09-12-2025
Order for Ray-Ban UV protection sunglasses today,Shopping,2046.37,Debit Card,08-06-2025
Order for Office formal leather shoes Bata today,Shopping,832.29,Credit Card,05-11-2025
Mumbai local train monthly pass through app,Transportation,11677.87,Credit Card,11-03-2025
Spent on Residential garbage collection charge,Bills,10773.16,Debit Card,20-02-2025
Order for Orthopedic doctor consultation for knee joint using card,Healthcare,5073.61,UPI,14-12-2025
Bought Municipal property tax annual payment using card,Bills,8174.03,Debit Card,04-04-2025
CNG gas refill for vehicle today,Transportation,14980.91,Net Banking,22-02-2025
Purchased Ayurvedic medicines from Patanjali store using card,Healthcare,14173.26,Credit Card,28-07-2025
Recent mcdonalds burger meal via GPay,Food,9622.36,Net Banking,01-04-2025
Payment for Wireless bluetooth neckband earphones,Shopping,6484.8,Debit Card,12-09-2025
Spent on IMAX 3D cinema ticket INOX via UPI,Entertainment,10799.29,Credit Card,12-06-2025
Payment for Homeopathy clinic consultation and pills via UPI,Healthcare,11426.74,UPI,14-11-2025
Expense on first aid antiseptic dettol and bandages,Healthcare,6862.93,Cash,28-04-2025
Delhi metro card topup online,Transportation,4651.77,Cash,03-07-2025
Bought School annual sports and picnic fee using card,Education,8109.16,Net Banking,04-11-2025
Paid for South Indian breakfast dosa and idli through app,Food,14786.15,Cash,08-07-2025
Quick uber cab ride to office,Transportation,777.54,Net Banking,25-04-2025
Purchased Eye doctor consultation and vision test,Healthcare,5492.72,Cash,10-03-2025
Payment for Weekend stand-up comedy live show ticket through app,Entertainment,949.96,UPI,26-03-2025
Purchased Flipkart big billion days fashion shopping today,Shopping,13614.83,UPI,05-09-2025
Order for Electric scooter charging fee,Transportation,877.14,UPI,11-10-2025
Netflix monthly premium 4K subscription,Entertainment,10647.61,Credit Card,04-12-2025
Bought Lunch at office cafeteria via UPI,Food,11725.56,Debit Card,24-10-2025
Society monthly maintenance charges using card,Bills,13545.27,UPI,20-07-2025
Spent on Medplus generic pharmacy medicine bill via UPI,Healthcare,11559.11,Cash,20-08-2025
Paid for Solar rooftop maintenance service charge,Bills,7992.46,Net Banking,08-03-2025
Bought Physics laboratory practical record file via UPI,Education,8006.35,Net Banking,18-03-2025
Paid for Annual library membership renewal today,Education,6459.88,Debit Card,15-02-2025
Charges paid for juice bar fresh mango juice,Food,7839.03,Cash,02-03-2025
Petrol refill at Indian Oil pump using card,Transportation,8944.66,Net Banking,04-04-2025
Payment for Arcade video games timezone card recharge through app,Entertainment,4736.24,UPI,15-12-2025
Bought Electricity bill payment Torrent Power online,Bills,12875.46,Debit Card,28-04-2025
Spent on Art drawing book and acrylic colors via UPI,Education,6132.72,UPI,10-06-2025
Purchased Dr Lal Pathlabs CBC and thyroid test using card,Healthcare,2252.17,Net Banking,08-02-2025
Quick arcade video games timezone card recharge,Entertainment,11332.75,Net Banking,18-11-2025
Order for Vaccination booster injection dose clinic today,Healthcare,14043.39,Debit Card,22-01-2025
Spent on IELTS language test exam fee using card,Education,6109.5,Credit Card,10-04-2025
Payment for Mumbai local train monthly pass today,Transportation,13316.15,UPI,10-11-2025
Payment for Late night snacks delivery with cash,Food,293.72,Credit Card,10-01-2025
IndiGo domestic flight ticket using card,Transportation,13714.57,Credit Card,21-01-2025
Paid for Two-wheeler comprehensive insurance renewal through app,Transportation,11284.02,Credit Card,12-08-2025
Protein whey powder isolate gym supplement,Healthcare,11814.1,Net Banking,26-09-2025
Bought Arcade video games timezone card recharge,Entertainment,3548.84,Net Banking,10-08-2025
Purchased Fresh vegetables and fruits from market using card,Food,14615.99,Credit Card,18-06-2025
Payment for Eye doctor consultation and vision test today,Healthcare,12391.59,Cash,26-12-2025
Spent on Emergency hospital room casualty charges online,Healthcare,4892.69,Net Banking,04-12-2025
Spent on Perfume bottle and deodorant spray through app,Shopping,6546.45,UPI,27-04-2025
Bus ticket conductor cash payment today,Transportation,6516.6,Net Banking,09-02-2025
Bought YouTube Premium family plan renewal today,Entertainment,652.76,Net Banking,18-02-2025
Bought Water park entry ticket with locker today,Entertainment,9737.81,Net Banking,27-09-2025
Charges paid for gre exam registration fee ets,Education,9720.3,Net Banking,01-02-2025
Paid for FASTag highway toll recharge,Transportation,4355.03,Net Banking,13-03-2025
Paid for Amusement park ticket Imagicaa using card,Entertainment,5320.2,Cash,20-10-2025
Water park entry ticket with locker via UPI,Entertainment,4341.12,Credit Card,15-05-2025
Spent on College semester tuition fee using card,Education,14180.03,UPI,11-06-2025
Spent on Leather wallet and formal belt using card,Shopping,7197.17,Credit Card,22-04-2025
"Payment for Stationery notebook, registers and pens through app",Education,4638.83,Credit Card,07-01-2025
Payment for Ray-Ban UV protection sunglasses through app,Shopping,2590.85,UPI,19-03-2025
Purchased Momos and soup stall through app,Food,2259.25,Credit Card,02-10-2025
Order for Bowling alley game session at Smaaash with cash,Entertainment,13915.32,Credit Card,19-05-2025
Purchased IMAX 3D cinema ticket INOX with cash,Entertainment,9797.91,UPI,15-06-2025
Paid for PlayStation Network PS5 game purchase using card,Entertainment,178.91,UPI,18-03-2025
Bought University examination form fee using card,Education,4440.12,Net Banking,14-04-2025
Bought KFC fried chicken today,Food,12052.11,Net Banking,25-06-2025
Purchased Spotify music premium annual plan today,Entertainment,12509.25,Net Banking,15-10-2025
Order for Petrol refill at Indian Oil pump today,Transportation,6294.43,Net Banking,15-09-2025
Paid for Two wheeler periodic servicing via UPI,Transportation,4618.3,UPI,16-11-2025
Payment for Ola cab to airport using card,Transportation,2981.5,Net Banking,04-05-2025
Recent bookmyshow movie ticket pvr cinemas via GPay,Entertainment,10357.93,UPI,02-09-2025
Order for Coursera professional certificate course today,Education,2447.08,Cash,07-08-2025
Spent on Night taxi fare back home using card,Transportation,13393.95,Net Banking,22-02-2025
Purchased Bowling alley game session at Smaaash with cash,Entertainment,13749.15,UPI,15-01-2025
Bought School annual sports and picnic fee via UPI,Education,4573.06,Credit Card,16-11-2025
Recent perfume bottle and deodorant spray via GPay,Shopping,10935.33,Cash,21-04-2025
Physiotherapy rehabilitation session using card,Healthcare,2648.5,Cash,24-04-2025
Quick apartment clubhouse utility maintenance,Bills,6501.16,Debit Card,26-04-2025
Bought Ray-Ban UV protection sunglasses via UPI,Shopping,2641.38,Net Banking,02-01-2025
Spent on Arcade video games timezone card recharge through app,Entertainment,4962.47,Cash,12-09-2025
Order for Ethnic kurta pajama from Manyavar online,Shopping,9750.52,UPI,16-05-2025
Bought Cricket stadium match ticket IPL using card,Entertainment,14731.54,UPI,03-03-2025
Solar rooftop maintenance service charge,Bills,1028.68,Credit Card,12-03-2025
Swiggy food delivery using card,Food,10523.38,Cash,19-03-2025
Kitchen knife set and wooden chopping board today,Shopping,7358.91,Debit Card,11-05-2025
Bought Bedsheet set and cotton pillow covers using card,Shopping,3197.21,Net Banking,21-11-2025
Spent on BSNL landline telephone bill today,Bills,4260.53,UPI,15-11-2025
Paid for Club entry fee Saturday night party via UPI,Entertainment,6464.07,Debit Card,08-06-2025
Spent on Auto rickshaw fare by meter via UPI,Transportation,500.06,Credit Card,19-03-2025
Bought Amazon Prime Video annual membership online,Entertainment,11792.07,Credit Card,09-09-2025
Spent on Prepaid electricity smart meter recharge via UPI,Bills,4858.86,Credit Card,26-09-2025
Payment for Casual t-shirts pack from Zara with cash,Shopping,4054.18,Net Banking,03-05-2025
CNG gas refill for vehicle using card,Transportation,12522.77,Debit Card,08-07-2025
Purchased YouTube Premium family plan renewal through app,Entertainment,8714.35,Cash,21-04-2025
Recent kfc fried chicken via GPay,Food,12339.3,UPI,27-10-2025
Spent on Self drive car rental Zoomcar online,Transportation,8377.15,UPI,11-04-2025
Paid for Airtel broadband fiber bill payment using card,Bills,5095.89,Debit Card,24-11-2025
Purchased House rental payment to landlord using card,Bills,9843.82,UPI,11-11-2025
Bought Laptop sleeve and water resistant backpack online,Shopping,754.57,Net Banking,28-05-2025
Bought Ethnic kurta pajama from Manyavar via UPI,Shopping,227.15,Cash,14-03-2025
Spent on Theater drama evening show ticket through app,Entertainment,9802.97,Net Banking,15-03-2025
Dermatologist consultation for skin acne,Healthcare,12140.39,UPI,27-10-2025
Payment for Airtel postpaid monthly mobile bill,Bills,4055.46,Credit Card,28-07-2025
Spent on Engineering textbooks and reference notes online,Education,7461.43,Cash,12-07-2025
Bought Intercity bus ticket via RedBus online,Transportation,4971.91,UPI,21-11-2025
Payment for Gourmet pasta at Italian cafe through app,Food,14411.9,Debit Card,06-12-2025
Paid for Municipal corporation water tax bill through app,Bills,12173.08,Debit Card,07-06-2025
Order for Board game Catan purchase for game night using card,Entertainment,2128.03,UPI,23-08-2025
Purchased YouTube Premium family plan renewal online,Entertainment,11128.28,Net Banking,05-11-2025
Payment for Municipal corporation water tax bill with cash,Bills,1783.58,Net Banking,17-06-2025
Bought Perfume bottle and deodorant spray through app,Shopping,10845.5,Credit Card,06-02-2025
Payment for Diagnostic chest X-ray digital scan through app,Healthcare,6783.93,Credit Card,05-04-2025
Spent on PlayStation Network PS5 game purchase with cash,Entertainment,152.31,Net Banking,24-12-2025
Spent on IRCTC train ticket booking to Mumbai using card,Transportation,13819.15,Cash,19-04-2025
Spent on Ray-Ban UV protection sunglasses through app,Shopping,5546.27,Cash,23-08-2025
Payment for CNG gas refill for vehicle with cash,Transportation,13526.08,Debit Card,01-12-2025
Spent on Office formal leather shoes Bata,Shopping,8322.21,Debit Card,16-11-2025
Purchased Commercial office space rent online,Bills,14971.43,Credit Card,20-07-2025
Paid for Delhi metro card topup via UPI,Transportation,6357.09,UPI,06-03-2025
Quick solar rooftop maintenance service charge,Bills,2236.38,UPI,06-03-2025
Spent on Weekly vegetable vendor payment via UPI,Food,5688.69,Net Banking,02-11-2025
Purchased GRE exam registration fee ETS today,Education,1575.73,Net Banking,04-03-2025
Purchased Emergency hospital room casualty charges using card,Healthcare,13981.77,Cash,04-07-2025
Purchased Two-wheeler comprehensive insurance renewal,Transportation,946.19,Debit Card,09-11-2025
Spent on Bowling alley game session at Smaaash through app,Entertainment,12851.69,Debit Card,08-02-2025
Paid for Sweets and farsan from sweet shop through app,Food,3006.37,Net Banking,26-03-2025
Paid for Ray-Ban UV protection sunglasses online,Shopping,10487.06,Credit Card,05-11-2025
Payment for Breakfast buffet at hotel through app,Food,8791.22,Net Banking,26-04-2025
Haldirams thali lunch using card,Food,1643.42,Net Banking,21-10-2025
School annual sports and picnic fee today,Education,2420.96,Credit Card,14-12-2025
Payment for Leather wallet and formal belt using card,Shopping,5017.69,Net Banking,26-02-2025
Spent on Airtel broadband fiber bill payment online,Bills,3180.25,Cash,21-06-2025
Order for College semester tuition fee through app,Education,13440.99,Net Banking,15-10-2025
Order for Escape room team mystery game ticket with cash,Entertainment,8069.7,Cash,04-07-2025
Paid for Swiggy food delivery using card,Food,12162.28,UPI,01-06-2025
Purchased School annual sports and picnic fee through app,Education,8331.72,Net Banking,18-12-2025
Spent on Running sports shoes from Nike store via UPI,Shopping,2103.45,Debit Card,16-07-2025
Bill payment for school uniform and formal shoes,Education,3769.26,UPI,08-04-2025
Purchased Piped natural gas PNG bill Adani Gas online,Bills,7308.31,Credit Card,11-11-2025
Paid for Dominos cheese pizza,Food,12570.12,Cash,04-08-2025
Paid for Car third party insurance policy today,Transportation,11066.92,Debit Card,02-10-2025
Order for Weekend stand-up comedy live show ticket via UPI,Entertainment,2507.51,Debit Card,06-10-2025
Order for Perfume bottle and deodorant spray with cash,Shopping,1149.97,Debit Card,22-05-2025
Bought Mobile back cover and tempered glass screen online,Shopping,10567.41,Net Banking,26-04-2025
Spent on MRI brain scan diagnostic center fee through app,Healthcare,7441.56,Net Banking,04-04-2025
Paid for Udemy python programming bootcamp with cash,Education,6144.11,UPI,11-03-2025
Payment for Haldirams thali lunch online,Food,14009.59,Debit Card,07-03-2025
Formal cotton shirt and denim jeans through app,Shopping,7760.08,Cash,24-01-2025
Paid for FASTag highway toll recharge via UPI,Transportation,2450.33,Cash,25-12-2025
Payment for Ray-Ban UV protection sunglasses today,Shopping,720.09,UPI,13-01-2025
Paid for Society monthly maintenance charges through app,Bills,14496.07,Cash,06-07-2025
Medplus generic pharmacy medicine bill via UPI,Healthcare,14604.16,Debit Card,12-07-2025
Order for Emergency hospital room casualty charges online,Healthcare,1546.92,Credit Card,09-07-2025
Bought Zomato pizza order via UPI,Food,8480.47,Cash,15-11-2025
Charges paid for apartment clubhouse utility maintenance,Bills,2861.78,UPI,10-10-2025
Payment for House rental payment to landlord via UPI,Bills,3179.14,UPI,26-04-2025
Spent on Kindle academic ebook purchase today,Education,6540.48,Debit Card,03-09-2025
Payment for Degree convocation certificate fee,Education,379.72,UPI,03-05-2025
Purchased Leather wallet and formal belt using card,Shopping,6246.39,Debit Card,09-05-2025
Purchased Water park entry ticket with locker today,Entertainment,4502.32,Net Banking,27-02-2025
Paid for Mineral water jar refill,Food,13811.79,UPI,23-03-2025
Purchased CNG gas refill for vehicle,Transportation,12892.23,Credit Card,16-11-2025
Spent on Shawarma roll street food with cash,Food,7980.96,Cash,27-11-2025
Physiotherapy rehabilitation session today,Healthcare,7132.67,Net Banking,20-09-2025
Payment for Toll plaza tax cash payment via UPI,Transportation,10717.78,Credit Card,28-05-2025
Order for Self drive car rental Zoomcar online,Transportation,11524.65,Debit Card,11-08-2025
Spent on Zepto quick grocery order online,Food,13963.89,Credit Card,18-03-2025
Paid for Online masterclass workshop on AI,Education,14313.71,Cash,28-02-2025
Payment for Amazon India online order for clothes via UPI,Shopping,12634.57,Debit Card,19-11-2025
Paid for Bus ticket conductor cash payment online,Transportation,14105.98,Credit Card,18-04-2025
Order for Pediatrician consultation for baby child online,Healthcare,7408.24,Cash,08-12-2025
Bought Shawarma roll street food using card,Food,14752.63,UPI,06-03-2025
Order for Dermatologist consultation for skin acne online,Healthcare,12268.44,Net Banking,14-06-2025
Recent makeup kit lipstick and foundation nykaa via GPay,Shopping,12542.12,Credit Card,28-08-2025
Expense on full body blood diagnostic test srl labs,Healthcare,11430.96,UPI,05-11-2025
Purchased Online masterclass workshop on AI online,Education,7845.88,Credit Card,19-02-2025
Bought Airport parking ticket fee through app,Transportation,470.8,UPI,05-06-2025
Paid for House rental payment to landlord using card,Bills,14562.64,Debit Card,08-08-2025
Paid for Full body blood diagnostic test SRL Labs,Healthcare,9488.04,UPI,16-09-2025
Popcorn and nachos combo at cinema hall through app,Entertainment,11859.12,Credit Card,14-08-2025
Paid for Bakery fresh bread and cake online,Food,183.5,UPI,19-12-2025
Bought Bus ticket conductor cash payment with cash,Transportation,14556.89,Net Banking,24-07-2025
Payment for Udemy python programming bootcamp using card,Education,2842.58,Credit Card,15-02-2025
Paid for Medplus generic pharmacy medicine bill using card,Healthcare,4473.01,Cash,25-06-2025
Charges paid for fastag highway toll recharge,Transportation,14441.57,UPI,04-10-2025
Purchased Laptop sleeve and water resistant backpack with cash,Shopping,11096.34,Credit Card,26-09-2025
Order for PlayStation Network PS5 game purchase via UPI,Entertainment,2103.43,Net Banking,08-06-2025
Purchased Prepaid electricity smart meter recharge,Bills,5257.72,Cash,27-04-2025
Order for Board game Catan purchase for game night,Entertainment,12928.57,Net Banking,19-04-2025
Bought House rental payment to landlord through app,Bills,3825.99,Debit Card,20-06-2025
Bill payment for sewage and drainage municipal cess,Bills,1245.28,Net Banking,01-12-2025
Spent on Mineral water jar refill today,Food,727.08,Debit Card,23-02-2025
Payment for Amusement park ticket Imagicaa through app,Entertainment,1550.49,UPI,10-04-2025
Paid for IELTS language test exam fee online,Education,12719.1,Net Banking,25-09-2025
Purchased Running sports shoes from Nike store online,Shopping,6386.16,Net Banking,20-09-2025
Recent allen career institute installment via GPay,Education,10043.06,Cash,09-07-2025
Non-stick cookware fry pan Hawkins today,Shopping,11612.52,Debit Card,21-11-2025
Spent on Physics laboratory practical record file with cash,Education,3482.12,Credit Card,03-04-2025
Purchased Dermatologist consultation for skin acne today,Healthcare,6309.49,Debit Card,11-12-2025
Piped natural gas PNG bill Adani Gas using card,Bills,2695.08,Net Banking,23-03-2025
Bought Tutor private tuition fee for maths,Education,9592.6,Credit Card,22-09-2025
Purchased Eye doctor consultation and vision test via UPI,Healthcare,9664.76,Debit Card,05-03-2025
Full body blood diagnostic test SRL Labs through app,Healthcare,7436.37,UPI,10-06-2025
Purchased Multivitamin tablets and zinc supplements,Healthcare,6380.94,Debit Card,23-10-2025
Fresh vegetables and fruits from market online,Food,11830.01,Credit Card,24-05-2025
Order for Online masterclass workshop on AI online,Education,13088.09,UPI,20-05-2025
Bought IRCTC train ticket booking to Mumbai using card,Transportation,11463.51,UPI,05-04-2025
Bill payment for uber cab ride to office,Transportation,4071.87,Credit Card,24-07-2025
Paid for Steam PC gaming summer sale purchase online,Entertainment,4004.39,Credit Card,02-05-2025
Order for Vaccination booster injection dose clinic through app,Healthcare,7779.5,UPI,26-04-2025
Spent on Hostel accommodation and mess fee using card,Education,5301.35,UPI,16-02-2025
Order for Steam PC gaming summer sale purchase online,Entertainment,5894.31,Net Banking,24-03-2025
Payment for IRCTC train ticket booking to Mumbai via UPI,Transportation,8304.66,Credit Card,08-01-2025
Paid for Amazon Prime Video annual membership using card,Entertainment,13732.22,UPI,01-04-2025
Paid for Flipkart big billion days fashion shopping via UPI,Shopping,2211.52,Cash,09-09-2025
Bought Board game Catan purchase for game night using card,Entertainment,8567.49,Credit Card,20-01-2025
Bought IELTS language test exam fee online,Education,14597.52,UPI,14-05-2025
Bill payment for fastag highway toll recharge,Transportation,7562.0,Net Banking,09-04-2025
Payment for Spotify music premium annual plan through app,Entertainment,1175.05,Net Banking,10-10-2025
Metro smart card recharge through app,Transportation,6564.84,Credit Card,11-12-2025
Annual library membership renewal using card,Education,5540.9,Cash,25-04-2025
Payment for University examination form fee today,Education,13453.89,Credit Card,02-01-2025
Bought Weekend stand-up comedy live show ticket using card,Entertainment,7420.47,UPI,21-01-2025
Spent on Formal cotton shirt and denim jeans,Shopping,5686.59,Credit Card,14-10-2025
Spent on Water park entry ticket with locker,Entertainment,1046.7,UPI,18-01-2025
Order for Mobile back cover and tempered glass screen with cash,Shopping,5681.8,Debit Card,14-06-2025
Order for Dermatologist consultation for skin acne using card,Healthcare,12339.19,Net Banking,20-10-2025
Purchased University examination form fee online,Education,3244.84,Debit Card,20-06-2025
Purchased Chai and samosa at tea stall online,Food,8581.04,Net Banking,22-12-2025
Payment for Electricity bill payment Torrent Power,Bills,4144.04,Net Banking,08-03-2025
Payment for Cricket stadium match ticket IPL through app,Entertainment,7630.65,Debit Card,07-09-2025
Bill payment for n95 masks and sanitizers pack,Healthcare,1595.17,Cash,10-10-2025
Bike tyre replacement MRF online,Transportation,11539.35,Net Banking,11-03-2025
Payment for Sweets and farsan from sweet shop using card,Food,5606.65,Cash,10-08-2025
Payment for Cricket stadium match ticket IPL,Entertainment,553.53,Debit Card,17-02-2025
Purchased Amusement park ticket Imagicaa,Entertainment,3936.36,Cash,07-01-2025
Order for Rapido bike taxi ride online,Transportation,10492.31,Cash,03-06-2025
Purchased GRE exam registration fee ETS via UPI,Education,14158.34,Cash,07-03-2025
Bought BookMyShow movie ticket PVR Cinemas today,Entertainment,13215.38,Credit Card,19-10-2025
Bought Car wash and interior vacuuming today,Transportation,11291.85,Credit Card,28-10-2025
Order for Water park entry ticket with locker using card,Entertainment,10661.28,Debit Card,18-12-2025
Paid for Medicines purchased from Apollo Pharmacy today,Healthcare,7206.81,Credit Card,22-09-2025
IELTS language test exam fee today,Education,95.71,Net Banking,06-01-2025
Payment for YouTube Premium family plan renewal through app,Entertainment,6707.53,Net Banking,22-04-2025
Spent on Netflix monthly premium 4K subscription today,Entertainment,3137.58,Debit Card,07-12-2025
Paid for Street food pav bhaji and chaat via UPI,Food,4923.47,Net Banking,04-05-2025
Paid for Casual t-shirts pack from Zara today,Shopping,5364.9,Net Banking,22-11-2025
Purchased Subway train token through app,Transportation,14879.59,Net Banking,12-01-2025
School uniform and formal shoes today,Education,12886.92,UPI,10-11-2025
Bought LPG cooking gas cylinder refill Indane,Bills,4611.96,Cash,25-06-2025
Escape room team mystery game ticket using card,Entertainment,543.74,Net Banking,08-06-2025
Bought Petrol refill at Indian Oil pump,Transportation,9452.17,Credit Card,08-02-2025
Spent on Disney+ Hotstar sports subscription through app,Entertainment,2882.52,Net Banking,16-05-2025
Payment for Vaccination booster injection dose clinic using card,Healthcare,7577.66,Debit Card,23-07-2025
Payment for Momos and soup stall with cash,Food,14455.72,Debit Card,15-03-2025
Order for Weekend stand-up comedy live show ticket with cash,Entertainment,2587.26,Debit Card,22-05-2025
Bought Netflix monthly premium 4K subscription online,Entertainment,7127.05,Debit Card,04-09-2025
Charges paid for arcade video games timezone card recharge,Entertainment,5419.21,Cash,08-12-2025
"Milk, butter and dairy products today",Food,10867.53,Net Banking,06-08-2025
Bought Eye doctor consultation and vision test with cash,Healthcare,6757.04,Credit Card,24-07-2025
Order for LPG cooking gas cylinder refill Indane via UPI,Bills,11366.01,Credit Card,10-06-2025
Paid for Piped natural gas PNG bill Adani Gas with cash,Bills,14785.26,UPI,11-08-2025
Paid for Electric scooter charging fee using card,Transportation,14855.2,Net Banking,13-02-2025
Paid for Delhi metro card topup,Transportation,11054.76,Debit Card,03-02-2025
Paid for Ayurvedic medicines from Patanjali store via UPI,Healthcare,13719.97,Net Banking,15-04-2025
Purchased Eye doctor consultation and vision test today,Healthcare,13409.8,UPI,05-09-2025
Spent on Escape room team mystery game ticket using card,Entertainment,1825.17,UPI,24-04-2025
Paid for Cricket stadium match ticket IPL via UPI,Entertainment,12968.21,Credit Card,10-01-2025
Bought Dermatologist consultation for skin acne,Healthcare,4828.46,Cash,01-09-2025
Leather wallet and formal belt today,Shopping,9285.72,UPI,03-01-2025
Recent municipal property tax annual payment via GPay,Bills,4225.53,UPI,08-05-2025
Payment for Cable TV network monthly operator fee today,Bills,6211.16,Credit Card,07-06-2025
Order for Parking slip charges at shopping mall via UPI,Transportation,7624.94,Net Banking,09-08-2025
Bought Swiggy food delivery,Food,12239.93,Credit Card,12-05-2025
Cricket stadium match ticket IPL online,Entertainment,7478.37,Debit Card,05-08-2025
Auto rickshaw fare by meter with cash,Transportation,7182.94,Net Banking,28-11-2025
Office formal leather shoes Bata online,Shopping,58.41,Cash,28-06-2025
Bought FASTag highway toll recharge today,Transportation,9601.06,Net Banking,13-06-2025
Bought Steam PC gaming summer sale purchase using card,Entertainment,10966.34,Cash,16-03-2025
Paid for Parking slip charges at shopping mall,Transportation,2253.77,Debit Card,20-06-2025
Payment for Momos and soup stall online,Food,7280.27,Credit Card,25-06-2025
Cafe coffee day cold coffee,Food,11138.32,Credit Card,04-01-2025
Spent on Lunch at office cafeteria via UPI,Food,13201.72,Credit Card,21-11-2025
Order for Morning coffee and cookies through app,Food,4046.78,Cash,22-02-2025
Payment for Rapido bike taxi ride today,Transportation,11875.41,Cash,03-03-2025
Bought Two wheeler periodic servicing today,Transportation,10004.54,Cash,27-09-2025
Payment for Instamart snacks and cold drinks,Food,11419.21,Credit Card,05-01-2025
Spent on Disney+ Hotstar sports subscription online,Entertainment,6831.58,Credit Card,18-11-2025
Payment for Annual library membership renewal today,Education,3146.77,Debit Card,08-07-2025
Bought Spotify music premium annual plan today,Entertainment,7452.67,Debit Card,25-07-2025
Charges paid for packaged drinking water bottle,Food,4894.86,Cash,21-05-2025
Spent on Protein whey powder isolate gym supplement through app,Healthcare,7793.99,Cash,09-03-2025
Bought Dental clinic teeth cleaning and scaling through app,Healthcare,12099.41,Debit Card,04-10-2025
Payment for Arcade video games timezone card recharge via UPI,Entertainment,12615.42,Debit Card,20-07-2025
Payment for Music concert festival pass using card,Entertainment,1799.53,Debit Card,28-07-2025
Expense on netflix monthly premium 4k subscription,Entertainment,3596.61,Credit Card,21-11-2025
Spent on Full body blood diagnostic test SRL Labs online,Healthcare,10647.15,Credit Card,14-01-2025
Spent on Homeopathy clinic consultation and pills today,Healthcare,9870.46,Debit Card,10-04-2025
Spent on Car third party insurance policy using card,Transportation,3229.01,Net Banking,02-12-2025
Paid for Wireless bluetooth neckband earphones through app,Shopping,993.8,Credit Card,27-01-2025
Order for Bedsheet set and cotton pillow covers via UPI,Shopping,2421.68,Cash,23-10-2025
Bill payment for society monthly maintenance charges,Bills,5153.59,Debit Card,02-07-2025
Quick night taxi fare back home,Transportation,2916.02,Cash,23-05-2025
Quick art museum gallery exhibition entry,Entertainment,9495.53,Debit Card,26-03-2025
Expense on school admission registration fee,Education,3372.94,Cash,20-11-2025
Purchased Bedsheet set and cotton pillow covers today,Shopping,2646.53,UPI,16-11-2025
Purchased Perfume bottle and deodorant spray,Shopping,3441.33,Credit Card,19-08-2025
Spent on Running sports shoes from Nike store using card,Shopping,13599.96,Cash,21-04-2025
Order for Dental clinic teeth cleaning and scaling using card,Healthcare,7506.54,UPI,23-04-2025
Order for IELTS language test exam fee using card,Education,8347.46,Credit Card,08-08-2025
Bought Winter jacket and woolen sweater through app,Shopping,9001.85,UPI,05-09-2025
Steam PC gaming summer sale purchase through app,Entertainment,159.48,Debit Card,03-01-2025
Bought Water park entry ticket with locker online,Entertainment,8237.87,UPI,05-02-2025
Spent on Airtel Digital TV subscription using card,Bills,9849.13,Cash,11-06-2025
Spent on Scientific calculator Casio fx-991CW with cash,Education,13956.71,Net Banking,22-11-2025
Paid for Chinese noodles and fried rice today,Food,7201.65,Net Banking,11-03-2025
Quick gourmet pasta at italian cafe,Food,14028.73,Net Banking,16-11-2025
Paid for Waffle and dessert parlour today,Food,13655.78,UPI,10-10-2025
Bill payment for adani electricity monthly bill,Bills,7000.59,UPI,12-11-2025
Purchased Municipal property tax annual payment with cash,Bills,5999.16,Net Banking,02-03-2025
Purchased Orthopedic doctor consultation for knee joint using card,Healthcare,12753.38,UPI,18-09-2025
Paid for Blinkit grocery delivery,Food,1079.2,Net Banking,13-03-2025
School admission registration fee today,Education,2033.88,Debit Card,15-11-2025
Purchased Makeup kit lipstick and foundation Nykaa through app,Shopping,8798.14,Debit Card,11-06-2025
Payment for School annual sports and picnic fee online,Education,7127.78,Cash,18-12-2025
Paid for Tutor private tuition fee for maths via UPI,Education,9491.49,Debit Card,26-10-2025
Spent on Starbucks cold brew coffee with cash,Food,12530.58,UPI,10-08-2025
Purchased Sewage and drainage municipal cess through app,Bills,11254.22,UPI,14-02-2025
Cricket stadium match ticket IPL via UPI,Entertainment,6815.81,Debit Card,27-03-2025
Bought Perfume bottle and deodorant spray online,Shopping,1179.6,Credit Card,11-03-2025
Bought MRI brain scan diagnostic center fee online,Healthcare,13964.68,Cash,21-05-2025
Spent on Art drawing book and acrylic colors using card,Education,13417.75,Debit Card,18-03-2025
Spent on Art museum gallery exhibition entry via UPI,Entertainment,8099.99,UPI,25-12-2025
Spent on Dental clinic teeth cleaning and scaling,Healthcare,8067.66,UPI,16-07-2025
"Order for Milk, butter and dairy products through app",Food,14207.01,Net Banking,10-01-2025
Recent cable tv network monthly operator fee via GPay,Bills,1939.65,UPI,27-07-2025
Purchased Car wheel alignment and balancing using card,Transportation,12100.97,Cash,18-10-2025
Commercial office space rent with cash,Bills,11591.08,Cash,20-05-2025
Purchased Smartwatch fitness tracker noise using card,Shopping,2828.04,Net Banking,10-02-2025
Purchased IELTS language test exam fee using card,Education,14407.24,Net Banking,06-02-2025
Bill payment for indigo domestic flight ticket,Transportation,5379.98,Cash,16-08-2025
Purchased Solar rooftop maintenance service charge through app,Bills,14060.26,Credit Card,11-03-2025
Spent on Vaccination booster injection dose clinic,Healthcare,7129.62,Credit Card,09-11-2025
Paid for Cricket stadium match ticket IPL online,Entertainment,1947.18,Net Banking,13-01-2025
Recent gre exam registration fee ets via GPay,Education,2699.39,Debit Card,14-01-2025
Bought Car third party insurance policy with cash,Transportation,9897.13,Credit Card,21-01-2025
Recent ayurvedic medicines from patanjali store via GPay,Healthcare,12494.44,Net Banking,22-05-2025
Paid for Medplus generic pharmacy medicine bill through app,Healthcare,8276.94,Cash,22-12-2025
Starbucks cold brew coffee,Food,5144.35,Credit Card,26-06-2025
Paid for Diagnostic chest X-ray digital scan using card,Healthcare,1172.49,Cash,07-07-2025
Purchased Two-wheeler comprehensive insurance renewal via UPI,Transportation,12365.99,Credit Card,17-03-2025
Order for Tata Play DTH satellite dish recharge,Bills,3534.48,UPI,23-02-2025
Bought Airtel postpaid monthly mobile bill today,Bills,4352.71,Credit Card,05-09-2025
Order for Two-wheeler comprehensive insurance renewal via UPI,Transportation,4544.54,Net Banking,23-02-2025
Spent on Popcorn and nachos combo at cinema hall,Entertainment,13143.78,Debit Card,06-02-2025
Ethnic kurta pajama from Manyavar online,Shopping,2669.38,Debit Card,12-11-2025
Purchased Degree convocation certificate fee online,Education,1143.78,Debit Card,02-08-2025
Charges paid for uber cab ride to office,Transportation,11007.71,UPI,28-05-2025
"Paid for Stationery notebook, registers and pens via UPI",Education,675.67,Cash,24-01-2025
Purchased Home decor flower vase and curtains,Shopping,6017.02,Net Banking,04-06-2025
Spent on Udemy python programming bootcamp today,Education,13301.5,Credit Card,27-10-2025
Order for MRI brain scan diagnostic center fee,Healthcare,7172.73,Cash,12-08-2025
Sweets and farsan from sweet shop through app,Food,11646.01,UPI,18-08-2025
Charges paid for electric scooter charging fee,Transportation,7596.22,Net Banking,25-08-2025
Spent on Municipal corporation water tax bill with cash,Bills,3910.3,Net Banking,09-01-2025
Paid for Arcade video games timezone card recharge using card,Entertainment,8279.66,UPI,03-08-2025
Order for Art museum gallery exhibition entry,Entertainment,11692.84,Credit Card,24-08-2025
Spent on Discord Nitro monthly renewal using card,Entertainment,2126.01,Net Banking,07-08-2025
Expense on mobile back cover and tempered glass screen,Shopping,3977.01,Debit Card,25-07-2025
Bought PlayStation Network PS5 game purchase today,Entertainment,9401.37,Debit Card,04-04-2025
Payment for Bowling alley game session at Smaaash via UPI,Entertainment,3722.97,Debit Card,03-05-2025
Order for Perfume bottle and deodorant spray through app,Shopping,4685.4,Debit Card,25-02-2025
Bill payment for metro smart card recharge,Transportation,14156.04,Cash,20-08-2025
Purchased Dental clinic teeth cleaning and scaling using card,Healthcare,6666.65,UPI,05-02-2025
Spent on Petrol refill at Indian Oil pump with cash,Transportation,14422.21,Cash,15-01-2025
Spent on Home decor flower vase and curtains via UPI,Shopping,7040.52,Cash,22-06-2025
Airtel postpaid monthly mobile bill online,Bills,882.01,UPI,10-07-2025
Bought Doctor consultation fee general physician,Healthcare,8387.61,UPI,24-05-2025
Payment for Online masterclass workshop on AI with cash,Education,1139.29,Credit Card,03-10-2025
Spent on N95 masks and sanitizers pack with cash,Healthcare,8181.35,UPI,12-06-2025
Order for Leather wallet and formal belt using card,Shopping,1661.21,Cash,08-11-2025
Spent on Ethnic kurta pajama from Manyavar with cash,Shopping,5894.91,Cash,15-01-2025
Purchased School uniform and formal shoes through app,Education,13118.3,Net Banking,26-10-2025
Degree convocation certificate fee using card,Education,3423.1,Credit Card,02-02-2025
Purchased Doctor consultation fee general physician,Healthcare,11589.62,Net Banking,25-08-2025
Payment for Root canal treatment session at dentist,Healthcare,2430.85,Net Banking,25-05-2025
Purchased Disney+ Hotstar sports subscription through app,Entertainment,13863.47,Debit Card,24-06-2025
Order for Amazon Prime Video annual membership through app,Entertainment,11758.42,Credit Card,28-03-2025
Purchased Late night snacks delivery using card,Food,9394.08,Cash,18-02-2025
Spent on JioFiber high speed internet bill,Bills,10514.51,UPI,07-03-2025
Bought Piped natural gas PNG bill Adani Gas,Bills,9564.43,Cash,08-03-2025
Bought Engineering textbooks and reference notes,Education,2063.87,Debit Card,08-01-2025
Office canteen coupon recharge using card,Food,13039.31,Net Banking,27-04-2025
Order for CNG gas refill for vehicle with cash,Transportation,3306.23,UPI,26-09-2025
Spent on Club entry fee Saturday night party online,Entertainment,7400.44,Credit Card,28-01-2025
Order for Leather wallet and formal belt today,Shopping,10630.44,Debit Card,03-09-2025
Payment for Dermatologist consultation for skin acne through app,Healthcare,14273.85,UPI,03-08-2025
Paid for Homeopathy clinic consultation and pills through app,Healthcare,1188.22,Credit Card,03-06-2025
Paid for Cricket stadium match ticket IPL through app,Entertainment,9081.73,Debit Card,23-05-2025
Paid for Sewage and drainage municipal cess with cash,Bills,951.28,Cash,12-01-2025
Bill payment for office formal leather shoes bata,Shopping,813.27,Net Banking,07-12-2025
Spent on Music concert festival pass with cash,Entertainment,9644.96,Net Banking,26-09-2025
Paid for Bedsheet set and cotton pillow covers with cash,Shopping,7890.45,Cash,04-09-2025
Payment for Popcorn and nachos combo at cinema hall today,Entertainment,8595.03,Net Banking,20-07-2025
Order for IndiGo domestic flight ticket online,Transportation,8721.7,Credit Card,01-03-2025
Purchased Airtel broadband fiber bill payment via UPI,Bills,5821.52,Cash,13-08-2025
Order for YouTube Premium family plan renewal using card,Entertainment,5278.35,Net Banking,03-08-2025
Order for Ray-Ban UV protection sunglasses with cash,Shopping,2241.06,Credit Card,12-11-2025
Bought Adani electricity monthly bill with cash,Bills,998.8,UPI,17-04-2025
Purchased Rapido bike taxi ride today,Transportation,11160.01,Debit Card,22-12-2025
Order for Leather wallet and formal belt with cash,Shopping,13929.08,Credit Card,06-02-2025
Bought Delhi metro card topup online,Transportation,13388.29,Cash,26-05-2025
Bought Allen career institute installment today,Education,13461.13,UPI,27-05-2025
Paid for Makeup kit lipstick and foundation Nykaa through app,Shopping,14663.79,Credit Card,26-09-2025
Spent on Petrol refill at Indian Oil pump via UPI,Transportation,7166.81,UPI,12-09-2025
Paid for Physics laboratory practical record file through app,Education,8267.94,Cash,12-07-2025
Bought Municipal property tax annual payment with cash,Bills,6986.26,Net Banking,05-01-2025
Payment for MRI brain scan diagnostic center fee via UPI,Healthcare,9392.97,Credit Card,05-04-2025
Paid for BookMyShow movie ticket PVR Cinemas via UPI,Entertainment,7091.5,UPI,18-03-2025
Purchased Dental clinic teeth cleaning and scaling through app,Healthcare,507.85,UPI,19-11-2025
Order for Airtel Digital TV subscription,Bills,13337.87,UPI,24-03-2025
House rental payment to landlord through app,Bills,11232.76,Cash,12-05-2025
Purchased Scientific calculator Casio fx-991CW with cash,Education,12639.68,Net Banking,19-02-2025
Order for Two-wheeler comprehensive insurance renewal using card,Transportation,7397.62,Credit Card,10-12-2025
Bought Diesel fuel for car at BPCL via UPI,Transportation,14695.62,Net Banking,09-04-2025
Payment for BookMyShow movie ticket PVR Cinemas using card,Entertainment,5613.09,Debit Card,17-11-2025
Paid for Amazon India online order for clothes,Shopping,1329.72,Cash,18-11-2025
Engineering textbooks and reference notes via UPI,Education,6952.61,Cash,28-07-2025
Bought Ray-Ban UV protection sunglasses with cash,Shopping,13824.76,Cash,28-02-2025
Purchased Theater drama evening show ticket with cash,Entertainment,3391.56,Debit Card,22-07-2025
Payment for Annual library membership renewal via UPI,Education,14588.52,Net Banking,20-12-2025
Order for Residential garbage collection charge through app,Bills,8762.19,Net Banking,21-06-2025
Bought Ice cream tub from Naturals online,Food,14166.12,Net Banking,20-10-2025
Quick mobile back cover and tempered glass screen,Shopping,7674.53,Credit Card,10-07-2025
Payment for Mineral water jar refill using card,Food,11961.48,UPI,20-08-2025
Purchased Weekly vegetable vendor payment online,Food,10167.38,Credit Card,08-12-2025
Paid for Rapido bike taxi ride with cash,Transportation,10318.44,Net Banking,23-07-2025
Quick non-stick cookware fry pan hawkins,Shopping,4195.22,UPI,11-04-2025
Recent coursera professional certificate course via GPay,Education,8516.94,UPI,05-07-2025
Paid for Women handbag and leather purse via UPI,Shopping,4192.7,UPI,15-07-2025
Quick university examination form fee,Education,12233.45,Credit Card,07-10-2025
Payment for Perfume bottle and deodorant spray using card,Shopping,13558.33,Cash,13-07-2025
Order for Apartment clubhouse utility maintenance with cash,Bills,2473.29,UPI,06-04-2025
Payment for Winter jacket and woolen sweater online,Shopping,13571.0,Debit Card,22-03-2025
Order for Fresh vegetables and fruits from market,Food,10076.99,Net Banking,17-11-2025
Purchased Ola cab to airport with cash,Transportation,2872.34,UPI,27-08-2025
Bought Municipal property tax annual payment,Bills,9907.55,UPI,19-03-2025
MRI brain scan diagnostic center fee via UPI,Healthcare,6131.35,UPI,26-12-2025
Order for Physiotherapy rehabilitation session using card,Healthcare,1465.96,Net Banking,07-02-2025
Spent on Petrol refill at Indian Oil pump,Transportation,7268.17,Cash,17-01-2025
Subway sandwich lunch,Food,10921.86,UPI,07-09-2025
Order for Car engine oil change and service using card,Transportation,5554.3,UPI,21-07-2025
Ola cab to airport with cash,Transportation,11202.06,Credit Card,13-01-2025
Bill payment for udemy python programming bootcamp,Education,150.56,Debit Card,05-04-2025
Diagnostic chest X-ray digital scan via UPI,Healthcare,4554.35,Net Banking,28-03-2025
Bought Municipal corporation water tax bill using card,Bills,1895.9,Cash,22-03-2025
Purchased Discord Nitro monthly renewal,Entertainment,5596.25,Credit Card,10-03-2025
Spent on Bowling alley game session at Smaaash,Entertainment,4489.17,UPI,17-06-2025
Bought Kitchen knife set and wooden chopping board online,Shopping,13193.91,Debit Card,23-09-2025
Payment for Uber cab ride to office online,Transportation,5968.7,Debit Card,14-07-2025
"Order for Stationery notebook, registers and pens with cash",Education,6259.75,Net Banking,06-04-2025
Spent on Mobile back cover and tempered glass screen through app,Shopping,6315.34,Cash,19-06-2025
JioFiber high speed internet bill today,Bills,13637.01,Cash,10-09-2025
Bought Medical entrance coaching class fee online,Education,11930.18,Credit Card,16-09-2025
Payment for Arcade video games timezone card recharge using card,Entertainment,4979.41,Credit Card,25-10-2025
Paid for Chinese noodles and fried rice,Food,4784.34,UPI,03-01-2025
Weekly vegetable vendor payment online,Food,7064.51,UPI,23-08-2025
Bought Delhi metro card topup today,Transportation,4540.88,Credit Card,22-05-2025
Purchased Flipkart big billion days fashion shopping using card,Shopping,14218.61,Credit Card,19-03-2025
Purchased Delhi metro card topup using card,Transportation,7749.42,Cash,23-02-2025
Purchased Car wheel alignment and balancing with cash,Transportation,2237.63,Credit Card,09-01-2025
Order for Adani electricity monthly bill via UPI,Bills,6944.63,Credit Card,22-10-2025
Bought Flipkart big billion days fashion shopping via UPI,Shopping,4304.28,Cash,20-12-2025
Spent on Weekly vegetable vendor payment through app,Food,10221.11,Cash,28-02-2025
Paid for Momos and soup stall using card,Food,7614.07,Credit Card,01-10-2025
Bought Petrol refill at Indian Oil pump via UPI,Transportation,11793.21,Credit Card,13-07-2025
Jio prepaid mobile phone recharge today,Bills,14864.53,UPI,28-12-2025
Purchased Apartment clubhouse utility maintenance via UPI,Bills,12891.17,Credit Card,27-12-2025
Payment for Dermatologist consultation for skin acne,Healthcare,11793.17,Net Banking,21-12-2025
Purchased Juice bar fresh mango juice today,Food,9174.27,Credit Card,15-06-2025
Paid for BookMyShow movie ticket PVR Cinemas through app,Entertainment,1886.98,Credit Card,09-05-2025
Purchased Homeopathy clinic consultation and pills,Healthcare,4352.63,Credit Card,19-12-2025
Payment for Medicines purchased from Apollo Pharmacy with cash,Healthcare,8003.57,Net Banking,15-03-2025
Purchased Sewage and drainage municipal cess with cash,Bills,4353.08,Cash,27-08-2025
Spent on Car engine oil change and service with cash,Transportation,4286.72,UPI,20-06-2025
Bought Allen career institute installment using card,Education,13601.11,Debit Card,25-05-2025
Spent on PlayStation Network PS5 game purchase via UPI,Entertainment,8645.07,Credit Card,12-04-2025
Purchased Amusement park ticket Imagicaa today,Entertainment,10537.68,Cash,02-01-2025
Order for Popcorn and nachos combo at cinema hall using card,Entertainment,1803.16,Cash,17-07-2025
Spent on JioFiber high speed internet bill online,Bills,14950.45,Credit Card,09-06-2025
Charges paid for spectacles frame and prescription lenses lenskart,Healthcare,9020.6,Net Banking,14-08-2025
Medicines purchased from Apollo Pharmacy,Healthcare,7457.83,UPI,13-11-2025
Order for Wireless bluetooth neckband earphones via UPI,Shopping,14825.92,UPI,05-09-2025
Spent on Amazon India online order for clothes via UPI,Shopping,8079.01,Debit Card,28-08-2025
Paid for Electricity bill payment Torrent Power with cash,Bills,7212.98,Credit Card,15-09-2025
Non-stick cookware fry pan Hawkins using card,Shopping,7042.65,Credit Card,15-05-2025
Order for Two-wheeler comprehensive insurance renewal,Transportation,3830.42,Debit Card,17-09-2025
Spent on Health insurance mediclaim annual premium online,Healthcare,5250.63,Net Banking,07-06-2025
Order for Spectacles frame and prescription lenses Lenskart through app,Healthcare,13891.15,Net Banking,18-01-2025
Spent on Commercial office space rent today,Bills,11281.65,Net Banking,20-05-2025
Popcorn and nachos combo at cinema hall via UPI,Entertainment,6690.9,Net Banking,19-09-2025
Spent on Amazon India online order for clothes through app,Shopping,14157.41,Debit Card,15-03-2025
Car engine oil change and service with cash,Transportation,14701.7,Cash,10-07-2025
Spent on Morning coffee and cookies through app,Food,2307.89,Credit Card,17-08-2025
Order for South Indian breakfast dosa and idli today,Food,7797.17,Debit Card,23-01-2025
Payment for Pediatrician consultation for baby child via UPI,Healthcare,4663.1,Net Banking,02-11-2025
Order for Spectacles frame and prescription lenses Lenskart today,Healthcare,12300.07,Net Banking,24-07-2025
Purchased Physics laboratory practical record file today,Education,9743.14,Debit Card,20-06-2025
Paid for Tutor private tuition fee for maths through app,Education,5661.12,UPI,18-12-2025
Bought Homeopathy clinic consultation and pills using card,Healthcare,10816.19,Debit Card,08-07-2025
Purchased Casual t-shirts pack from Zara through app,Shopping,10758.94,Debit Card,24-08-2025
Purchased Spotify music premium annual plan using card,Entertainment,7702.67,UPI,12-07-2025
Udemy python programming bootcamp via UPI,Education,14454.43,Debit Card,06-05-2025
Purchased Rapido bike taxi ride,Transportation,14584.67,Debit Card,03-12-2025
Spent on Online masterclass workshop on AI online,Education,11835.23,Debit Card,13-08-2025
Paid for Municipal property tax annual payment via UPI,Bills,11157.33,Net Banking,18-09-2025
Spent on Spotify music premium annual plan,Entertainment,8722.65,Debit Card,01-05-2025
Order for YouTube Premium family plan renewal via UPI,Entertainment,3916.37,Debit Card,16-07-2025
Sewage and drainage municipal cess via UPI,Bills,8853.34,Cash,12-10-2025
Payment for First aid antiseptic Dettol and bandages via UPI,Healthcare,6482.79,Net Banking,05-03-2025
Order for Winter jacket and woolen sweater using card,Shopping,8976.26,Credit Card,06-11-2025
Charges paid for makeup kit lipstick and foundation nykaa,Shopping,11583.75,Debit Card,04-01-2025
Expense on school uniform and formal shoes,Education,14448.78,UPI,08-05-2025
Zepto quick grocery order through app,Food,4823.78,Debit Card,13-03-2025
Spent on University examination form fee through app,Education,6857.38,Debit Card,25-09-2025
N95 masks and sanitizers pack through app,Healthcare,12530.85,UPI,11-12-2025
Paid for Lunch at office cafeteria online,Food,11528.34,Credit Card,14-09-2025
Order for Hostel accommodation and mess fee using card,Education,4021.17,Credit Card,13-03-2025
Order for Medplus generic pharmacy medicine bill today,Healthcare,4355.29,Debit Card,27-02-2025
Spent on Airtel postpaid monthly mobile bill with cash,Bills,7747.71,Cash,13-07-2025
Order for Car wash and interior vacuuming,Transportation,10742.24,Net Banking,12-11-2025
Bought Vaccination booster injection dose clinic via UPI,Healthcare,3717.43,Debit Card,03-08-2025
Charges paid for ethnic kurta pajama from manyavar,Shopping,10303.29,Net Banking,01-09-2025
Payment for Club entry fee Saturday night party,Entertainment,1006.26,Debit Card,06-10-2025
Order for Airtel broadband fiber bill payment,Bills,13932.67,Cash,27-07-2025
Spent on Amusement park ticket Imagicaa online,Entertainment,4934.41,Cash,18-01-2025
Paid for Late night snacks delivery online,Food,4927.46,Net Banking,09-04-2025
Paid for Medicines purchased from Apollo Pharmacy,Healthcare,2000.85,Credit Card,02-06-2025
School uniform and formal shoes through app,Education,12014.18,Net Banking,24-10-2025
Grocery shopping at DMart,Food,12237.46,Debit Card,26-07-2025
Spent on Emergency hospital room casualty charges today,Healthcare,4866.27,Cash,26-03-2025
Purchased Protein whey powder isolate gym supplement online,Healthcare,14435.43,Credit Card,16-06-2025
Spent on Delhi metro card topup with cash,Transportation,12271.07,Cash,16-02-2025
Spent on Amusement park ticket Imagicaa today,Entertainment,1540.2,Cash,27-10-2025
Bought Dental clinic teeth cleaning and scaling using card,Healthcare,2619.87,Credit Card,06-07-2025
Payment for Orthopedic doctor consultation for knee joint via UPI,Healthcare,7824.0,Net Banking,23-09-2025
Late night snacks delivery,Food,13963.74,Net Banking,20-11-2025
Order for Bicycle puncture repair and tube with cash,Transportation,12646.92,Cash,18-11-2025
Art museum gallery exhibition entry via UPI,Entertainment,4453.42,Credit Card,13-03-2025
Order for Subway train token through app,Transportation,14320.6,Net Banking,25-12-2025
Recent piped natural gas png bill adani gas via GPay,Bills,14891.69,UPI,04-07-2025
Paid for LPG cooking gas cylinder refill Indane using card,Bills,6551.58,Net Banking,10-01-2025
Payment for Laptop sleeve and water resistant backpack today,Shopping,10664.58,Credit Card,14-03-2025
Bought Art museum gallery exhibition entry,Entertainment,12190.87,Net Banking,06-04-2025
Recent spectacles frame and prescription lenses lenskart via GPay,Healthcare,13216.41,Cash,18-06-2025
Order for Multivitamin tablets and zinc supplements with cash,Healthcare,13898.76,Credit Card,01-07-2025
Charges paid for winter jacket and woolen sweater,Shopping,661.5,Net Banking,16-05-2025
Bought Music concert festival pass online,Entertainment,2753.13,Net Banking,03-12-2025
Payment for Art museum gallery exhibition entry using card,Entertainment,9952.75,Cash,02-11-2025
Order for Intercity bus ticket via RedBus online,Transportation,9353.58,UPI,18-05-2025
Quick barbeque nation buffet dinner,Food,3505.85,Debit Card,09-08-2025
Bill payment for first aid antiseptic dettol and bandages,Healthcare,3623.06,Debit Card,19-01-2025
Purchased Music concert festival pass via UPI,Entertainment,11838.61,UPI,24-09-2025
Recent full body blood diagnostic test srl labs via GPay,Healthcare,11636.91,Net Banking,07-11-2025
Purchased Paneer tikka and naan dinner using card,Food,11455.63,Credit Card,22-06-2025
Bought Subway train token via UPI,Transportation,3185.6,UPI,21-05-2025
Spent on CNG gas refill for vehicle using card,Transportation,1279.37,Credit Card,08-09-2025
Paid for Chai and samosa at tea stall using card,Food,5358.88,Cash,16-12-2025
Paid for Subway train token through app,Transportation,6286.2,Net Banking,04-08-2025
Purchased Homeopathy clinic consultation and pills with cash,Healthcare,2640.28,Cash,17-07-2025
Paid for Starbucks cold brew coffee today,Food,6026.98,Credit Card,24-02-2025
Paid for Lunch at office cafeteria with cash,Food,419.35,Cash,27-06-2025
BSNL landline telephone bill through app,Bills,3494.83,Cash,06-06-2025
Spent on Dermatologist consultation for skin acne through app,Healthcare,14812.37,Credit Card,23-12-2025
Bought Two wheeler periodic servicing with cash,Transportation,12987.71,Cash,09-10-2025
Wireless bluetooth neckband earphones today,Shopping,399.29,UPI,15-10-2025
Charges paid for airtel postpaid monthly mobile bill,Bills,11506.19,Cash,11-01-2025
Payment for Ola cab to airport through app,Transportation,3230.67,Cash,10-01-2025
Spent on Pediatrician consultation for baby child via UPI,Healthcare,1752.93,UPI,12-03-2025
Order for Art museum gallery exhibition entry online,Entertainment,1696.32,Cash,06-08-2025
Paid for School uniform and formal shoes online,Education,1614.58,Net Banking,22-03-2025
Juice bar fresh mango juice with cash,Food,14690.12,Credit Card,27-02-2025
Bill payment for dermatologist consultation for skin acne,Healthcare,3953.94,Credit Card,02-04-2025
Spent on Car wash and interior vacuuming online,Transportation,1416.23,Net Banking,01-01-2025
Spent on Apartment clubhouse utility maintenance through app,Bills,1208.31,Net Banking,04-09-2025
Ray-Ban UV protection sunglasses via UPI,Shopping,3064.86,Cash,12-09-2025
Order for Art drawing book and acrylic colors today,Education,13027.76,Credit Card,05-01-2025
Bought Popcorn and nachos combo at cinema hall,Entertainment,9245.33,Net Banking,19-06-2025
Bought Medicines purchased from Apollo Pharmacy,Healthcare,9380.94,Credit Card,05-02-2025
Paid for Mumbai local train monthly pass through app,Transportation,10218.59,Net Banking,16-06-2025
Payment for Casual t-shirts pack from Zara through app,Shopping,6650.71,Cash,09-07-2025
Order for BookMyShow movie ticket PVR Cinemas today,Entertainment,11052.31,Cash,27-04-2025
Payment for Cafe coffee day cold coffee using card,Food,12791.15,Cash,15-11-2025
Payment for Steam PC gaming summer sale purchase via UPI,Entertainment,5943.9,UPI,17-07-2025
Bought Egg and bread breakfast with cash,Food,328.37,Debit Card,03-04-2025
Purchased Tata Play DTH satellite dish recharge,Bills,332.13,Credit Card,11-07-2025
Order for Airport parking ticket fee through app,Transportation,2545.68,Debit Card,23-03-2025
Coursera professional certificate course today,Education,4836.96,UPI,27-03-2025
Purchased Ethnic kurta pajama from Manyavar using card,Shopping,6167.64,Cash,22-04-2025
Order for Formal cotton shirt and denim jeans,Shopping,11914.83,Credit Card,10-09-2025
Order for Medical entrance coaching class fee today,Education,3671.3,UPI,05-12-2025
Order for Bus ticket conductor cash payment via UPI,Transportation,1017.42,Credit Card,11-04-2025
Bought Degree convocation certificate fee today,Education,13521.04,Net Banking,25-09-2025
Paid for Health insurance mediclaim annual premium with cash,Healthcare,12682.99,Credit Card,13-10-2025
Paid for Non-stick cookware fry pan Hawkins through app,Shopping,8859.43,Net Banking,03-11-2025
Paid for Residential garbage collection charge via UPI,Bills,2174.14,Net Banking,14-01-2025
Order for Adani electricity monthly bill,Bills,6907.77,Credit Card,15-01-2025
Spent on Petrol refill at Indian Oil pump today,Transportation,12443.27,Cash,09-08-2025
Paid for House rental payment to landlord through app,Bills,9373.78,Credit Card,04-02-2025
Payment for Dominos cheese pizza online,Food,13494.71,Cash,22-01-2025
Bought Electric scooter charging fee,Transportation,233.71,UPI,19-04-2025
Expense on medplus generic pharmacy medicine bill,Healthcare,678.84,UPI,04-07-2025
"Bought Milk, butter and dairy products through app",Food,5100.64,Credit Card,11-08-2025
Purchased Airtel postpaid monthly mobile bill online,Bills,5949.29,Cash,09-06-2025
Metro smart card recharge,Transportation,12113.47,Cash,11-07-2025
Recent haldirams thali lunch via GPay,Food,9933.59,Net Banking,26-06-2025
Bought Cable TV network monthly operator fee through app,Bills,12853.23,UPI,03-04-2025
Paid for Sewage and drainage municipal cess,Bills,9896.2,Credit Card,06-05-2025
Order for Women handbag and leather purse online,Shopping,724.73,Debit Card,15-05-2025
Bought Ola cab to airport using card,Transportation,1478.33,Debit Card,23-10-2025
Payment for Subway sandwich lunch online,Food,711.34,Net Banking,08-09-2025
Paid for Egg and bread breakfast today,Food,8059.28,Debit Card,01-09-2025
Payment for Scientific calculator Casio fx-991CW using card,Education,12025.35,Credit Card,04-12-2025
Spent on Makeup kit lipstick and foundation Nykaa today,Shopping,7171.55,Cash,25-08-2025
Bought Auto rickshaw fare by meter with cash,Transportation,12202.38,UPI,13-09-2025
Quick youtube premium family plan renewal,Entertainment,8248.23,Net Banking,21-12-2025
Perfume bottle and deodorant spray through app,Shopping,9957.33,Credit Card,01-06-2025
Paid for Residential garbage collection charge using card,Bills,876.85,Net Banking,12-11-2025
Order for IMAX 3D cinema ticket INOX with cash,Entertainment,14378.62,Cash,01-01-2025
Ray-Ban UV protection sunglasses using card,Shopping,4475.79,Net Banking,18-12-2025
Payment for LPG cooking gas cylinder refill Indane,Bills,12357.6,Net Banking,06-03-2025
Escape room team mystery game ticket via UPI,Entertainment,4812.49,Net Banking,06-03-2025
Paid for Tata Play DTH satellite dish recharge with cash,Bills,12533.3,UPI,12-02-2025
Spent on Bakery fresh bread and cake with cash,Food,7708.8,Cash,28-06-2025
Paid for Bike tyre replacement MRF today,Transportation,1825.94,Net Banking,18-08-2025
Payment for Ayurvedic medicines from Patanjali store through app,Healthcare,761.03,Debit Card,21-03-2025
Spent on Airtel Digital TV subscription online,Bills,12100.67,UPI,27-09-2025
Spent on Piped natural gas PNG bill Adani Gas through app,Bills,5263.12,Cash,22-03-2025
Payment for Hostel accommodation and mess fee via UPI,Education,2281.13,UPI,05-06-2025
Payment for Makeup kit lipstick and foundation Nykaa through app,Shopping,14520.75,Cash,21-09-2025
Paid for House rental payment to landlord today,Bills,9735.83,UPI,06-06-2025
Expense on bus ticket conductor cash payment,Transportation,6130.85,UPI,28-11-2025
Paid for Orthopedic doctor consultation for knee joint with cash,Healthcare,14120.8,Debit Card,04-08-2025
Order for Packaged drinking water bottle online,Food,9589.33,UPI,17-01-2025
School admission registration fee using card,Education,9570.66,Net Banking,09-12-2025
Payment for Amazon Prime Video annual membership online,Entertainment,11912.09,Credit Card,10-01-2025
Order for Wireless bluetooth neckband earphones through app,Shopping,13277.01,Credit Card,22-07-2025
Paid for Electricity bill payment Torrent Power,Bills,10831.03,Cash,13-08-2025
Payment for Office canteen coupon recharge through app,Food,2800.69,Cash,27-05-2025
Order for Multivitamin tablets and zinc supplements today,Healthcare,9456.53,Net Banking,21-07-2025
Packaged drinking water bottle today,Food,1501.93,Credit Card,18-07-2025
Purchased Ray-Ban UV protection sunglasses with cash,Shopping,7999.04,Debit Card,08-02-2025
Paid for Netflix monthly premium 4K subscription today,Entertainment,5789.77,Cash,25-05-2025
Payment for Uber cab ride to office via UPI,Transportation,12270.27,Credit Card,23-08-2025
Order for University examination form fee online,Education,2124.22,Cash,13-08-2025
Spent on Wireless bluetooth neckband earphones online,Shopping,7573.05,Cash,07-08-2025
Bill payment for board game catan purchase for game night,Entertainment,4546.59,UPI,13-10-2025
Purchased Running sports shoes from Nike store today,Shopping,5202.91,Net Banking,02-03-2025
Payment for School admission registration fee with cash,Education,7310.52,Net Banking,04-05-2025
Paid for Amazon India online order for clothes with cash,Shopping,1542.79,UPI,16-07-2025
Spent on University examination form fee,Education,9002.81,Debit Card,11-08-2025
Bought Petrol refill at Indian Oil pump using card,Transportation,5152.95,Credit Card,07-03-2025
Purchased Popcorn and nachos combo at cinema hall with cash,Entertainment,4093.71,Credit Card,06-12-2025
Bought Amazon India online order for clothes with cash,Shopping,6900.11,UPI,11-01-2025
Spent on Juice bar fresh mango juice today,Food,3053.29,Cash,23-05-2025
Purchased Two-wheeler comprehensive insurance renewal using card,Transportation,7262.5,Credit Card,07-04-2025
Paid for Car wheel alignment and balancing using card,Transportation,752.12,Net Banking,18-08-2025
Paid for Kitchen knife set and wooden chopping board,Shopping,5498.24,UPI,06-02-2025
Paid for Swiggy food delivery with cash,Food,10179.15,Cash,05-02-2025
Payment for Kindle academic ebook purchase online,Education,1876.24,Net Banking,24-12-2025
Paid for Emergency hospital room casualty charges with cash,Healthcare,12605.97,Credit Card,04-06-2025
Order for Amazon Prime Video annual membership using card,Entertainment,4503.29,Net Banking,03-02-2025
Order for Cable TV network monthly operator fee today,Bills,12118.15,Net Banking,22-08-2025
Order for Wireless bluetooth neckband earphones using card,Shopping,1954.55,UPI,05-04-2025
Paid for Laptop sleeve and water resistant backpack online,Shopping,733.9,Debit Card,21-01-2025
Order for Dr Lal Pathlabs CBC and thyroid test with cash,Healthcare,6053.39,Credit Card,23-02-2025
Order for CNG gas refill for vehicle using card,Transportation,13522.56,Credit Card,22-06-2025
Purchased Formal cotton shirt and denim jeans,Shopping,12380.11,Net Banking,20-03-2025
Order for Winter jacket and woolen sweater,Shopping,13095.49,Debit Card,23-07-2025
Spent on Cafe coffee day cold coffee through app,Food,4999.44,Debit Card,07-10-2025
Order for Bike tyre replacement MRF today,Transportation,7388.13,Net Banking,24-05-2025
Bill payment for hostel accommodation and mess fee,Education,12225.97,Cash,04-11-2025
Spent on PlayStation Network PS5 game purchase using card,Entertainment,4176.53,Debit Card,04-12-2025
Quick irctc train ticket booking to mumbai,Transportation,4142.96,Cash,10-11-2025
Order for Dr Lal Pathlabs CBC and thyroid test through app,Healthcare,9398.18,Credit Card,11-05-2025
Purchased Physics laboratory practical record file,Education,433.4,Net Banking,02-07-2025
Bought Physics laboratory practical record file using card,Education,12934.63,Cash,18-12-2025
Bought Commercial office space rent online,Bills,3772.88,Debit Card,22-09-2025
Paid for Arcade video games timezone card recharge with cash,Entertainment,5137.38,Cash,22-05-2025
Spent on Bedsheet set and cotton pillow covers using card,Shopping,13187.86,UPI,14-04-2025
Order for Starbucks cold brew coffee using card,Food,4350.07,UPI,12-08-2025
Payment for Car engine oil change and service,Transportation,7825.11,Debit Card,16-08-2025
Recent first aid antiseptic dettol and bandages via GPay,Healthcare,12621.09,Credit Card,25-04-2025
Bought Solar rooftop maintenance service charge using card,Bills,14638.47,UPI,18-03-2025
Purchased Escape room team mystery game ticket via UPI,Entertainment,7136.32,Net Banking,28-03-2025
Paid for Full body blood diagnostic test SRL Labs today,Healthcare,14038.03,Cash,01-11-2025
Bought Ayurvedic medicines from Patanjali store through app,Healthcare,5368.25,Credit Card,03-03-2025
Gourmet pasta at Italian cafe with cash,Food,552.46,Cash,17-09-2025
Purchased Ola cab to airport online,Transportation,12417.5,Net Banking,04-04-2025
Paid for Petrol refill at Indian Oil pump through app,Transportation,140.34,Net Banking,03-04-2025
Purchased N95 masks and sanitizers pack using card,Healthcare,9094.1,Net Banking,26-06-2025
Purchased Municipal corporation water tax bill online,Bills,4332.26,Cash,09-02-2025
Bought University examination form fee with cash,Education,14708.09,UPI,09-04-2025
Bought Health insurance mediclaim annual premium with cash,Healthcare,10298.09,Net Banking,24-04-2025
Paid for Solar rooftop maintenance service charge today,Bills,5815.93,Cash,19-04-2025
Weekend stand-up comedy live show ticket today,Entertainment,12789.35,Debit Card,13-01-2025
Bought Music concert festival pass with cash,Entertainment,6980.81,UPI,28-11-2025
Purchased Apartment clubhouse utility maintenance online,Bills,5130.53,Credit Card,26-08-2025
Bought Health insurance mediclaim annual premium through app,Healthcare,9655.01,UPI,22-04-2025
Purchased BSNL landline telephone bill via UPI,Bills,7024.56,Cash,06-12-2025
Purchased Amazon India online order for clothes with cash,Shopping,8684.5,Net Banking,07-03-2025
Paid for Multivitamin tablets and zinc supplements through app,Healthcare,13311.54,UPI,13-09-2025
Paid for First aid antiseptic Dettol and bandages,Healthcare,11096.05,Cash,08-10-2025
Paid for Airport parking ticket fee using card,Transportation,13040.65,UPI,11-03-2025
Supermarket monthly ration purchase,Food,1166.58,Credit Card,05-10-2025
Order for Formal cotton shirt and denim jeans via UPI,Shopping,2391.07,UPI,24-11-2025
Bought First aid antiseptic Dettol and bandages through app,Healthcare,10434.84,UPI,01-04-2025
Bill payment for starbucks cold brew coffee,Food,1673.12,Credit Card,17-09-2025
Bought Kitchen knife set and wooden chopping board today,Shopping,6255.45,Net Banking,26-10-2025
Payment for Steam PC gaming summer sale purchase through app,Entertainment,9645.81,Cash,13-01-2025
Payment for Petrol refill at Indian Oil pump through app,Transportation,13968.98,Net Banking,24-07-2025
Metro smart card recharge via UPI,Transportation,10459.91,Credit Card,11-03-2025
Paid for Netflix monthly premium 4K subscription,Entertainment,7985.75,Credit Card,14-11-2025
Spent on Dental clinic teeth cleaning and scaling online,Healthcare,2566.31,Net Banking,01-12-2025
Bill payment for college semester tuition fee,Education,5453.37,Debit Card,10-09-2025
Order for School admission registration fee with cash,Education,7853.1,Credit Card,19-08-2025
Bought IELTS language test exam fee today,Education,12270.1,Cash,18-03-2025
Piped natural gas PNG bill Adani Gas today,Bills,9220.0,Cash,08-11-2025
Bought Chai and samosa at tea stall through app,Food,8394.22,UPI,25-11-2025
Bought Electricity bill payment Torrent Power with cash,Bills,551.25,Debit Card,21-08-2025
Bought Kindle academic ebook purchase through app,Education,10977.8,Cash,17-11-2025
Charges paid for car wash and interior vacuuming,Transportation,10875.22,Net Banking,20-05-2025
Bought Full body blood diagnostic test SRL Labs online,Healthcare,7924.57,Credit Card,11-12-2025
Bought Weekend stand-up comedy live show ticket online,Entertainment,3449.65,Debit Card,21-04-2025
Charges paid for casual t-shirts pack from zara,Shopping,5208.5,Cash,05-07-2025
Bought School admission registration fee via UPI,Education,1397.0,UPI,26-09-2025
Bought Fresh vegetables and fruits from market using card,Food,13157.31,UPI,10-10-2025
Charges paid for mumbai local train monthly pass,Transportation,10326.13,Credit Card,03-03-2025
Spent on Bowling alley game session at Smaaash via UPI,Entertainment,6996.96,UPI,25-11-2025
Payment for Doctor consultation fee general physician through app,Healthcare,8146.53,Credit Card,04-06-2025
Cricket stadium match ticket IPL,Entertainment,1834.73,Net Banking,06-09-2025
Payment for Spectacles frame and prescription lenses Lenskart with cash,Healthcare,9409.65,Net Banking,01-07-2025
Purchased First aid antiseptic Dettol and bandages with cash,Healthcare,11767.13,Cash,25-05-2025
Purchased Airtel broadband fiber bill payment with cash,Bills,14812.97,Credit Card,27-11-2025
Order for Ice cream tub from Naturals via UPI,Food,3031.89,Cash,08-11-2025
Payment for Perfume bottle and deodorant spray via UPI,Shopping,1016.88,Net Banking,12-06-2025
Spent on Bus ticket conductor cash payment with cash,Transportation,3753.82,Credit Card,24-09-2025
Recent wireless bluetooth neckband earphones via GPay,Shopping,5460.45,UPI,11-07-2025
Bought IndiGo domestic flight ticket through app,Transportation,9260.74,Net Banking,11-03-2025
Bill payment for online masterclass workshop on ai,Education,509.04,Cash,18-07-2025
Paid for IMAX 3D cinema ticket INOX using card,Entertainment,5892.68,Debit Card,08-06-2025
Order for Rapido bike taxi ride today,Transportation,1317.15,UPI,10-08-2025
Charges paid for n95 masks and sanitizers pack,Healthcare,12706.06,Debit Card,13-03-2025
Bought GRE exam registration fee ETS online,Education,2896.83,UPI,05-04-2025
Spent on JioFiber high speed internet bill using card,Bills,10501.61,Debit Card,25-03-2025
Quick paneer tikka and naan dinner,Food,10169.85,Credit Card,26-06-2025
Bought Dinner with family at restaurant through app,Food,7819.34,UPI,26-12-2025
Spent on Art museum gallery exhibition entry,Entertainment,11821.59,Credit Card,04-06-2025
Order for Zepto quick grocery order via UPI,Food,4815.08,Net Banking,14-03-2025
Spectacles frame and prescription lenses Lenskart through app,Healthcare,5091.39,Cash,02-06-2025
Purchased Residential garbage collection charge through app,Bills,2147.04,Net Banking,14-07-2025
Bill payment for mri brain scan diagnostic center fee,Healthcare,14417.41,Debit Card,14-11-2025
Purchased Bus ticket conductor cash payment,Transportation,4718.17,Debit Card,25-11-2025
Spent on School uniform and formal shoes via UPI,Education,9976.93,UPI,10-04-2025
Paid for Spectacles frame and prescription lenses Lenskart today,Healthcare,9061.01,Net Banking,19-11-2025
Bought Perfume bottle and deodorant spray using card,Shopping,6033.43,Credit Card,06-12-2025
Paid for Tata Play DTH satellite dish recharge online,Bills,14629.1,Net Banking,25-04-2025
Purchased Udemy python programming bootcamp with cash,Education,638.67,Net Banking,02-07-2025
Purchased Home decor flower vase and curtains today,Shopping,5189.66,Credit Card,07-06-2025
Physics laboratory practical record file using card,Education,11696.51,Net Banking,19-11-2025
Petrol refill at Indian Oil pump online,Transportation,5265.71,Cash,01-11-2025
Order for Bescom power supply bill,Bills,2954.55,Cash,28-05-2025
Paid for Perfume bottle and deodorant spray via UPI,Shopping,11510.42,UPI,04-08-2025
Payment for McDonalds burger meal through app,Food,3317.56,Cash,09-03-2025
Spent on Self drive car rental Zoomcar,Transportation,2006.97,Cash,28-01-2025
"Bought Stationery notebook, registers and pens today",Education,8540.08,Net Banking,19-09-2025
Expense on dental clinic teeth cleaning and scaling,Healthcare,4635.87,Credit Card,19-02-2025
Bought Sweets and farsan from sweet shop using card,Food,9592.79,Net Banking,22-06-2025
Bill payment for pediatrician consultation for baby child,Healthcare,2187.77,UPI,28-07-2025
Bought Street food pav bhaji and chaat,Food,4014.93,Credit Card,23-02-2025
Spent on Residential garbage collection charge using card,Bills,14388.42,Net Banking,12-11-2025
Bought Board game Catan purchase for game night today,Entertainment,14604.64,Credit Card,08-06-2025
Bill payment for winter jacket and woolen sweater,Shopping,5138.78,Credit Card,02-03-2025
Payment for Paneer tikka and naan dinner via UPI,Food,3528.49,Cash,26-11-2025
Order for Medical entrance coaching class fee via UPI,Education,11052.95,UPI,26-04-2025
Bought Delhi metro card topup through app,Transportation,7408.18,Net Banking,16-05-2025
Paid for Ethnic kurta pajama from Manyavar with cash,Shopping,7191.5,Cash,09-05-2025
Order for Biryani combo meal from Behrouz,Food,183.02,Credit Card,21-03-2025
Purchased IELTS language test exam fee online,Education,2978.05,Credit Card,07-03-2025
Purchased Disney+ Hotstar sports subscription via UPI,Entertainment,14987.64,Cash,06-03-2025
Order for Night taxi fare back home with cash,Transportation,8897.16,Debit Card,05-12-2025
Women handbag and leather purse with cash,Shopping,10044.32,Debit Card,10-08-2025
Expense on casual t-shirts pack from zara,Shopping,3374.44,Credit Card,27-11-2025
Payment for Multivitamin tablets and zinc supplements using card,Healthcare,3092.93,Credit Card,14-08-2025
Paid for Ayurvedic medicines from Patanjali store using card,Healthcare,12399.34,Debit Card,07-06-2025
Spent on Ola cab to airport online,Transportation,3128.09,Debit Card,22-09-2025
Payment for Solar rooftop maintenance service charge through app,Bills,11704.3,UPI,20-10-2025
Payment for Morning coffee and cookies with cash,Food,10764.04,Debit Card,23-08-2025
Order for Home decor flower vase and curtains using card,Shopping,2405.39,Net Banking,26-11-2025
Purchased Scientific calculator Casio fx-991CW,Education,14716.14,UPI,09-06-2025
Spent on Bowling alley game session at Smaaash with cash,Entertainment,12924.63,Credit Card,19-02-2025
Paid for Home decor flower vase and curtains,Shopping,2207.51,Credit Card,16-08-2025
Paid for Diesel fuel for car at BPCL through app,Transportation,10702.58,UPI,14-08-2025
Spent on Dinner with family at restaurant via UPI,Food,9085.8,Credit Card,13-04-2025
Cable TV network monthly operator fee through app,Bills,6273.73,Credit Card,16-02-2025
Purchased Office formal leather shoes Bata online,Shopping,9800.5,Credit Card,06-05-2025
Airport parking ticket fee with cash,Transportation,9213.7,Cash,19-02-2025
Purchased Piped natural gas PNG bill Adani Gas using card,Bills,14817.84,Debit Card,03-03-2025
Spent on Physiotherapy rehabilitation session through app,Healthcare,13291.91,Credit Card,16-07-2025
Bought Supermarket monthly ration purchase,Food,2764.98,Debit Card,27-07-2025
Order for Vi Vodafone Idea recharge pack via UPI,Bills,14222.67,Cash,12-08-2025
Purchased Arcade video games timezone card recharge,Entertainment,1063.91,Credit Card,28-04-2025
Bought Casual t-shirts pack from Zara with cash,Shopping,10395.5,Debit Card,12-08-2025
"Paid for Stationery notebook, registers and pens with cash",Education,6166.62,Debit Card,21-10-2025
Order for Makeup kit lipstick and foundation Nykaa using card,Shopping,507.04,UPI,19-05-2025
Payment for Homeopathy clinic consultation and pills,Healthcare,12188.02,Net Banking,28-11-2025
Payment for Winter jacket and woolen sweater using card,Shopping,13974.36,Net Banking,21-12-2025
Perfume bottle and deodorant spray via UPI,Shopping,9487.91,UPI,09-02-2025
Spent on Two wheeler periodic servicing through app,Transportation,13280.74,UPI,13-10-2025
Ray-Ban UV protection sunglasses,Shopping,5434.89,UPI,25-01-2025
Spent on Smartwatch fitness tracker noise through app,Shopping,8237.27,Debit Card,22-08-2025
Payment for Multivitamin tablets and zinc supplements with cash,Healthcare,2339.57,Debit Card,24-04-2025
Purchased College semester tuition fee through app,Education,8366.59,UPI,13-06-2025
Order for Perfume bottle and deodorant spray via UPI,Shopping,12952.52,UPI,26-03-2025
Expense on non-stick cookware fry pan hawkins,Shopping,2805.98,Credit Card,13-05-2025
Paid for Grocery shopping at DMart using card,Food,6214.53,Net Banking,27-12-2025
Spent on Airport parking ticket fee via UPI,Transportation,6374.62,UPI,08-05-2025
Bought McDonalds burger meal online,Food,5734.79,Cash,09-08-2025
Paid for Formal cotton shirt and denim jeans via UPI,Shopping,14421.45,Net Banking,21-08-2025
Quick medplus generic pharmacy medicine bill,Healthcare,13053.29,Debit Card,28-01-2025
Purchased Winter jacket and woolen sweater via UPI,Shopping,7935.95,Debit Card,15-05-2025
Bought Flipkart big billion days fashion shopping using card,Shopping,7083.68,Debit Card,20-12-2025
Order for Music concert festival pass with cash,Entertainment,11974.14,Cash,23-02-2025
Paid for Doctor consultation fee general physician online,Healthcare,5600.16,UPI,06-03-2025
Purchased Annual library membership renewal today,Education,11434.4,Net Banking,06-06-2025
Ola cab to airport through app,Transportation,10168.5,Net Banking,19-09-2025
Bought Paneer tikka and naan dinner via UPI,Food,11297.27,UPI,19-02-2025
Order for School uniform and formal shoes online,Education,5172.34,Debit Card,09-05-2025
Bought Disney+ Hotstar sports subscription via UPI,Entertainment,11714.44,Cash,01-01-2025
Spent on Leather wallet and formal belt online,Shopping,10594.68,UPI,24-07-2025
Spent on Discord Nitro monthly renewal today,Entertainment,10712.76,Debit Card,01-01-2025
Bill payment for robotics kit and arduino components for college project,Education,4515.76,Cash,09-03-2025
Purchased Pediatrician consultation for baby child online,Healthcare,7463.86,Cash,07-09-2025
Paid for Apartment clubhouse utility maintenance today,Bills,10317.46,Credit Card,16-11-2025
Paid for Diagnostic chest X-ray digital scan through app,Healthcare,7160.67,Net Banking,28-10-2025
Expense on university examination form fee,Education,2536.96,Cash,02-08-2025
Spent on Starbucks cold brew coffee via UPI,Food,1633.87,UPI,09-04-2025
Order for Car third party insurance policy using card,Transportation,14659.79,Debit Card,19-11-2025
Spent on Casual t-shirts pack from Zara online,Shopping,10247.66,UPI,24-03-2025
Spent on YouTube Premium family plan renewal via UPI,Entertainment,13425.0,Credit Card,13-02-2025
Spent on Cafe coffee day cold coffee today,Food,380.86,UPI,10-05-2025
Paid for Discord Nitro monthly renewal with cash,Entertainment,13334.64,Cash,12-11-2025
Subway sandwich lunch using card,Food,3038.54,Credit Card,10-11-2025
Spent on School admission registration fee,Education,4893.45,Net Banking,02-09-2025
Bought Self drive car rental Zoomcar via UPI,Transportation,2027.82,UPI,09-04-2025
Payment for Netflix monthly premium 4K subscription through app,Entertainment,9461.85,Net Banking,09-07-2025
Order for School uniform and formal shoes,Education,12627.06,Cash,22-09-2025
Commercial office space rent,Bills,12608.19,Credit Card,25-01-2025
Paid for Prepaid electricity smart meter recharge with cash,Bills,14804.59,Cash,13-01-2025
Bought Helicopter shuttle ticket through app,Transportation,10924.56,Debit Card,27-11-2025
Payment for School annual sports and picnic fee using card,Education,11637.33,Credit Card,15-10-2025
Payment for Airtel postpaid monthly mobile bill with cash,Bills,3980.92,UPI,05-09-2025
Order for Spotify music premium annual plan,Entertainment,11239.15,Credit Card,08-09-2025
Bought Kindle academic ebook purchase online,Education,3165.61,UPI,22-03-2025
Purchased Starbucks cold brew coffee using card,Food,13932.99,Cash,02-11-2025
Payment for Egg and bread breakfast today,Food,1600.51,Cash,16-10-2025
School uniform and formal shoes via UPI,Education,11185.96,UPI,22-07-2025
Jio prepaid mobile phone recharge through app,Bills,6733.93,Net Banking,19-02-2025
Bought Mobile back cover and tempered glass screen via UPI,Shopping,12611.5,Net Banking,20-07-2025
Bought Smartwatch fitness tracker noise through app,Shopping,2063.81,Cash,27-06-2025
Spent on Airport parking ticket fee using card,Transportation,7552.79,Net Banking,05-02-2025
Paid for Escape room team mystery game ticket,Entertainment,9867.53,Cash,21-03-2025
Purchased Chai and samosa at tea stall with cash,Food,7764.11,Cash,06-06-2025
Bought Airtel postpaid monthly mobile bill via UPI,Bills,11815.09,UPI,01-01-2025
Spent on LPG cooking gas cylinder refill Indane online,Bills,12117.71,Debit Card,10-02-2025
Spent on Engineering textbooks and reference notes through app,Education,13107.99,Net Banking,10-11-2025
Paid for School annual sports and picnic fee,Education,12699.73,Cash,17-09-2025
Paid for BSNL landline telephone bill,Bills,11247.45,Cash,14-07-2025
Starbucks cold brew coffee using card,Food,6624.12,Debit Card,08-05-2025
Bought Municipal property tax annual payment today,Bills,12629.39,UPI,21-11-2025
Bought Club entry fee Saturday night party via UPI,Entertainment,12064.51,UPI,04-11-2025
Spent on Sewage and drainage municipal cess via UPI,Bills,10813.72,Net Banking,25-11-2025
Expense on swiggy food delivery,Food,7563.47,Credit Card,19-10-2025
Order for Art drawing book and acrylic colors through app,Education,10633.38,Debit Card,05-10-2025
Order for Protein whey powder isolate gym supplement,Healthcare,94.7,Debit Card,18-04-2025
Spent on BSNL landline telephone bill with cash,Bills,13061.2,UPI,05-01-2025
Spent on Toll plaza tax cash payment using card,Transportation,12291.47,UPI,25-04-2025
Payment for Vi Vodafone Idea recharge pack,Bills,4706.25,Debit Card,27-03-2025
Payment for Night taxi fare back home,Transportation,1797.91,Debit Card,19-03-2025
Purchased Running sports shoes from Nike store via UPI,Shopping,11554.95,Net Banking,26-10-2025
Order for FASTag highway toll recharge today,Transportation,2360.6,Credit Card,27-04-2025
Purchased Intercity bus ticket via RedBus,Transportation,10323.05,Cash,27-05-2025
"Purchased Stationery notebook, registers and pens through app",Education,14154.7,Cash,13-08-2025
Bought Water park entry ticket with locker via UPI,Entertainment,1210.91,Net Banking,02-05-2025
Order for School annual sports and picnic fee using card,Education,6498.53,Net Banking,02-06-2025
Home decor flower vase and curtains,Shopping,2317.93,Net Banking,22-10-2025
Order for Degree convocation certificate fee with cash,Education,4931.67,Credit Card,22-11-2025
Order for Chinese noodles and fried rice today,Food,2599.97,Net Banking,20-03-2025
Order for Bedsheet set and cotton pillow covers with cash,Shopping,14865.19,UPI,16-12-2025
Recent toll plaza tax cash payment via GPay,Transportation,13149.7,Cash,02-03-2025
Purchased Commercial office space rent with cash,Bills,14212.9,UPI,23-10-2025
Self drive car rental Zoomcar through app,Transportation,7956.14,Credit Card,10-03-2025
Recent escape room team mystery game ticket via GPay,Entertainment,3411.75,Net Banking,23-03-2025
Spent on Diagnostic chest X-ray digital scan with cash,Healthcare,1111.91,Cash,27-04-2025
Order for Full body blood diagnostic test SRL Labs through app,Healthcare,4386.97,UPI,26-01-2025
Order for Prepaid electricity smart meter recharge via UPI,Bills,8507.43,UPI,17-06-2025
Payment for Kitchen knife set and wooden chopping board with cash,Shopping,1193.64,Cash,23-01-2025
Order for Municipal corporation water tax bill,Bills,3106.7,Cash,23-06-2025
IndiGo domestic flight ticket with cash,Transportation,11419.98,UPI,02-05-2025
Payment for Mineral water jar refill through app,Food,12008.49,Credit Card,04-03-2025
Spent on Biryani combo meal from Behrouz online,Food,14803.89,Debit Card,05-07-2025
Paid for Vaccination booster injection dose clinic via UPI,Healthcare,6842.82,Credit Card,10-02-2025
Order for Kindle academic ebook purchase through app,Education,3646.19,Credit Card,23-08-2025
Purchased College semester tuition fee today,Education,2697.05,UPI,16-09-2025
Order for Barbeque Nation buffet dinner through app,Food,1817.46,Debit Card,06-07-2025
Discord Nitro monthly renewal using card,Entertainment,3406.03,Net Banking,05-10-2025
Order for Petrol refill at Indian Oil pump through app,Transportation,8342.64,Credit Card,10-08-2025
Purchased IELTS language test exam fee,Education,12146.01,Net Banking,14-01-2025
Order for Robotics kit and Arduino components for college project with cash,Education,13243.47,Credit Card,06-07-2025
Purchased Ethnic kurta pajama from Manyavar with cash,Shopping,11526.28,UPI,22-01-2025
Expense on car third party insurance policy,Transportation,3881.48,Net Banking,16-12-2025
Paid for Smartwatch fitness tracker noise with cash,Shopping,3130.86,Cash,04-12-2025
Paid for Allen career institute installment via UPI,Education,12835.03,Cash,11-02-2025
Bought Adani electricity monthly bill today,Bills,1944.4,Credit Card,10-01-2025
Bought Office canteen coupon recharge,Food,11364.87,Cash,07-01-2025
Purchased Casual t-shirts pack from Zara,Shopping,6218.24,Cash,08-01-2025
Paid for Dr Lal Pathlabs CBC and thyroid test using card,Healthcare,5166.21,UPI,09-11-2025
Order for Hostel accommodation and mess fee through app,Education,7123.95,UPI,11-06-2025
Purchased Netflix monthly premium 4K subscription via UPI,Entertainment,13251.46,Debit Card,04-05-2025
Charges paid for eye doctor consultation and vision test,Healthcare,4861.93,Credit Card,19-05-2025
Bought Spotify music premium annual plan with cash,Entertainment,8131.01,Net Banking,19-01-2025
Purchased MRI brain scan diagnostic center fee today,Healthcare,4427.43,UPI,24-05-2025
Bought Bakery fresh bread and cake via UPI,Food,3706.04,Net Banking,12-07-2025
Bought CNG gas refill for vehicle,Transportation,2893.35,Net Banking,16-11-2025
Spent on Amazon Prime Video annual membership today,Entertainment,9894.46,Net Banking,17-06-2025
Payment for Mobile back cover and tempered glass screen through app,Shopping,4928.13,Debit Card,14-01-2025
Payment for Tutor private tuition fee for maths using card,Education,6930.21,Debit Card,27-03-2025
Recent school annual sports and picnic fee via GPay,Education,9073.93,Cash,15-01-2025
Order for House rental payment to landlord,Bills,4767.34,Credit Card,27-04-2025
Recent amazon prime video annual membership via GPay,Entertainment,2190.64,Net Banking,16-03-2025
Order for Running sports shoes from Nike store,Shopping,6116.57,Credit Card,28-08-2025
Spent on Degree convocation certificate fee with cash,Education,855.55,Credit Card,11-02-2025
Payment for Protein whey powder isolate gym supplement with cash,Healthcare,3348.82,Debit Card,17-09-2025
Purchased Amazon Prime Video annual membership today,Entertainment,5682.19,Credit Card,28-02-2025
Paid for PlayStation Network PS5 game purchase through app,Entertainment,1747.16,Credit Card,11-05-2025
Payment for Night taxi fare back home through app,Transportation,12697.21,Debit Card,27-05-2025
Paid for YouTube Premium family plan renewal today,Entertainment,4091.71,Debit Card,27-12-2025
Two wheeler periodic servicing online,Transportation,1900.54,Cash,03-04-2025
Payment for Wireless bluetooth neckband earphones with cash,Shopping,12042.31,Debit Card,08-08-2025
Spent on Wireless bluetooth neckband earphones via UPI,Shopping,8917.02,Net Banking,27-12-2025
Purchased Netflix monthly premium 4K subscription,Entertainment,183.15,Debit Card,10-09-2025
Bill payment for office canteen coupon recharge,Food,12216.58,Net Banking,27-11-2025
Paid for Society monthly maintenance charges online,Bills,2855.73,UPI,18-08-2025
Purchased Adani electricity monthly bill using card,Bills,5352.48,Debit Card,27-02-2025
Payment for Casual t-shirts pack from Zara using card,Shopping,1074.4,Cash,22-12-2025
Purchased Breakfast buffet at hotel,Food,6215.77,Debit Card,17-09-2025
"Purchased Milk, butter and dairy products through app",Food,3207.29,UPI,19-09-2025
Order for Juice bar fresh mango juice using card,Food,5369.38,Net Banking,14-03-2025
Paid for Ola cab to airport today,Transportation,4659.45,UPI,20-01-2025
Payment for Residential garbage collection charge via UPI,Bills,10235.74,Cash,04-07-2025
Annual library membership renewal,Education,11372.03,UPI,27-08-2025
Purchased Cricket stadium match ticket IPL using card,Entertainment,4611.56,Cash,18-04-2025
Paid for Fresh vegetables and fruits from market today,Food,7250.69,Credit Card,26-02-2025
Order for Cafe coffee day cold coffee via UPI,Food,12856.01,Net Banking,11-02-2025
Paid for Bowling alley game session at Smaaash through app,Entertainment,8610.36,Net Banking,19-01-2025
Order for Steam PC gaming summer sale purchase using card,Entertainment,663.1,Net Banking,21-09-2025
Paid for Uber cab ride to office using card,Transportation,9014.58,UPI,26-02-2025
Bought Office canteen coupon recharge with cash,Food,292.49,Cash,19-10-2025
Quick amazon prime video annual membership,Entertainment,6072.26,Credit Card,15-03-2025
Bought Kitchen knife set and wooden chopping board via UPI,Shopping,13534.37,UPI,20-12-2025
Paid for Disney+ Hotstar sports subscription using card,Entertainment,9511.39,Debit Card,15-11-2025
Order for Momos and soup stall today,Food,1489.71,Debit Card,09-06-2025
Payment for IRCTC train ticket booking to Mumbai with cash,Transportation,5132.35,Credit Card,14-01-2025
Spent on Spectacles frame and prescription lenses Lenskart online,Healthcare,10496.3,UPI,25-01-2025
Bought Physiotherapy rehabilitation session via UPI,Healthcare,10879.94,Net Banking,05-07-2025
Paid for Cable TV network monthly operator fee,Bills,9345.37,Debit Card,14-11-2025
Order for IRCTC train ticket booking to Mumbai online,Transportation,12686.42,UPI,03-12-2025
Charges paid for cable tv network monthly operator fee,Bills,13707.98,UPI,18-07-2025
"Spent on Stationery notebook, registers and pens today",Education,6796.81,Debit Card,11-07-2025
Bought Wireless bluetooth neckband earphones using card,Shopping,6187.23,UPI,22-11-2025
Spent on Dr Lal Pathlabs CBC and thyroid test through app,Healthcare,9732.2,UPI,13-08-2025
Spent on School annual sports and picnic fee,Education,7759.17,Net Banking,23-04-2025
Spent on Multivitamin tablets and zinc supplements using card,Healthcare,8089.75,Cash,01-08-2025
Purchased Ayurvedic medicines from Patanjali store today,Healthcare,3126.81,Cash,05-03-2025
Purchased Art museum gallery exhibition entry,Entertainment,1588.14,Credit Card,23-01-2025
Payment for Prepaid electricity smart meter recharge online,Bills,6680.95,Debit Card,12-09-2025
Order for Municipal property tax annual payment through app,Bills,842.65,Credit Card,17-03-2025
Order for Dominos cheese pizza through app,Food,10833.18,Net Banking,10-05-2025
Order for Ola cab to airport today,Transportation,14780.37,Credit Card,18-07-2025
Theater drama evening show ticket today,Entertainment,9314.46,Debit Card,09-09-2025
Paid for Vi Vodafone Idea recharge pack,Bills,5039.6,UPI,24-02-2025
Order for Two-wheeler comprehensive insurance renewal with cash,Transportation,5194.6,UPI,25-11-2025
Bought Doctor consultation fee general physician via UPI,Healthcare,3016.42,Net Banking,04-09-2025
Bill payment for lpg cooking gas cylinder refill indane,Bills,7307.34,Debit Card,26-08-2025
Purchased Night taxi fare back home online,Transportation,1316.92,Cash,05-07-2025
Bought Kitchen knife set and wooden chopping board using card,Shopping,13542.43,UPI,24-04-2025
Order for Bescom power supply bill through app,Bills,4425.62,Credit Card,17-05-2025
Bought Casual t-shirts pack from Zara through app,Shopping,1122.76,Debit Card,23-09-2025
Bought Makeup kit lipstick and foundation Nykaa via UPI,Shopping,3774.14,UPI,16-01-2025
Paid for Juice bar fresh mango juice with cash,Food,14420.52,Net Banking,22-08-2025
Order for Online masterclass workshop on AI today,Education,8503.05,Cash,03-05-2025
Quick medicines purchased from apollo pharmacy,Healthcare,2997.1,Credit Card,22-03-2025
Spent on Municipal corporation water tax bill today,Bills,11494.37,Net Banking,24-02-2025
Paid for Winter jacket and woolen sweater through app,Shopping,14482.25,UPI,22-02-2025
Bought Dermatologist consultation for skin acne online,Healthcare,6187.28,Net Banking,18-09-2025
Paid for Chai and samosa at tea stall via UPI,Food,1679.14,UPI,06-08-2025
Spent on Airtel broadband fiber bill payment using card,Bills,418.61,Cash,15-07-2025
Order for Casual t-shirts pack from Zara online,Shopping,14466.64,Net Banking,20-10-2025
Payment for Two-wheeler comprehensive insurance renewal,Transportation,12174.37,Cash,06-07-2025
Paid for Multivitamin tablets and zinc supplements via UPI,Healthcare,4241.94,Credit Card,27-09-2025
Bought Physiotherapy rehabilitation session using card,Healthcare,14814.11,Net Banking,06-07-2025
Order for BookMyShow movie ticket PVR Cinemas with cash,Entertainment,4914.23,UPI,13-08-2025
Paid for Electric scooter charging fee through app,Transportation,9734.18,Cash,20-03-2025
Bought Rapido bike taxi ride today,Transportation,9726.3,Debit Card,16-05-2025
Purchased FASTag highway toll recharge with cash,Transportation,9359.32,Debit Card,15-12-2025
Payment for Music concert festival pass through app,Entertainment,11264.3,Net Banking,12-12-2025
Order for Grocery shopping at DMart via UPI,Food,5923.89,Cash,27-08-2025
Airtel postpaid monthly mobile bill with cash,Bills,11289.64,Cash,09-01-2025
Payment for Vaccination booster injection dose clinic,Healthcare,839.27,Credit Card,02-03-2025
Bill payment for delhi metro card topup,Transportation,3246.01,Debit Card,11-03-2025
Spent on Laptop sleeve and water resistant backpack using card,Shopping,9307.0,Credit Card,12-02-2025
Order for Dermatologist consultation for skin acne via UPI,Healthcare,10523.43,Credit Card,11-09-2025
Payment for LPG cooking gas cylinder refill Indane online,Bills,9295.98,Credit Card,12-11-2025
Order for Bicycle puncture repair and tube through app,Transportation,10774.92,UPI,27-03-2025
Spent on Water park entry ticket with locker through app,Entertainment,13255.36,Net Banking,20-01-2025
Paid for Protein whey powder isolate gym supplement via UPI,Healthcare,10737.94,Debit Card,12-05-2025
Charges paid for popcorn and nachos combo at cinema hall,Entertainment,230.71,UPI,20-06-2025
Purchased Dinner with family at restaurant today,Food,10826.19,Credit Card,18-07-2025
Electricity bill payment Torrent Power online,Bills,5834.17,Cash,07-08-2025
Spent on Grocery shopping at DMart via UPI,Food,5077.44,Debit Card,21-06-2025
Payment for Subway train token through app,Transportation,7383.78,Cash,22-09-2025
Spent on Wireless bluetooth neckband earphones through app,Shopping,8743.88,Credit Card,24-07-2025
Payment for Engineering textbooks and reference notes using card,Education,743.06,UPI,04-12-2025
Order for MRI brain scan diagnostic center fee online,Healthcare,5793.66,Credit Card,01-02-2025
Order for Electricity bill payment Torrent Power via UPI,Bills,13442.5,UPI,26-03-2025
Spent on Cricket stadium match ticket IPL,Entertainment,1540.96,UPI,03-01-2025
Spent on Kindle academic ebook purchase via UPI,Education,1507.79,Cash,01-11-2025
Spent on Escape room team mystery game ticket today,Entertainment,5989.81,Credit Card,11-03-2025
Expense on wireless bluetooth neckband earphones,Shopping,7126.9,Net Banking,22-12-2025
Residential garbage collection charge today,Bills,10764.26,Debit Card,27-06-2025
Bill payment for apartment clubhouse utility maintenance,Bills,14455.82,Cash,01-01-2025
Multivitamin tablets and zinc supplements via UPI,Healthcare,4353.16,Credit Card,18-01-2025
Charges paid for kitchen knife set and wooden chopping board,Shopping,4196.18,UPI,26-05-2025
Paid for Hostel accommodation and mess fee using card,Education,12678.3,Cash,18-06-2025
Bought Emergency hospital room casualty charges using card,Healthcare,1429.43,Cash,09-08-2025
Bought Protein whey powder isolate gym supplement online,Healthcare,2564.04,Net Banking,12-06-2025
Order for Bescom power supply bill online,Bills,11596.56,UPI,05-08-2025
Non-stick cookware fry pan Hawkins through app,Shopping,14784.19,Net Banking,24-10-2025
Bought Music concert festival pass through app,Entertainment,7140.27,Cash,14-12-2025
Spent on Car third party insurance policy via UPI,Transportation,11631.65,Net Banking,02-04-2025
BookMyShow movie ticket PVR Cinemas via UPI,Entertainment,4299.19,Debit Card,03-09-2025
Spent on JioFiber high speed internet bill via UPI,Bills,5309.25,Debit Card,14-01-2025
Bescom power supply bill with cash,Bills,4158.06,Credit Card,09-09-2025
Paid for JioFiber high speed internet bill,Bills,214.74,Debit Card,02-11-2025
Paid for Ayurvedic medicines from Patanjali store online,Healthcare,2318.69,Debit Card,10-01-2025
Bought McDonalds burger meal today,Food,6487.71,Cash,05-05-2025
Spent on Ola cab to airport with cash,Transportation,8459.18,UPI,22-06-2025
Bought Parking slip charges at shopping mall online,Transportation,13886.23,UPI,18-10-2025
Purchased Discord Nitro monthly renewal with cash,Entertainment,2196.31,Net Banking,22-01-2025
Car third party insurance policy online,Transportation,9043.92,Net Banking,04-02-2025
Purchased Cable TV network monthly operator fee via UPI,Bills,13814.82,Net Banking,14-11-2025
Order for Blinkit grocery delivery using card,Food,13572.22,Cash,20-04-2025
Bought Toll plaza tax cash payment today,Transportation,9948.29,Net Banking,17-05-2025
Purchased Physics laboratory practical record file with cash,Education,6719.42,Net Banking,26-05-2025
Bought Car wash and interior vacuuming with cash,Transportation,2332.9,Credit Card,28-12-2025
Order for IMAX 3D cinema ticket INOX online,Entertainment,10260.22,UPI,02-02-2025
Paid for Tata Play DTH satellite dish recharge today,Bills,11576.21,Cash,27-02-2025
Bought Engineering textbooks and reference notes with cash,Education,4307.17,UPI,08-08-2025
Bought IndiGo domestic flight ticket using card,Transportation,2136.54,Cash,20-02-2025
Order for Tata Play DTH satellite dish recharge today,Bills,1478.57,Cash,26-07-2025
Bought Discord Nitro monthly renewal through app,Entertainment,6051.66,Debit Card,20-12-2025
Bought Women handbag and leather purse today,Shopping,11689.48,Credit Card,15-05-2025
Weekly vegetable vendor payment through app,Food,2002.38,Net Banking,26-06-2025
Purchased Cable TV network monthly operator fee using card,Bills,2378.59,Net Banking,25-01-2025
Spent on Society monthly maintenance charges with cash,Bills,10503.87,Net Banking,05-01-2025
Bought Ayurvedic medicines from Patanjali store today,Healthcare,2466.15,Net Banking,23-08-2025
Paid for BSNL landline telephone bill via UPI,Bills,11013.39,UPI,05-09-2025
Order for Airtel Digital TV subscription today,Bills,11995.14,Debit Card,08-08-2025
Bought Online masterclass workshop on AI online,Education,11691.04,Debit Card,06-02-2025
First aid antiseptic Dettol and bandages online,Healthcare,2837.83,UPI,14-08-2025
Spent on Degree convocation certificate fee online,Education,4780.06,UPI,02-01-2025
Spent on Subway train token,Transportation,12591.82,Cash,15-02-2025
Purchased Board game Catan purchase for game night using card,Entertainment,6299.42,Cash,02-05-2025
House rental payment to landlord online,Bills,5472.73,Debit Card,10-12-2025
Spent on Multivitamin tablets and zinc supplements,Healthcare,66.4,Cash,02-01-2025
Order for Protein whey powder isolate gym supplement today,Healthcare,13830.41,Debit Card,21-03-2025
Paid for Haldirams thali lunch,Food,10998.66,Net Banking,26-11-2025
Cricket stadium match ticket IPL through app,Entertainment,2386.29,Debit Card,20-12-2025
Payment for IndiGo domestic flight ticket,Transportation,9478.76,UPI,02-09-2025
Purchased University examination form fee using card,Education,90.84,UPI,18-01-2025
Purchased Bakery fresh bread and cake using card,Food,3925.74,Debit Card,05-12-2025
Purchased Homeopathy clinic consultation and pills online,Healthcare,2155.14,Debit Card,22-05-2025
Order for Ayurvedic medicines from Patanjali store,Healthcare,3835.26,Debit Card,14-10-2025
Bought Airtel Digital TV subscription online,Bills,8839.32,Cash,11-09-2025
Bought Weekly vegetable vendor payment with cash,Food,4388.67,Net Banking,28-10-2025
Purchased Residential garbage collection charge,Bills,9298.74,Cash,23-02-2025
Bought Intercity bus ticket via RedBus with cash,Transportation,3230.88,Credit Card,03-11-2025
Office canteen coupon recharge today,Food,705.58,Credit Card,11-09-2025
Bought Non-stick cookware fry pan Hawkins through app,Shopping,9160.53,UPI,01-06-2025
Payment for Electricity bill payment Torrent Power with cash,Bills,11178.58,Net Banking,22-01-2025
Bill payment for electric scooter charging fee,Transportation,4294.72,UPI,17-09-2025
Bought Spectacles frame and prescription lenses Lenskart using card,Healthcare,613.86,UPI,17-10-2025
Order for Apartment clubhouse utility maintenance,Bills,4412.75,Debit Card,15-11-2025
Bought Art drawing book and acrylic colors today,Education,11936.8,UPI,15-10-2025
Payment for Society monthly maintenance charges with cash,Bills,11572.63,Debit Card,24-07-2025
Purchased Waffle and dessert parlour,Food,5289.69,UPI,24-01-2025
Bill payment for bookmyshow movie ticket pvr cinemas,Entertainment,11129.16,Net Banking,08-05-2025
Payment for Weekend stand-up comedy live show ticket today,Entertainment,11437.17,Net Banking,11-05-2025
Spent on Airport parking ticket fee,Transportation,395.61,Cash,20-05-2025
"Spent on Stationery notebook, registers and pens via UPI",Education,10317.26,Net Banking,03-10-2025
Ice cream tub from Naturals today,Food,12606.38,Net Banking,06-02-2025
Order for Water park entry ticket with locker today,Entertainment,11408.6,Net Banking,04-10-2025
Payment for Annual library membership renewal with cash,Education,7483.53,Credit Card,27-03-2025
Payment for Discord Nitro monthly renewal today,Entertainment,6735.97,Cash,14-04-2025
Paid for Electricity bill payment Torrent Power using card,Bills,12090.29,Net Banking,25-05-2025
Spent on Toll plaza tax cash payment through app,Transportation,10837.19,Debit Card,12-01-2025
Payment for Mobile back cover and tempered glass screen online,Shopping,8588.73,Debit Card,09-03-2025
Spotify music premium annual plan with cash,Entertainment,10271.96,Cash,25-01-2025
Paid for Breakfast buffet at hotel using card,Food,13659.83,Net Banking,11-04-2025
Paid for Amazon Prime Video annual membership online,Entertainment,5073.02,UPI,17-11-2025
Purchased Spectacles frame and prescription lenses Lenskart via UPI,Healthcare,10896.09,Credit Card,11-07-2025
Payment for Amazon India online order for clothes,Shopping,7203.83,Credit Card,14-12-2025
Paid for Leather wallet and formal belt with cash,Shopping,5672.93,Debit Card,22-04-2025
Paid for Flipkart big billion days fashion shopping,Shopping,229.87,Credit Card,23-08-2025
Payment for Medical entrance coaching class fee via UPI,Education,8964.86,Debit Card,01-09-2025
Bought Weekend stand-up comedy live show ticket with cash,Entertainment,2183.51,Net Banking,07-07-2025
Bought Airtel Digital TV subscription with cash,Bills,10486.24,Cash,22-02-2025
Purchased Home decor flower vase and curtains online,Shopping,9603.84,Net Banking,25-04-2025
Purchased Prepaid electricity smart meter recharge with cash,Bills,12869.96,Credit Card,23-12-2025
Women handbag and leather purse online,Shopping,793.27,Net Banking,20-08-2025
Order for Doctor consultation fee general physician,Healthcare,7868.77,Net Banking,28-11-2025
Board game Catan purchase for game night online,Entertainment,13126.15,Debit Card,24-04-2025
Order for Tutor private tuition fee for maths using card,Education,1136.09,UPI,12-10-2025
Winter jacket and woolen sweater with cash,Shopping,6517.71,UPI,05-11-2025
Mineral water jar refill today,Food,2455.89,Debit Card,01-06-2025
Spent on Weekend stand-up comedy live show ticket online,Entertainment,9315.17,UPI,08-10-2025
Spent on College semester tuition fee via UPI,Education,8047.96,UPI,04-11-2025
Spent on Laptop sleeve and water resistant backpack today,Shopping,7218.29,Credit Card,13-08-2025
Payment for Club entry fee Saturday night party with cash,Entertainment,13493.6,Cash,12-04-2025
Order for Vi Vodafone Idea recharge pack online,Bills,7382.46,Net Banking,04-06-2025
Hostel accommodation and mess fee with cash,Education,5664.88,UPI,27-10-2025
Expense on theater drama evening show ticket,Entertainment,8812.1,Debit Card,27-01-2025
Paid for Electricity bill payment Torrent Power online,Bills,9035.83,Credit Card,01-05-2025
Payment for Dermatologist consultation for skin acne via UPI,Healthcare,4743.7,Credit Card,19-09-2025
Payment for Residential garbage collection charge with cash,Bills,14332.63,Debit Card,23-03-2025
Bought Lunch at office cafeteria with cash,Food,3779.88,Net Banking,02-06-2025
Grocery shopping at DMart today,Food,10584.28,Debit Card,12-08-2025
Purchased Health insurance mediclaim annual premium with cash,Healthcare,4199.38,Debit Card,15-01-2025
Spent on Diagnostic chest X-ray digital scan via UPI,Healthcare,7063.68,UPI,04-09-2025
Purchased Mobile back cover and tempered glass screen through app,Shopping,9220.88,Cash,15-01-2025
Quick physiotherapy rehabilitation session,Healthcare,864.91,Cash,12-04-2025
Spent on Zepto quick grocery order with cash,Food,6765.59,Net Banking,28-08-2025
Purchased Pediatrician consultation for baby child,Healthcare,894.37,Debit Card,11-01-2025
Paid for Spotify music premium annual plan via UPI,Entertainment,5687.0,Debit Card,25-12-2025
Order for Zepto quick grocery order through app,Food,7269.83,Cash,25-03-2025
Payment for Root canal treatment session at dentist using card,Healthcare,4422.72,Debit Card,05-12-2025
Payment for Apartment clubhouse utility maintenance with cash,Bills,13871.51,Debit Card,05-02-2025
Order for Chai and samosa at tea stall using card,Food,7656.93,UPI,28-01-2025
Paid for Club entry fee Saturday night party online,Entertainment,6122.6,UPI,01-10-2025
Purchased Disney+ Hotstar sports subscription with cash,Entertainment,7835.68,Net Banking,21-07-2025
Order for KFC fried chicken using card,Food,12997.18,Debit Card,11-02-2025
Spent on Amusement park ticket Imagicaa using card,Entertainment,8855.29,Debit Card,06-11-2025
Payment for Cable TV network monthly operator fee with cash,Bills,9539.85,UPI,17-12-2025
Quick diagnostic chest x-ray digital scan,Healthcare,219.65,Net Banking,27-10-2025
Bought CNG gas refill for vehicle online,Transportation,7911.55,Cash,16-08-2025
Expense on flipkart big billion days fashion shopping,Shopping,6182.45,Debit Card,05-06-2025
Spent on GRE exam registration fee ETS today,Education,3654.28,UPI,13-01-2025
Order for Shawarma roll street food through app,Food,2354.27,Debit Card,11-07-2025
Flipkart big billion days fashion shopping online,Shopping,3159.47,UPI,01-04-2025
Purchased Office formal leather shoes Bata,Shopping,8884.58,Cash,09-09-2025
Payment for Casual t-shirts pack from Zara via UPI,Shopping,5733.89,Credit Card,17-01-2025
Purchased Grocery shopping at DMart online,Food,10633.11,UPI,06-08-2025
School uniform and formal shoes,Education,11597.38,Credit Card,23-05-2025
Bought Theater drama evening show ticket through app,Entertainment,9864.85,Debit Card,03-12-2025
Expense on airport parking ticket fee,Transportation,4793.89,Cash,14-03-2025
Pediatrician consultation for baby child via UPI,Healthcare,13597.87,UPI,06-09-2025
Spent on College semester tuition fee today,Education,10261.47,Cash,05-06-2025
Bought Office formal leather shoes Bata with cash,Shopping,6229.02,Net Banking,05-09-2025
Order for Tata Play DTH satellite dish recharge using card,Bills,2944.25,UPI,25-04-2025
Order for Scientific calculator Casio fx-991CW via UPI,Education,11595.88,Debit Card,19-10-2025
Payment for Municipal property tax annual payment via UPI,Bills,9281.25,Net Banking,03-01-2025
Bought Momos and soup stall today,Food,10817.82,Net Banking,22-08-2025
Paid for Flipkart big billion days fashion shopping through app,Shopping,6935.66,UPI,10-04-2025
Spent on Physics laboratory practical record file online,Education,1637.85,Net Banking,12-06-2025
Spent on Non-stick cookware fry pan Hawkins using card,Shopping,1274.42,UPI,28-04-2025
Order for Ray-Ban UV protection sunglasses,Shopping,3012.01,Cash,04-04-2025
Purchased Rapido bike taxi ride using card,Transportation,3126.97,UPI,22-04-2025
Order for Gourmet pasta at Italian cafe,Food,14627.01,UPI,16-08-2025
YouTube Premium family plan renewal online,Entertainment,11113.19,Cash,02-07-2025
Paid for BookMyShow movie ticket PVR Cinemas using card,Entertainment,498.87,UPI,16-04-2025
Paid for Escape room team mystery game ticket online,Entertainment,13090.03,Credit Card,11-07-2025
Paid for Chinese noodles and fried rice via UPI,Food,4987.43,UPI,15-06-2025
Paid for Running sports shoes from Nike store with cash,Shopping,12651.38,Cash,28-05-2025
Purchased Engineering textbooks and reference notes with cash,Education,2370.53,UPI,02-10-2025
Payment for Vaccination booster injection dose clinic with cash,Healthcare,6830.66,Debit Card,25-04-2025
Paid for Haldirams thali lunch with cash,Food,8361.51,Cash,08-02-2025
Payment for Non-stick cookware fry pan Hawkins via UPI,Shopping,6161.02,Net Banking,03-01-2025
Purchased School uniform and formal shoes,Education,5055.87,UPI,02-02-2025
Purchased YouTube Premium family plan renewal today,Entertainment,9538.18,Credit Card,06-10-2025
Medical entrance coaching class fee using card,Education,13297.18,Net Banking,16-12-2025
Purchased Annual library membership renewal online,Education,2348.41,UPI,14-04-2025
Bicycle puncture repair and tube with cash,Transportation,5993.49,Net Banking,12-07-2025
Payment for Doctor consultation fee general physician using card,Healthcare,11703.34,Debit Card,18-07-2025
Purchased Biryani combo meal from Behrouz through app,Food,7909.74,Net Banking,16-09-2025
Purchased School uniform and formal shoes with cash,Education,11828.2,UPI,17-02-2025
Paid for Zepto quick grocery order via UPI,Food,9706.17,UPI,21-10-2025
Spent on Sewage and drainage municipal cess today,Bills,12689.96,Cash,04-09-2025
Spent on Root canal treatment session at dentist today,Healthcare,8605.91,Cash,10-11-2025
Purchased Laptop sleeve and water resistant backpack via UPI,Shopping,14194.03,Credit Card,20-04-2025
Paid for Winter jacket and woolen sweater with cash,Shopping,709.76,Debit Card,25-07-2025
Spent on Mobile back cover and tempered glass screen,Shopping,7655.36,UPI,18-01-2025
Paid for Chai and samosa at tea stall today,Food,2702.46,Cash,20-01-2025
Spent on Municipal property tax annual payment today,Bills,10647.58,Cash,18-12-2025
IMAX 3D cinema ticket INOX via UPI,Entertainment,12601.76,UPI,18-07-2025
Order for Tutor private tuition fee for maths via UPI,Education,10970.18,Credit Card,02-04-2025
Payment for Office formal leather shoes Bata today,Shopping,7826.39,UPI,07-12-2025
Bought Ayurvedic medicines from Patanjali store via UPI,Healthcare,4896.48,UPI,16-11-2025
Quick college semester tuition fee,Education,11141.43,Net Banking,22-09-2025
Paid for Ayurvedic medicines from Patanjali store with cash,Healthcare,7555.62,UPI,04-12-2025
Purchased Biryani combo meal from Behrouz today,Food,14911.6,Cash,26-01-2025
Order for Cafe coffee day cold coffee,Food,9576.37,Net Banking,03-10-2025
Purchased Medplus generic pharmacy medicine bill today,Healthcare,10942.68,Credit Card,27-05-2025
Purchased Mobile back cover and tempered glass screen with cash,Shopping,8381.52,Credit Card,12-05-2025
Bought Netflix monthly premium 4K subscription,Entertainment,11416.23,UPI,02-05-2025
Payment for Adani electricity monthly bill through app,Bills,3784.19,Debit Card,06-12-2025
Perfume bottle and deodorant spray,Shopping,14498.82,Credit Card,09-01-2025
Purchased Club entry fee Saturday night party,Entertainment,871.03,UPI,27-07-2025
Purchased GRE exam registration fee ETS using card,Education,2596.26,Credit Card,03-01-2025
Payment for Toll plaza tax cash payment,Transportation,3202.21,Cash,26-06-2025
Order for Physiotherapy rehabilitation session today,Healthcare,731.45,Cash,10-05-2025
Purchased Emergency hospital room casualty charges,Healthcare,2139.86,Debit Card,22-07-2025
Paid for Physics laboratory practical record file,Education,1505.55,Debit Card,21-01-2025
Paid for MRI brain scan diagnostic center fee,Healthcare,11503.84,Cash,19-03-2025
Spent on Leather wallet and formal belt with cash,Shopping,7983.17,Cash,02-03-2025
Paid for Perfume bottle and deodorant spray through app,Shopping,9568.32,Credit Card,23-07-2025
Spent on Cable TV network monthly operator fee with cash,Bills,14488.2,Credit Card,26-01-2025
Residential garbage collection charge,Bills,657.58,Debit Card,12-01-2025
Paid for N95 masks and sanitizers pack with cash,Healthcare,7821.34,Cash,14-01-2025
Payment for Lunch at office cafeteria today,Food,11841.51,Cash,21-11-2025
Spent on Street food pav bhaji and chaat with cash,Food,10814.18,Debit Card,05-04-2025
Women handbag and leather purse using card,Shopping,3934.33,Cash,12-07-2025
Spent on Women handbag and leather purse,Shopping,8511.68,Debit Card,23-04-2025
Purchased Winter jacket and woolen sweater today,Shopping,4996.87,Credit Card,19-02-2025
Women handbag and leather purse,Shopping,12930.95,Cash,09-07-2025
Bescom power supply bill through app,Bills,1498.11,Credit Card,04-08-2025
Spent on Udemy python programming bootcamp with cash,Education,12163.55,Debit Card,17-05-2025
Purchased Instamart snacks and cold drinks today,Food,12970.41,Net Banking,28-09-2025
Paid for Physiotherapy rehabilitation session using card,Healthcare,5767.62,Credit Card,16-01-2025
Bought Jio prepaid mobile phone recharge using card,Bills,14942.99,Credit Card,06-09-2025
Cricket stadium match ticket IPL today,Entertainment,6770.13,Debit Card,04-04-2025
Bought Udemy python programming bootcamp via UPI,Education,3952.87,Credit Card,27-11-2025
Payment for Medicines purchased from Apollo Pharmacy using card,Healthcare,5191.99,UPI,17-06-2025
Expense on electric scooter charging fee,Transportation,1715.17,Debit Card,24-10-2025
Payment for Bicycle puncture repair and tube,Transportation,2915.64,Net Banking,23-06-2025
Order for School annual sports and picnic fee through app,Education,6931.35,Cash,11-05-2025
Payment for Dermatologist consultation for skin acne online,Healthcare,7104.87,Credit Card,12-07-2025
Bought Adani electricity monthly bill online,Bills,1139.58,Debit Card,20-11-2025
Fresh vegetables and fruits from market using card,Food,13313.22,UPI,17-03-2025
Payment for Intercity bus ticket via RedBus,Transportation,10179.59,Cash,02-05-2025
Purchased Leather wallet and formal belt,Shopping,7540.69,Debit Card,01-04-2025
Recent netflix monthly premium 4k subscription via GPay,Entertainment,11988.02,Credit Card,20-08-2025
Bought YouTube Premium family plan renewal online,Entertainment,13955.92,Credit Card,06-02-2025
Payment for Orthopedic doctor consultation for knee joint online,Healthcare,10493.14,Net Banking,05-08-2025
Payment for Spectacles frame and prescription lenses Lenskart via UPI,Healthcare,8590.73,Net Banking,15-06-2025
Spent on Physics laboratory practical record file using card,Education,7383.1,Credit Card,05-04-2025
Purchased Cafe coffee day cold coffee today,Food,12765.99,Cash,10-04-2025
Car third party insurance policy through app,Transportation,2394.75,Cash,12-02-2025
Spent on Helicopter shuttle ticket today,Transportation,7637.12,UPI,02-11-2025
Order for Tata Play DTH satellite dish recharge online,Bills,1638.17,Credit Card,26-06-2025
Payment for Delhi metro card topup,Transportation,10730.46,Cash,07-08-2025
Spent on Non-stick cookware fry pan Hawkins today,Shopping,9736.43,Debit Card,08-06-2025
Spent on Haldirams thali lunch using card,Food,7017.52,Net Banking,04-09-2025
Purchased Swiggy food delivery with cash,Food,4333.53,Credit Card,28-03-2025
College semester tuition fee today,Education,9167.76,Net Banking,25-11-2025
Purchased Casual t-shirts pack from Zara online,Shopping,13253.12,Net Banking,15-10-2025
Expense on delhi metro card topup,Transportation,14458.61,Net Banking,26-01-2025
Bought Popcorn and nachos combo at cinema hall online,Entertainment,9160.74,Net Banking,22-04-2025
Spent on Board game Catan purchase for game night with cash,Entertainment,11570.14,Net Banking,22-09-2025
Expense on lpg cooking gas cylinder refill indane,Bills,925.84,UPI,09-10-2025
Bought Grocery shopping at DMart using card,Food,2152.62,UPI,08-06-2025
Car wheel alignment and balancing online,Transportation,14843.57,Credit Card,18-02-2025
Quick momos and soup stall,Food,8274.89,UPI,26-12-2025
Spent on MRI brain scan diagnostic center fee using card,Healthcare,2134.94,UPI,04-05-2025
Purchased Toll plaza tax cash payment through app,Transportation,13265.6,Debit Card,24-03-2025
Order for Airtel broadband fiber bill payment with cash,Bills,7239.94,Credit Card,25-04-2025
Spent on Spectacles frame and prescription lenses Lenskart today,Healthcare,1832.5,Cash,15-11-2025
Purchased Spotify music premium annual plan via UPI,Entertainment,14663.6,Debit Card,16-06-2025
Recent office formal leather shoes bata via GPay,Shopping,9210.72,Credit Card,21-05-2025
Payment for Subway train token online,Transportation,182.51,Net Banking,16-04-2025
Order for Perfume bottle and deodorant spray online,Shopping,10807.32,Net Banking,09-02-2025
Spent on Ray-Ban UV protection sunglasses today,Shopping,13597.8,Credit Card,20-11-2025
Order for Sewage and drainage municipal cess through app,Bills,10859.75,Credit Card,06-08-2025
Online masterclass workshop on AI,Education,1443.18,Net Banking,09-07-2025
Payment for Engineering textbooks and reference notes via UPI,Education,13033.85,UPI,07-01-2025
Order for McDonalds burger meal,Food,14209.42,Credit Card,16-12-2025
Payment for Supermarket monthly ration purchase online,Food,12929.3,Debit Card,21-12-2025
Order for Medical entrance coaching class fee through app,Education,5610.95,Net Banking,27-03-2025
Escape room team mystery game ticket today,Entertainment,5271.88,UPI,05-10-2025
Bought Scientific calculator Casio fx-991CW,Education,14512.85,Credit Card,13-01-2025
Purchased Full body blood diagnostic test SRL Labs using card,Healthcare,9588.96,UPI,10-01-2025
Multivitamin tablets and zinc supplements today,Healthcare,4406.94,Cash,08-06-2025
Purchased Cricket stadium match ticket IPL via UPI,Entertainment,12460.48,Net Banking,14-10-2025
Paid for Municipal property tax annual payment through app,Bills,2697.75,UPI,05-10-2025
Society monthly maintenance charges through app,Bills,2380.36,Cash,11-09-2025
Paid for Night taxi fare back home,Transportation,10005.41,Debit Card,14-03-2025
Purchased Helicopter shuttle ticket,Transportation,12261.86,Credit Card,11-05-2025
Order for Tata Play DTH satellite dish recharge via UPI,Bills,5646.72,Net Banking,21-03-2025
Order for Eye doctor consultation and vision test today,Healthcare,14046.32,Debit Card,28-01-2025
Purchased South Indian breakfast dosa and idli via UPI,Food,9897.01,Net Banking,26-07-2025
Bought Bus ticket conductor cash payment today,Transportation,8604.54,Net Banking,18-03-2025
Spent on N95 masks and sanitizers pack today,Healthcare,14543.93,UPI,08-09-2025
Order for PlayStation Network PS5 game purchase using card,Entertainment,2547.37,Cash,17-02-2025
Expense on spectacles frame and prescription lenses lenskart,Healthcare,9233.47,UPI,03-11-2025
Paid for Dr Lal Pathlabs CBC and thyroid test online,Healthcare,10145.44,Credit Card,06-05-2025
Paid for Physiotherapy rehabilitation session via UPI,Healthcare,352.82,Credit Card,20-07-2025
Payment for Tata Play DTH satellite dish recharge today,Bills,7638.39,UPI,06-04-2025
Order for Ethnic kurta pajama from Manyavar today,Shopping,2646.48,Cash,21-11-2025
Bought Multivitamin tablets and zinc supplements online,Healthcare,6127.47,Debit Card,27-06-2025
Spent on Theater drama evening show ticket,Entertainment,10249.49,Debit Card,03-07-2025
Order for Robotics kit and Arduino components for college project today,Education,10727.54,Cash,02-02-2025
Paid for Kindle academic ebook purchase through app,Education,11485.26,Debit Card,04-09-2025
Spent on Casual t-shirts pack from Zara using card,Shopping,3190.82,Cash,11-05-2025
Order for Water park entry ticket with locker online,Entertainment,13162.25,Debit Card,01-09-2025
Recent running sports shoes from nike store via GPay,Shopping,7353.74,Cash,23-08-2025
Bought Udemy python programming bootcamp using card,Education,13831.32,Net Banking,17-01-2025
Purchased Mumbai local train monthly pass via UPI,Transportation,1530.19,UPI,08-01-2025
Swiggy food delivery,Food,1754.49,UPI,16-04-2025
Paid for Airtel postpaid monthly mobile bill today,Bills,3408.27,UPI,03-12-2025
Spent on Board game Catan purchase for game night today,Entertainment,10779.6,Credit Card,22-03-2025
Charges paid for kfc fried chicken,Food,13346.92,Cash,04-11-2025
Payment for Root canal treatment session at dentist with cash,Healthcare,8796.33,UPI,19-04-2025
Spent on Laptop sleeve and water resistant backpack via UPI,Shopping,4249.55,Cash,28-01-2025
Purchased Blinkit grocery delivery using card,Food,9881.14,Debit Card,06-11-2025
Payment for Water park entry ticket with locker using card,Entertainment,14632.64,Net Banking,03-06-2025
Quick steam pc gaming summer sale purchase,Entertainment,2641.62,Credit Card,12-04-2025
Purchased Supermarket monthly ration purchase via UPI,Food,7726.22,Debit Card,09-03-2025
Paid for Airport parking ticket fee with cash,Transportation,4075.85,Debit Card,15-09-2025
Quick street food pav bhaji and chaat,Food,6510.41,UPI,24-10-2025
Amusement park ticket Imagicaa with cash,Entertainment,13690.67,UPI,03-02-2025
Bought Wireless bluetooth neckband earphones online,Shopping,4710.87,Credit Card,15-09-2025
Expense on diesel fuel for car at bpcl,Transportation,8947.99,Credit Card,18-12-2025
Charges paid for ola cab to airport,Transportation,1913.99,UPI,11-01-2025
Paid for Electricity bill payment Torrent Power through app,Bills,4430.08,UPI,07-10-2025
Paid for Theater drama evening show ticket with cash,Entertainment,7950.84,Net Banking,17-12-2025
Paid for Barbeque Nation buffet dinner online,Food,4468.35,UPI,26-04-2025
Purchased Perfume bottle and deodorant spray through app,Shopping,10659.09,UPI,28-03-2025
Purchased Car engine oil change and service via UPI,Transportation,2841.05,UPI,13-05-2025
Spotify music premium annual plan through app,Entertainment,14326.43,UPI,13-10-2025
Purchased Coursera professional certificate course using card,Education,14189.26,Debit Card,16-02-2025
Bought Smartwatch fitness tracker noise with cash,Shopping,7574.57,Credit Card,10-12-2025
Bought JioFiber high speed internet bill with cash,Bills,7006.03,Cash,27-01-2025
Payment for Bicycle puncture repair and tube with cash,Transportation,4401.41,UPI,17-10-2025
Spent on Amazon India online order for clothes today,Shopping,2151.0,Net Banking,20-06-2025
Payment for Non-stick cookware fry pan Hawkins,Shopping,12129.99,Cash,15-02-2025
Purchased Running sports shoes from Nike store with cash,Shopping,12651.82,Cash,28-08-2025
Bicycle puncture repair and tube,Transportation,1954.89,Debit Card,13-10-2025
Paid for Leather wallet and formal belt through app,Shopping,7470.61,Debit Card,01-12-2025
Spent on Art museum gallery exhibition entry with cash,Entertainment,2866.22,Cash,22-12-2025
Bought Women handbag and leather purse through app,Shopping,14572.28,UPI,14-05-2025
Paid for MRI brain scan diagnostic center fee through app,Healthcare,12194.08,UPI,07-02-2025
Bought Flipkart big billion days fashion shopping with cash,Shopping,4112.91,Net Banking,05-03-2025
Recent instamart snacks and cold drinks via GPay,Food,11582.88,UPI,11-07-2025
Spent on Office formal leather shoes Bata with cash,Shopping,11136.3,Cash,15-07-2025
Order for Perfume bottle and deodorant spray using card,Shopping,6435.3,Credit Card,07-03-2025
Spotify music premium annual plan,Entertainment,14349.96,Cash,02-11-2025
Medicines purchased from Apollo Pharmacy today,Healthcare,2039.56,Cash,12-07-2025
Bought Leather wallet and formal belt,Shopping,7750.78,Net Banking,15-06-2025
Airtel postpaid monthly mobile bill today,Bills,7570.78,Net Banking,04-03-2025
Bought Escape room team mystery game ticket,Entertainment,2342.22,UPI,17-09-2025
Paid for Office formal leather shoes Bata,Shopping,1412.44,Credit Card,27-12-2025
Bought Robotics kit and Arduino components for college project today,Education,12789.74,Credit Card,23-08-2025
Bedsheet set and cotton pillow covers through app,Shopping,11393.24,Cash,25-03-2025
Order for Airtel postpaid monthly mobile bill using card,Bills,11141.53,Credit Card,04-06-2025
Charges paid for egg and bread breakfast,Food,14711.03,UPI,04-07-2025
Charges paid for airtel digital tv subscription,Bills,12958.4,Credit Card,15-06-2025
Paid for Sewage and drainage municipal cess online,Bills,60.79,Net Banking,16-05-2025
Kitchen knife set and wooden chopping board with cash,Shopping,11302.62,Debit Card,08-09-2025
Payment for Spotify music premium annual plan,Entertainment,7566.52,Net Banking,28-09-2025
Laptop sleeve and water resistant backpack using card,Shopping,6191.54,Net Banking,02-10-2025
Order for Steam PC gaming summer sale purchase through app,Entertainment,6536.41,Debit Card,03-11-2025
Purchased Apartment clubhouse utility maintenance through app,Bills,12954.62,Net Banking,20-11-2025
Payment for Medicines purchased from Apollo Pharmacy online,Healthcare,8356.9,UPI,10-02-2025
Order for Allen career institute installment via UPI,Education,9118.36,UPI,21-05-2025
Spent on University examination form fee online,Education,6451.32,Net Banking,23-11-2025
Paid for Board game Catan purchase for game night online,Entertainment,11485.53,UPI,05-09-2025
Bought Art museum gallery exhibition entry through app,Entertainment,12565.72,UPI,02-07-2025
Payment for Car engine oil change and service online,Transportation,1273.04,Cash,26-01-2025
House rental payment to landlord using card,Bills,5675.56,Net Banking,23-04-2025
Paid for Udemy python programming bootcamp,Education,12088.71,UPI,14-03-2025
Payment for Metro smart card recharge,Transportation,480.16,Debit Card,08-10-2025
Bought House rental payment to landlord today,Bills,1546.72,Debit Card,08-02-2025
Spent on Vi Vodafone Idea recharge pack with cash,Bills,3314.69,Debit Card,04-11-2025
Smartwatch fitness tracker noise with cash,Shopping,12812.39,Cash,28-03-2025
Purchased MRI brain scan diagnostic center fee via UPI,Healthcare,14588.36,Cash,15-03-2025
Paid for Discord Nitro monthly renewal online,Entertainment,3774.1,Credit Card,15-10-2025
Spent on Physiotherapy rehabilitation session online,Healthcare,3732.68,Credit Card,13-04-2025
Payment for Physics laboratory practical record file online,Education,6118.57,Net Banking,05-07-2025
Vaccination booster injection dose clinic with cash,Healthcare,13021.31,Credit Card,04-12-2025
Order for Women handbag and leather purse using card,Shopping,8026.92,Net Banking,25-01-2025
Payment for Petrol refill at Indian Oil pump today,Transportation,905.76,Debit Card,28-06-2025
Spent on Bescom power supply bill through app,Bills,5268.36,Credit Card,19-09-2025
N95 masks and sanitizers pack today,Healthcare,3270.89,Net Banking,27-08-2025
Payment for Netflix monthly premium 4K subscription,Entertainment,12911.69,Credit Card,15-12-2025
Purchased Adani electricity monthly bill via UPI,Bills,3313.67,UPI,19-05-2025
Spent on BSNL landline telephone bill,Bills,7462.03,Credit Card,03-07-2025
Eye doctor consultation and vision test via UPI,Healthcare,14499.53,UPI,15-02-2025
Bought Dr Lal Pathlabs CBC and thyroid test online,Healthcare,13354.11,UPI,23-02-2025
Bought Mineral water jar refill online,Food,12439.79,Net Banking,21-02-2025
Order for School admission registration fee,Education,14337.24,Debit Card,19-09-2025
Charges paid for dental clinic teeth cleaning and scaling,Healthcare,13561.89,Credit Card,22-10-2025
Order for Emergency hospital room casualty charges through app,Healthcare,14909.93,Cash,03-02-2025
Spent on Lunch at office cafeteria today,Food,13582.5,Credit Card,21-04-2025
Expense on disney+ hotstar sports subscription,Entertainment,4460.03,Cash,03-07-2025
Mobile back cover and tempered glass screen today,Shopping,458.45,Credit Card,28-08-2025
Two wheeler periodic servicing using card,Transportation,6620.16,Debit Card,28-10-2025
Payment for Vi Vodafone Idea recharge pack via UPI,Bills,13581.3,Net Banking,24-04-2025
Order for Car engine oil change and service today,Transportation,8159.45,Cash,18-01-2025
Bought Night taxi fare back home using card,Transportation,12157.3,UPI,09-09-2025
Paid for Bedsheet set and cotton pillow covers via UPI,Shopping,12930.58,UPI,05-11-2025
Quick running sports shoes from nike store,Shopping,9858.45,UPI,03-12-2025
Paid for College semester tuition fee via UPI,Education,969.87,Debit Card,02-05-2025
Amazon Prime Video annual membership with cash,Entertainment,2659.0,UPI,17-05-2025
Purchased Night taxi fare back home via UPI,Transportation,9080.31,Credit Card,28-12-2025
Spent on School annual sports and picnic fee with cash,Education,754.88,Net Banking,09-05-2025
Degree convocation certificate fee via UPI,Education,3147.93,Net Banking,18-04-2025
Paid for Theater drama evening show ticket today,Entertainment,12096.38,Cash,15-04-2025
Expense on rapido bike taxi ride,Transportation,11562.92,Cash,09-03-2025
Bought Winter jacket and woolen sweater,Shopping,8338.05,Net Banking,05-12-2025
Spent on Office canteen coupon recharge online,Food,347.92,Net Banking,01-06-2025
Payment for Delhi metro card topup online,Transportation,8379.13,UPI,03-06-2025
Bought Bescom power supply bill with cash,Bills,1849.36,Net Banking,24-10-2025
Bowling alley game session at Smaaash through app,Entertainment,13855.86,Net Banking,27-01-2025
Expense on ice cream tub from naturals,Food,14459.63,UPI,17-12-2025
Order for Two wheeler periodic servicing,Transportation,9930.59,Cash,26-10-2025
Bought Eye doctor consultation and vision test today,Healthcare,4483.24,Net Banking,07-04-2025
Order for Non-stick cookware fry pan Hawkins,Shopping,6003.73,Net Banking,18-06-2025
Purchased Cable TV network monthly operator fee online,Bills,13868.47,UPI,08-11-2025
Quick gre exam registration fee ets,Education,14398.52,UPI,16-12-2025
Spent on Spectacles frame and prescription lenses Lenskart via UPI,Healthcare,3867.54,UPI,05-03-2025
Paid for Blinkit grocery delivery today,Food,6690.62,Cash,15-02-2025
Bill payment for subway train token,Transportation,13897.24,Debit Card,09-10-2025
Spent on Art museum gallery exhibition entry through app,Entertainment,5052.4,Debit Card,25-04-2025
Payment for Egg and bread breakfast using card,Food,8184.68,Credit Card,12-07-2025
Bought Mumbai local train monthly pass online,Transportation,8825.7,Cash,25-08-2025
PlayStation Network PS5 game purchase online,Entertainment,14992.56,Credit Card,04-10-2025
Order for Mumbai local train monthly pass through app,Transportation,9951.04,Debit Card,11-04-2025
Order for Medical entrance coaching class fee,Education,8544.39,Credit Card,01-02-2025
Payment for Full body blood diagnostic test SRL Labs,Healthcare,8777.05,Cash,23-10-2025
Purchased College semester tuition fee with cash,Education,7827.91,Cash,22-09-2025
Bought Scientific calculator Casio fx-991CW online,Education,9107.27,UPI,04-02-2025
Purchased Art museum gallery exhibition entry online,Entertainment,5825.44,Cash,08-09-2025
Music concert festival pass online,Entertainment,4839.54,Debit Card,13-02-2025
Purchased Annual library membership renewal through app,Education,11208.72,UPI,03-10-2025
Two wheeler periodic servicing,Transportation,13854.98,Net Banking,12-05-2025
House rental payment to landlord via UPI,Bills,1890.5,Net Banking,01-08-2025
Bicycle puncture repair and tube online,Transportation,9548.53,Debit Card,28-11-2025
Payment for BSNL landline telephone bill today,Bills,14711.98,Cash,25-07-2025
Payment for First aid antiseptic Dettol and bandages today,Healthcare,11314.45,Cash,09-11-2025
Paid for Health insurance mediclaim annual premium through app,Healthcare,1811.48,UPI,10-07-2025
Order for Kindle academic ebook purchase via UPI,Education,5873.91,Net Banking,15-11-2025
Bought Medical entrance coaching class fee today,Education,14802.38,UPI,26-08-2025
Running sports shoes from Nike store through app,Shopping,3274.34,Cash,08-05-2025
Expense on ray-ban uv protection sunglasses,Shopping,2252.76,Cash,22-02-2025
Spent on IMAX 3D cinema ticket INOX using card,Entertainment,5972.88,Net Banking,03-09-2025
Bought Root canal treatment session at dentist via UPI,Healthcare,11500.44,Net Banking,14-12-2025
Purchased Toll plaza tax cash payment with cash,Transportation,2174.99,Cash,14-01-2025
Purchased IndiGo domestic flight ticket via UPI,Transportation,10938.49,Debit Card,19-08-2025
Paid for Airport parking ticket fee today,Transportation,6089.71,UPI,04-04-2025
Order for Online masterclass workshop on AI via UPI,Education,5722.07,UPI,01-09-2025
Spent on Bicycle puncture repair and tube via UPI,Transportation,5399.42,UPI,27-10-2025
Quick supermarket monthly ration purchase,Food,7588.62,Cash,09-10-2025
Expense on chinese noodles and fried rice,Food,13762.5,UPI,28-09-2025
Purchased Municipal corporation water tax bill today,Bills,2034.39,UPI,13-12-2025
Payment for IELTS language test exam fee via UPI,Education,2473.24,Debit Card,08-11-2025
Payment for Scientific calculator Casio fx-991CW via UPI,Education,5032.33,UPI,05-02-2025
Payment for FASTag highway toll recharge using card,Transportation,9731.78,Credit Card,16-09-2025
Purchased Office formal leather shoes Bata via UPI,Shopping,4205.8,Net Banking,19-10-2025
Purchased PlayStation Network PS5 game purchase online,Entertainment,7318.08,Net Banking,01-03-2025
Paid for Scientific calculator Casio fx-991CW,Education,9375.44,Net Banking,25-10-2025
Quick electricity bill payment torrent power,Bills,3457.89,Debit Card,09-01-2025
Payment for Solar rooftop maintenance service charge online,Bills,10881.55,UPI,06-04-2025
Payment for Steam PC gaming summer sale purchase today,Entertainment,5166.2,Net Banking,09-01-2025
Bought Non-stick cookware fry pan Hawkins via UPI,Shopping,13735.43,Credit Card,09-08-2025
Bought Diesel fuel for car at BPCL online,Transportation,7032.76,Credit Card,24-04-2025
Paid for Diagnostic chest X-ray digital scan via UPI,Healthcare,11354.38,Debit Card,15-01-2025
Paid for Parking slip charges at shopping mall today,Transportation,7238.62,Debit Card,05-12-2025
Recent diagnostic chest x-ray digital scan via GPay,Healthcare,14176.3,Debit Card,15-12-2025
Payment for Homeopathy clinic consultation and pills through app,Healthcare,2537.46,Cash,20-07-2025
Spent on Hostel accommodation and mess fee online,Education,6884.64,Credit Card,07-08-2025
Purchased McDonalds burger meal with cash,Food,8315.33,Net Banking,08-06-2025
Purchased Doctor consultation fee general physician via UPI,Healthcare,9968.72,Credit Card,13-02-2025
Spent on Home decor flower vase and curtains using card,Shopping,7961.92,Net Banking,22-08-2025
Street food pav bhaji and chaat,Food,14126.72,Net Banking,26-09-2025
Paid for Weekend stand-up comedy live show ticket via UPI,Entertainment,4810.33,Credit Card,22-07-2025
Bought Women handbag and leather purse online,Shopping,1198.3,Debit Card,02-04-2025
Physiotherapy rehabilitation session online,Healthcare,9188.62,Credit Card,23-02-2025
Spent on Egg and bread breakfast with cash,Food,9639.27,Cash,03-12-2025
Order for GRE exam registration fee ETS today,Education,129.03,Cash,09-10-2025
Bought Running sports shoes from Nike store with cash,Shopping,2469.44,Debit Card,21-06-2025
Purchased Amazon Prime Video annual membership with cash,Entertainment,7468.03,Net Banking,25-07-2025
Payment for Weekend stand-up comedy live show ticket with cash,Entertainment,3105.04,Credit Card,23-09-2025
Order for Late night snacks delivery through app,Food,514.68,Net Banking,28-08-2025
Purchased Zomato pizza order through app,Food,4820.78,Net Banking,04-05-2025
Spent on Ola cab to airport today,Transportation,6706.58,Debit Card,19-03-2025
Spent on Adani electricity monthly bill online,Bills,3207.92,Net Banking,03-06-2025
Payment for House rental payment to landlord using card,Bills,6868.19,UPI,20-05-2025
Paid for Apartment clubhouse utility maintenance,Bills,14480.27,Cash,07-10-2025
Purchased Wireless bluetooth neckband earphones via UPI,Shopping,11959.9,Credit Card,13-11-2025
Paid for Zomato pizza order using card,Food,2139.73,Cash,11-03-2025
Payment for Prepaid electricity smart meter recharge today,Bills,671.78,UPI,16-11-2025
Payment for Udemy python programming bootcamp today,Education,3703.57,Net Banking,11-08-2025
Spent on Coursera professional certificate course online,Education,5353.88,Cash,18-08-2025
Purchased Hostel accommodation and mess fee with cash,Education,7475.16,Debit Card,13-02-2025
Order for Popcorn and nachos combo at cinema hall online,Entertainment,9146.12,Net Banking,03-08-2025
Paid for Chinese noodles and fried rice online,Food,3201.59,Cash,14-10-2025
Order for Music concert festival pass online,Entertainment,2471.86,Credit Card,11-05-2025
CNG gas refill for vehicle with cash,Transportation,4127.04,UPI,09-05-2025
Bought IRCTC train ticket booking to Mumbai via UPI,Transportation,8026.81,Debit Card,02-11-2025
Quick municipal corporation water tax bill,Bills,3710.71,UPI,01-12-2025
Payment for Sewage and drainage municipal cess,Bills,10358.02,UPI,21-02-2025
Purchased Udemy python programming bootcamp,Education,752.03,Net Banking,13-11-2025
Purchased Diesel fuel for car at BPCL today,Transportation,2967.49,Cash,08-05-2025
"Bought Stationery notebook, registers and pens through app",Education,10498.27,Cash,13-12-2025
Bought Municipal property tax annual payment online,Bills,10133.79,Debit Card,19-06-2025
Quick dinner with family at restaurant,Food,2888.55,Net Banking,25-09-2025
Purchased Commercial office space rent today,Bills,3543.25,Net Banking,01-10-2025
Payment for Robotics kit and Arduino components for college project with cash,Education,5975.59,Credit Card,01-04-2025
Paid for Medical entrance coaching class fee using card,Education,1606.19,Debit Card,03-08-2025
Payment for Club entry fee Saturday night party today,Entertainment,2989.58,Credit Card,15-08-2025
Spent on Morning coffee and cookies today,Food,6787.16,Cash,22-05-2025
Quick theater drama evening show ticket,Entertainment,265.11,Debit Card,25-10-2025
Paid for Bike tyre replacement MRF,Transportation,3632.36,Cash,19-04-2025
Bought Society monthly maintenance charges through app,Bills,11548.44,Cash,25-04-2025
"Spent on Stationery notebook, registers and pens with cash",Education,8353.54,Cash,04-08-2025
Payment for Shawarma roll street food online,Food,3631.45,Cash,26-12-2025
Paid for Diagnostic chest X-ray digital scan,Healthcare,9164.03,UPI,23-06-2025
Order for MRI brain scan diagnostic center fee with cash,Healthcare,4764.11,Debit Card,28-10-2025
Spent on Water park entry ticket with locker online,Entertainment,9183.53,Cash,02-01-2025
Formal cotton shirt and denim jeans with cash,Shopping,13403.57,UPI,14-05-2025
Spent on Kitchen knife set and wooden chopping board online,Shopping,208.09,Credit Card,03-12-2025
Spent on Society monthly maintenance charges using card,Bills,4487.06,UPI,28-10-2025
Purchased Bus ticket conductor cash payment today,Transportation,1194.18,UPI,17-06-2025
Paid for Vaccination booster injection dose clinic through app,Healthcare,4827.67,UPI,20-08-2025
Paid for Paneer tikka and naan dinner online,Food,10491.82,Cash,06-11-2025
Payment for Uber cab ride to office through app,Transportation,6059.94,Cash,28-05-2025
Spent on Allen career institute installment online,Education,10796.67,UPI,14-07-2025
Paid for Ethnic kurta pajama from Manyavar online,Shopping,13841.43,Cash,25-10-2025
Payment for Office canteen coupon recharge via UPI,Food,7415.34,UPI,25-09-2025
Order for Subway train token,Transportation,379.45,Credit Card,27-09-2025
Purchased Spectacles frame and prescription lenses Lenskart with cash,Healthcare,8846.33,UPI,03-04-2025
Spent on Popcorn and nachos combo at cinema hall with cash,Entertainment,7013.95,Credit Card,02-05-2025
Bought Uber cab ride to office online,Transportation,2344.77,Debit Card,06-04-2025
Delhi metro card topup,Transportation,945.85,Debit Card,16-05-2025
Order for Music concert festival pass today,Entertainment,13241.59,Debit Card,03-11-2025
Spent on Robotics kit and Arduino components for college project with cash,Education,4183.9,Cash,25-09-2025
Expense on health insurance mediclaim annual premium,Healthcare,6667.2,UPI,16-05-2025
Order for Rapido bike taxi ride via UPI,Transportation,9164.35,UPI,27-09-2025
Payment for Dental clinic teeth cleaning and scaling through app,Healthcare,2208.76,Debit Card,22-10-2025
Order for Allen career institute installment,Education,2278.99,UPI,11-12-2025
Purchased Netflix monthly premium 4K subscription through app,Entertainment,9237.12,UPI,24-02-2025
Spent on N95 masks and sanitizers pack using card,Healthcare,5090.17,Debit Card,06-11-2025
Payment for Weekend stand-up comedy live show ticket via UPI,Entertainment,13233.45,Net Banking,23-06-2025
Paid for IELTS language test exam fee,Education,71.83,Credit Card,06-02-2025
Order for Physiotherapy rehabilitation session with cash,Healthcare,8505.73,UPI,05-06-2025
Charges paid for sweets and farsan from sweet shop,Food,1281.06,UPI,06-09-2025
Bill payment for ethnic kurta pajama from manyavar,Shopping,6957.82,Cash,23-10-2025
Robotics kit and Arduino components for college project via UPI,Education,2085.89,Credit Card,02-07-2025
Paid for School admission registration fee online,Education,2553.83,Cash,24-06-2025
Spent on Municipal property tax annual payment,Bills,5568.53,Debit Card,17-01-2025
Expense on night taxi fare back home,Transportation,6571.64,Credit Card,10-12-2025
Payment for Laptop sleeve and water resistant backpack using card,Shopping,12445.46,Debit Card,10-05-2025
Emergency hospital room casualty charges through app,Healthcare,1756.55,Debit Card,17-07-2025
Spent on Weekend stand-up comedy live show ticket using card,Entertainment,12315.15,Credit Card,19-08-2025
Charges paid for pediatrician consultation for baby child,Healthcare,7282.94,UPI,22-11-2025
Spent on Swiggy food delivery through app,Food,4885.59,Credit Card,19-09-2025
Spent on Women handbag and leather purse via UPI,Shopping,13828.37,Credit Card,06-06-2025
Spent on Casual t-shirts pack from Zara via UPI,Shopping,13004.91,UPI,27-03-2025
Paid for Women handbag and leather purse,Shopping,1125.53,Debit Card,25-11-2025
Quick root canal treatment session at dentist,Healthcare,3185.28,Credit Card,03-03-2025
Purchased PlayStation Network PS5 game purchase,Entertainment,5815.57,Debit Card,14-12-2025
Purchased Physics laboratory practical record file online,Education,4005.75,UPI,24-03-2025
Jio prepaid mobile phone recharge online,Bills,14234.85,UPI,04-07-2025
Payment for Hostel accommodation and mess fee today,Education,14473.13,Credit Card,26-09-2025
Order for Bicycle puncture repair and tube today,Transportation,9602.29,Debit Card,26-11-2025
Order for Amusement park ticket Imagicaa using card,Entertainment,9377.51,Credit Card,13-07-2025
Bought Diesel fuel for car at BPCL,Transportation,9331.72,Credit Card,08-03-2025
Payment for Running sports shoes from Nike store with cash,Shopping,7359.21,Net Banking,08-02-2025
Charges paid for self drive car rental zoomcar,Transportation,5979.84,Debit Card,23-10-2025
Bought Car third party insurance policy online,Transportation,14671.44,Credit Card,12-08-2025
Purchased Grocery shopping at DMart using card,Food,6317.65,UPI,08-04-2025
Spent on Intercity bus ticket via RedBus through app,Transportation,5929.33,UPI,22-11-2025
Bought Makeup kit lipstick and foundation Nykaa with cash,Shopping,1333.63,Debit Card,19-08-2025
Payment for BookMyShow movie ticket PVR Cinemas with cash,Entertainment,13396.71,Credit Card,28-08-2025
Order for Starbucks cold brew coffee today,Food,3557.68,Debit Card,24-12-2025
Paid for Bescom power supply bill today,Bills,9943.92,Debit Card,18-12-2025
Payment for Emergency hospital room casualty charges through app,Healthcare,13335.55,Cash,22-03-2025
Spent on Club entry fee Saturday night party,Entertainment,11420.21,Credit Card,17-07-2025
Bill payment for makeup kit lipstick and foundation nykaa,Shopping,7046.03,UPI,14-03-2025
Spent on Perfume bottle and deodorant spray using card,Shopping,9605.12,Cash,01-10-2025
Paid for School annual sports and picnic fee with cash,Education,13857.33,Cash,04-02-2025
Order for Night taxi fare back home using card,Transportation,6342.01,Cash,24-06-2025
Bill payment for university examination form fee,Education,11848.21,Debit Card,06-01-2025
Payment for Home decor flower vase and curtains today,Shopping,246.46,Cash,14-12-2025
Purchased Netflix monthly premium 4K subscription today,Entertainment,6547.64,Debit Card,11-05-2025
Paid for Dr Lal Pathlabs CBC and thyroid test via UPI,Healthcare,3812.75,Credit Card,04-06-2025
Spent on Intercity bus ticket via RedBus,Transportation,7090.44,Debit Card,20-11-2025
Jio prepaid mobile phone recharge,Bills,2530.89,Debit Card,17-11-2025
Payment for Piped natural gas PNG bill Adani Gas today,Bills,10788.42,UPI,12-11-2025
Bought Dominos cheese pizza,Food,2827.02,Cash,23-11-2025
IMAX 3D cinema ticket INOX,Entertainment,657.43,UPI,20-10-2025
Payment for Metro smart card recharge today,Transportation,12065.1,Debit Card,06-12-2025
Car engine oil change and service using card,Transportation,6498.06,Credit Card,20-04-2025
Spent on Diesel fuel for car at BPCL via UPI,Transportation,9298.52,Credit Card,23-09-2025
Paid for Engineering textbooks and reference notes using card,Education,1664.01,Credit Card,16-12-2025
Purchased Piped natural gas PNG bill Adani Gas through app,Bills,13462.15,UPI,22-02-2025
Paid for Board game Catan purchase for game night today,Entertainment,12543.63,UPI,06-07-2025
Purchased Ola cab to airport today,Transportation,13685.96,Debit Card,02-05-2025
Spent on Full body blood diagnostic test SRL Labs via UPI,Healthcare,9704.85,Net Banking,23-03-2025
Bought Starbucks cold brew coffee using card,Food,7449.8,Net Banking,14-12-2025
Order for Uber cab ride to office online,Transportation,12492.64,Debit Card,18-08-2025
Payment for Delhi metro card topup using card,Transportation,3060.01,Cash,27-07-2025
Paid for Paneer tikka and naan dinner using card,Food,7911.03,Cash,09-01-2025
Charges paid for electricity bill payment torrent power,Bills,11293.08,Net Banking,26-10-2025
Paid for Kitchen knife set and wooden chopping board online,Shopping,9546.14,UPI,24-10-2025
Bought Bicycle puncture repair and tube with cash,Transportation,8010.42,Cash,03-03-2025
Payment for MRI brain scan diagnostic center fee online,Healthcare,12878.3,Net Banking,05-04-2025
Spent on Two wheeler periodic servicing online,Transportation,1433.64,Debit Card,06-04-2025
Mineral water jar refill via UPI,Food,8670.9,Cash,08-11-2025
Dermatologist consultation for skin acne using card,Healthcare,9359.52,Debit Card,06-08-2025
Charges paid for auto rickshaw fare by meter,Transportation,298.62,Debit Card,28-01-2025
Payment for Electric scooter charging fee online,Transportation,1623.14,Cash,19-04-2025
Spent on Medplus generic pharmacy medicine bill today,Healthcare,2147.94,Credit Card,22-11-2025
Self drive car rental Zoomcar online,Transportation,4263.59,Debit Card,26-07-2025
Bought Toll plaza tax cash payment via UPI,Transportation,1056.6,Credit Card,14-05-2025
Order for Kindle academic ebook purchase with cash,Education,13413.31,Cash,03-02-2025
Charges paid for prepaid electricity smart meter recharge,Bills,8544.19,UPI,19-08-2025
Bought Apartment clubhouse utility maintenance online,Bills,169.16,Credit Card,19-07-2025
Kitchen knife set and wooden chopping board through app,Shopping,14035.36,UPI,16-12-2025
Bought Tutor private tuition fee for maths today,Education,4712.79,Net Banking,03-11-2025
Paid for Coursera professional certificate course through app,Education,4425.96,Credit Card,13-10-2025
Order for Parking slip charges at shopping mall today,Transportation,1360.15,Credit Card,01-04-2025
"Order for Milk, butter and dairy products",Food,5784.08,Cash,10-03-2025
Spent on Tata Play DTH satellite dish recharge,Bills,4341.79,Debit Card,05-10-2025
Order for Self drive car rental Zoomcar,Transportation,9999.53,Debit Card,17-04-2025
Paid for N95 masks and sanitizers pack through app,Healthcare,13217.68,Cash,25-03-2025
Payment for N95 masks and sanitizers pack through app,Healthcare,624.85,Credit Card,23-12-2025
Order for Car wheel alignment and balancing,Transportation,9942.89,Debit Card,26-12-2025
Charges paid for piped natural gas png bill adani gas,Bills,3194.4,UPI,26-09-2025
Paid for Swiggy food delivery via UPI,Food,8825.72,Debit Card,12-08-2025
Bill payment for weekly vegetable vendor payment,Food,6078.99,Credit Card,03-08-2025
Order for Eye doctor consultation and vision test through app,Healthcare,11826.65,Debit Card,27-05-2025
Order for IELTS language test exam fee through app,Education,2403.04,Cash,04-08-2025
Bought GRE exam registration fee ETS,Education,14146.82,Credit Card,24-07-2025
Spent on Office formal leather shoes Bata via UPI,Shopping,429.7,Cash,27-07-2025
Order for Escape room team mystery game ticket today,Entertainment,1118.28,Cash,15-12-2025
Order for Theater drama evening show ticket with cash,Entertainment,7467.15,Credit Card,24-11-2025
Ethnic kurta pajama from Manyavar today,Shopping,12848.37,Debit Card,11-12-2025
Municipal property tax annual payment with cash,Bills,10495.95,Net Banking,05-11-2025
Paid for Amusement park ticket Imagicaa through app,Entertainment,13113.98,Debit Card,04-08-2025
Payment for Dr Lal Pathlabs CBC and thyroid test via UPI,Healthcare,4379.9,Debit Card,27-04-2025
Purchased Airtel postpaid monthly mobile bill using card,Bills,13844.35,Debit Card,26-10-2025
KFC fried chicken using card,Food,14181.23,Cash,15-04-2025
Payment for Adani electricity monthly bill via UPI,Bills,4888.71,Credit Card,25-12-2025
Bought Tutor private tuition fee for maths through app,Education,7602.09,Cash,03-07-2025
Bill payment for laptop sleeve and water resistant backpack,Shopping,8593.29,UPI,04-09-2025
Recent engineering textbooks and reference notes via GPay,Education,1026.16,Net Banking,12-05-2025
Bought Ethnic kurta pajama from Manyavar today,Shopping,14148.18,UPI,18-01-2025
Purchased Art drawing book and acrylic colors via UPI,Education,2317.76,Net Banking,01-03-2025
Paid for Lunch at office cafeteria via UPI,Food,1056.0,Cash,02-08-2025
Recent dr lal pathlabs cbc and thyroid test via GPay,Healthcare,3090.77,Net Banking,26-08-2025
Bought Perfume bottle and deodorant spray today,Shopping,2694.42,Net Banking,07-08-2025
BookMyShow movie ticket PVR Cinemas through app,Entertainment,6507.54,Credit Card,23-01-2025
Bought Breakfast buffet at hotel today,Food,4380.59,Debit Card,16-04-2025
Makeup kit lipstick and foundation Nykaa through app,Shopping,14238.9,Debit Card,11-09-2025
PlayStation Network PS5 game purchase through app,Entertainment,14209.31,Cash,17-09-2025
Spent on Ola cab to airport using card,Transportation,7631.26,Cash,28-01-2025
Purchased Apartment clubhouse utility maintenance today,Bills,11596.94,Cash,15-11-2025
Paid for Discord Nitro monthly renewal via UPI,Entertainment,4584.46,Cash,16-05-2025
Order for College semester tuition fee today,Education,4119.22,Cash,10-08-2025
Spent on Disney+ Hotstar sports subscription via UPI,Entertainment,4763.07,Cash,10-02-2025
Order for Adani electricity monthly bill with cash,Bills,9580.3,UPI,11-02-2025
Juice bar fresh mango juice online,Food,8594.46,UPI,17-11-2025
Bought Diagnostic chest X-ray digital scan via UPI,Healthcare,14767.24,Cash,11-12-2025
Bought Flipkart big billion days fashion shopping online,Shopping,4882.3,UPI,27-12-2025
Bought McDonalds burger meal through app,Food,3305.93,UPI,08-11-2025
Payment for Winter jacket and woolen sweater through app,Shopping,13280.78,UPI,17-02-2025
Expense on amusement park ticket imagicaa,Entertainment,7766.56,Cash,25-10-2025
Charges paid for jio prepaid mobile phone recharge,Bills,4398.55,Credit Card,19-01-2025
Payment for Tutor private tuition fee for maths via UPI,Education,4229.09,Credit Card,05-08-2025
Payment for Dr Lal Pathlabs CBC and thyroid test using card,Healthcare,5924.14,Credit Card,14-08-2025
Laptop sleeve and water resistant backpack online,Shopping,9876.62,Debit Card,17-05-2025
Medplus generic pharmacy medicine bill online,Healthcare,5831.7,UPI,24-11-2025
Charges paid for college semester tuition fee,Education,10777.29,Net Banking,12-01-2025
Purchased KFC fried chicken today,Food,11708.46,Credit Card,28-04-2025
Recent online masterclass workshop on ai via GPay,Education,1993.31,Debit Card,17-11-2025
Paid for IMAX 3D cinema ticket INOX online,Entertainment,3528.45,Cash,03-02-2025
Purchased Two wheeler periodic servicing through app,Transportation,8933.35,UPI,11-01-2025
Paid for Theater drama evening show ticket using card,Entertainment,6886.4,Net Banking,09-09-2025
Bill payment for rapido bike taxi ride,Transportation,7169.98,Net Banking,03-06-2025
Weekend stand-up comedy live show ticket through app,Entertainment,1402.46,Cash,02-08-2025
Spent on Netflix monthly premium 4K subscription,Entertainment,9976.35,Credit Card,19-12-2025
Recent bowling alley game session at smaaash via GPay,Entertainment,11658.36,Debit Card,20-11-2025
Paid for Car third party insurance policy via UPI,Transportation,8921.22,Credit Card,21-12-2025
Payment for Piped natural gas PNG bill Adani Gas via UPI,Bills,3985.76,Cash,19-04-2025
Paid for Rapido bike taxi ride,Transportation,7420.04,Cash,13-02-2025
Paid for Physiotherapy rehabilitation session through app,Healthcare,823.92,Cash,26-06-2025
Spent on Running sports shoes from Nike store today,Shopping,11999.84,Net Banking,04-03-2025
School uniform and formal shoes online,Education,9612.83,Cash,13-07-2025
Order for Two-wheeler comprehensive insurance renewal through app,Transportation,11169.81,Cash,20-07-2025
Order for Netflix monthly premium 4K subscription today,Entertainment,8228.1,Cash,12-06-2025
Car third party insurance policy with cash,Transportation,11022.3,UPI,04-11-2025
Order for McDonalds burger meal with cash,Food,13721.39,Cash,06-02-2025
Order for Medicines purchased from Apollo Pharmacy using card,Healthcare,9982.85,Net Banking,19-09-2025
Quick first aid antiseptic dettol and bandages,Healthcare,4829.8,Cash,02-04-2025
Bought Ray-Ban UV protection sunglasses through app,Shopping,6786.9,UPI,04-09-2025
Paid for Formal cotton shirt and denim jeans through app,Shopping,3599.83,Credit Card,01-01-2025
Order for Breakfast buffet at hotel online,Food,10468.33,UPI,07-06-2025
Purchased Commercial office space rent using card,Bills,13689.18,UPI,08-08-2025
Smartwatch fitness tracker noise online,Shopping,12693.43,Cash,11-03-2025
Payment for Electric scooter charging fee with cash,Transportation,13391.23,Credit Card,10-06-2025
Order for Juice bar fresh mango juice online,Food,5426.69,Net Banking,15-02-2025
Spent on Kindle academic ebook purchase using card,Education,8024.46,Cash,21-07-2025
Payment for Starbucks cold brew coffee,Food,14544.66,Cash,06-10-2025
Recent barbeque nation buffet dinner via GPay,Food,1299.78,UPI,17-04-2025
Bowling alley game session at Smaaash via UPI,Entertainment,10816.99,UPI,22-03-2025
Order for Amazon Prime Video annual membership online,Entertainment,9644.24,Credit Card,02-02-2025
Bought Dominos cheese pizza with cash,Food,11370.23,Credit Card,15-03-2025
Municipal property tax annual payment online,Bills,13902.1,Credit Card,03-12-2025
Spent on Non-stick cookware fry pan Hawkins online,Shopping,7801.13,Cash,15-10-2025
Sewage and drainage municipal cess today,Bills,4781.54,Credit Card,28-12-2025
Spent on Zomato pizza order,Food,12381.47,Net Banking,09-06-2025
Payment for Spotify music premium annual plan today,Entertainment,4437.1,Net Banking,27-02-2025
Order for Dominos cheese pizza,Food,10314.84,Credit Card,23-11-2025
Delhi metro card topup with cash,Transportation,2308.99,Net Banking,17-06-2025
Spent on Kindle academic ebook purchase online,Education,5392.6,Credit Card,21-09-2025
Lunch at office cafeteria through app,Food,6072.62,Debit Card,23-06-2025
Vi Vodafone Idea recharge pack via UPI,Bills,6844.49,Credit Card,16-12-2025
Spent on Disney+ Hotstar sports subscription,Entertainment,1640.93,UPI,27-08-2025
Cable TV network monthly operator fee online,Bills,3302.01,Debit Card,15-02-2025
Charges paid for school annual sports and picnic fee,Education,1966.64,Cash,16-01-2025
Paid for Hostel accommodation and mess fee,Education,6435.89,Net Banking,18-11-2025
Charges paid for intercity bus ticket via redbus,Transportation,9047.44,UPI,19-11-2025
Spent on Flipkart big billion days fashion shopping,Shopping,1542.62,Net Banking,18-03-2025
Expense on medical entrance coaching class fee,Education,8419.74,UPI,14-10-2025
Bought Morning coffee and cookies through app,Food,11639.2,Debit Card,13-04-2025
Bought Scientific calculator Casio fx-991CW with cash,Education,4921.05,Credit Card,05-10-2025
Spent on Ethnic kurta pajama from Manyavar,Shopping,7190.46,Net Banking,08-02-2025
Order for Uber cab ride to office today,Transportation,8875.56,UPI,27-06-2025
Paid for Spectacles frame and prescription lenses Lenskart via UPI,Healthcare,14385.94,UPI,18-03-2025
Purchased Non-stick cookware fry pan Hawkins today,Shopping,10006.84,Net Banking,27-10-2025
Purchased Kindle academic ebook purchase using card,Education,11959.21,Debit Card,26-12-2025
Solar rooftop maintenance service charge through app,Bills,9856.87,Credit Card,04-11-2025
Bought Music concert festival pass using card,Entertainment,12476.37,UPI,18-11-2025
Payment for PlayStation Network PS5 game purchase,Entertainment,13873.01,UPI,12-11-2025
Paid for Weekend stand-up comedy live show ticket through app,Entertainment,240.05,Credit Card,26-03-2025
Recent bakery fresh bread and cake via GPay,Food,4077.83,Net Banking,20-11-2025
Bought Formal cotton shirt and denim jeans,Shopping,11790.6,UPI,15-04-2025
Order for Breakfast buffet at hotel with cash,Food,971.95,Credit Card,05-04-2025
Spent on Smartwatch fitness tracker noise today,Shopping,10115.8,UPI,28-02-2025
Charges paid for smartwatch fitness tracker noise,Shopping,14037.52,Credit Card,14-01-2025
Makeup kit lipstick and foundation Nykaa today,Shopping,638.27,Debit Card,03-04-2025
Order for Home decor flower vase and curtains with cash,Shopping,10099.16,Net Banking,09-10-2025
Purchased Mineral water jar refill through app,Food,1276.47,Credit Card,13-12-2025
Order for Dominos cheese pizza online,Food,12333.84,Debit Card,15-01-2025
Payment for Jio prepaid mobile phone recharge through app,Bills,10251.3,Cash,16-04-2025
Bill payment for prepaid electricity smart meter recharge,Bills,1867.19,Net Banking,15-06-2025
Spent on Grocery shopping at DMart using card,Food,2303.64,UPI,16-02-2025
Bought MRI brain scan diagnostic center fee,Healthcare,11669.08,Debit Card,04-08-2025
Spent on Diesel fuel for car at BPCL,Transportation,5975.73,Cash,22-11-2025
Purchased Protein whey powder isolate gym supplement using card,Healthcare,10353.63,Credit Card,01-09-2025
Recent airport parking ticket fee via GPay,Transportation,8610.54,Debit Card,27-03-2025
Bill payment for medical entrance coaching class fee,Education,4317.72,Cash,20-12-2025
Payment for Gourmet pasta at Italian cafe today,Food,8804.84,UPI,12-09-2025
Purchased South Indian breakfast dosa and idli through app,Food,13153.6,Credit Card,10-02-2025
Paid for Two-wheeler comprehensive insurance renewal via UPI,Transportation,5663.92,UPI,02-04-2025
Municipal property tax annual payment through app,Bills,3154.84,Net Banking,19-04-2025
Bought School annual sports and picnic fee through app,Education,14882.24,Credit Card,05-06-2025
Bought Formal cotton shirt and denim jeans online,Shopping,11957.42,Cash,02-06-2025
Paid for Self drive car rental Zoomcar through app,Transportation,4175.41,Cash,13-02-2025
Purchased Waffle and dessert parlour via UPI,Food,12397.34,Cash,20-11-2025
Spent on Morning coffee and cookies online,Food,13945.02,Credit Card,15-08-2025
Paid for Smartwatch fitness tracker noise via UPI,Shopping,12143.72,UPI,15-09-2025
Charges paid for waffle and dessert parlour,Food,4857.99,Debit Card,06-01-2025
Medicines purchased from Apollo Pharmacy with cash,Healthcare,1792.8,Credit Card,14-07-2025
Paid for Zepto quick grocery order,Food,7906.32,Cash,23-06-2025
Order for Degree convocation certificate fee today,Education,2492.7,UPI,09-12-2025
Paid for YouTube Premium family plan renewal online,Entertainment,2469.49,Net Banking,27-10-2025
Spent on Apartment clubhouse utility maintenance using card,Bills,8661.38,Credit Card,06-08-2025
Paid for IRCTC train ticket booking to Mumbai through app,Transportation,13146.29,Credit Card,27-07-2025
Paid for Haldirams thali lunch using card,Food,11871.98,Cash,22-04-2025
Bought Jio prepaid mobile phone recharge today,Bills,1399.28,Debit Card,12-09-2025
Order for Art drawing book and acrylic colors using card,Education,13698.95,UPI,26-12-2025
Spent on Homeopathy clinic consultation and pills through app,Healthcare,13881.01,Debit Card,13-12-2025
Payment for Electric scooter charging fee via UPI,Transportation,13107.07,UPI,21-04-2025
Bought Bowling alley game session at Smaaash online,Entertainment,10678.95,UPI,05-07-2025
Order for Sewage and drainage municipal cess via UPI,Bills,6885.64,Credit Card,08-12-2025
Spent on Instamart snacks and cold drinks through app,Food,13665.15,UPI,27-02-2025
Order for PlayStation Network PS5 game purchase online,Entertainment,10943.38,Credit Card,04-03-2025
Charges paid for zomato pizza order,Food,7118.74,Debit Card,11-03-2025
Order for Perfume bottle and deodorant spray,Shopping,7364.02,Cash,19-03-2025
Paid for Piped natural gas PNG bill Adani Gas today,Bills,9170.03,Credit Card,03-12-2025
Dinner with family at restaurant using card,Food,9104.23,Credit Card,14-02-2025
Payment for Medplus generic pharmacy medicine bill with cash,Healthcare,14653.26,Debit Card,23-01-2025
Spent on Airtel Digital TV subscription,Bills,5721.58,Credit Card,25-01-2025
Bought Airtel broadband fiber bill payment online,Bills,14479.14,Credit Card,19-05-2025
Ola cab to airport via UPI,Transportation,3787.85,Debit Card,07-12-2025
Pediatrician consultation for baby child online,Healthcare,12770.05,Credit Card,21-05-2025
Paid for Weekly vegetable vendor payment using card,Food,1594.23,UPI,12-09-2025
Juice bar fresh mango juice,Food,14375.66,Cash,19-11-2025
Quick medical entrance coaching class fee,Education,2941.11,Cash,14-03-2025
Spent on Ayurvedic medicines from Patanjali store with cash,Healthcare,12187.84,Credit Card,08-01-2025
Order for Cable TV network monthly operator fee via UPI,Bills,9197.96,UPI,02-12-2025
Spent on Smartwatch fitness tracker noise using card,Shopping,12905.92,Cash,15-09-2025
Bought Mumbai local train monthly pass with cash,Transportation,7005.53,Cash,11-07-2025
Order for Weekly vegetable vendor payment through app,Food,7514.56,Debit Card,09-08-2025
Order for Board game Catan purchase for game night with cash,Entertainment,13500.07,UPI,06-05-2025
"Order for Stationery notebook, registers and pens through app",Education,4345.21,Debit Card,08-01-2025
Spent on Physiotherapy rehabilitation session via UPI,Healthcare,13262.21,Net Banking,04-04-2025
Order for Formal cotton shirt and denim jeans using card,Shopping,10958.21,Net Banking,17-02-2025
Purchased Adani electricity monthly bill through app,Bills,12633.73,Cash,09-10-2025
Purchased Juice bar fresh mango juice using card,Food,10416.88,Cash,13-07-2025
Paid for School admission registration fee today,Education,14639.17,Credit Card,04-09-2025
Expense on escape room team mystery game ticket,Entertainment,6843.33,Credit Card,01-06-2025
Vaccination booster injection dose clinic through app,Healthcare,3290.22,Cash,24-09-2025
Bought Hostel accommodation and mess fee through app,Education,2452.71,UPI,15-06-2025
Order for Shawarma roll street food using card,Food,3589.74,Debit Card,28-06-2025
Recent morning coffee and cookies via GPay,Food,11892.3,Net Banking,21-05-2025
Paid for Women handbag and leather purse with cash,Shopping,12630.26,Cash,10-05-2025
Payment for Running sports shoes from Nike store through app,Shopping,3335.4,UPI,01-01-2025
Homeopathy clinic consultation and pills,Healthcare,346.2,Credit Card,26-05-2025
Charges paid for bedsheet set and cotton pillow covers,Shopping,8278.68,Credit Card,18-08-2025
Recent weekly vegetable vendor payment via GPay,Food,2647.37,Credit Card,27-01-2025
Payment for Car engine oil change and service today,Transportation,3392.08,UPI,10-02-2025
Bought Metro smart card recharge with cash,Transportation,2598.74,UPI,11-11-2025
Hostel accommodation and mess fee,Education,4181.64,Cash,21-03-2025
Bought School uniform and formal shoes using card,Education,397.8,UPI,16-07-2025
Purchased Vi Vodafone Idea recharge pack,Bills,1194.08,Cash,24-12-2025
Order for Art drawing book and acrylic colors via UPI,Education,4113.59,Cash,26-05-2025
Purchased Subway sandwich lunch,Food,5278.91,Credit Card,27-05-2025
Paid for Sewage and drainage municipal cess through app,Bills,13371.16,Net Banking,06-06-2025
Bill payment for amazon prime video annual membership,Entertainment,14399.84,UPI,26-02-2025
Scientific calculator Casio fx-991CW via UPI,Education,5165.15,Net Banking,12-12-2025
Bought Packaged drinking water bottle through app,Food,8169.05,Net Banking,03-06-2025
Payment for Bedsheet set and cotton pillow covers today,Shopping,14474.94,Debit Card,11-03-2025
Payment for Theater drama evening show ticket,Entertainment,2053.66,Cash,08-08-2025
Purchased Tutor private tuition fee for maths,Education,8263.14,Credit Card,23-08-2025
Purchased Electric scooter charging fee today,Transportation,11482.54,Net Banking,03-10-2025
Payment for Chinese noodles and fried rice using card,Food,1559.65,Cash,09-10-2025
Paid for Instamart snacks and cold drinks online,Food,11718.72,Cash,19-01-2025
Paid for School annual sports and picnic fee using card,Education,7971.83,Debit Card,27-01-2025
GRE exam registration fee ETS today,Education,9200.6,Credit Card,01-10-2025
Purchased Eye doctor consultation and vision test using card,Healthcare,3645.46,Credit Card,20-10-2025
Bought Helicopter shuttle ticket today,Transportation,1992.49,Credit Card,10-07-2025
Payment for Online masterclass workshop on AI today,Education,14857.42,Credit Card,14-08-2025
Order for Office formal leather shoes Bata via UPI,Shopping,12949.54,UPI,04-03-2025
Paid for Car engine oil change and service via UPI,Transportation,6533.16,Cash,05-02-2025
Payment for South Indian breakfast dosa and idli with cash,Food,12421.45,Net Banking,17-07-2025
Spent on Bakery fresh bread and cake using card,Food,5587.14,UPI,23-09-2025
Order for Flipkart big billion days fashion shopping using card,Shopping,3643.98,Cash,09-10-2025
Paid for Airport parking ticket fee,Transportation,9605.94,Debit Card,23-04-2025
Purchased Parking slip charges at shopping mall,Transportation,12382.63,UPI,18-05-2025
Payment for Allen career institute installment,Education,11002.65,Net Banking,09-12-2025
Spent on GRE exam registration fee ETS with cash,Education,12195.65,Net Banking,11-01-2025
Packaged drinking water bottle online,Food,14918.3,Credit Card,15-12-2025
Paid for Kindle academic ebook purchase today,Education,13931.91,Credit Card,21-02-2025
Eye doctor consultation and vision test through app,Healthcare,13371.99,Net Banking,12-10-2025
Spent on Kitchen knife set and wooden chopping board via UPI,Shopping,9495.95,UPI,01-03-2025
Bowling alley game session at Smaaash today,Entertainment,10281.1,UPI,20-06-2025
Order for Amusement park ticket Imagicaa via UPI,Entertainment,6968.22,Cash,21-08-2025
Spent on Home decor flower vase and curtains through app,Shopping,7675.16,Debit Card,26-05-2025
Payment for Arcade video games timezone card recharge today,Entertainment,3464.29,Debit Card,02-03-2025
Payment for Blinkit grocery delivery online,Food,5432.13,Net Banking,15-07-2025
Order for Dr Lal Pathlabs CBC and thyroid test via UPI,Healthcare,3947.12,Cash,15-02-2025
Scientific calculator Casio fx-991CW,Education,5890.56,Net Banking,03-01-2025
Spent on Formal cotton shirt and denim jeans online,Shopping,6033.67,UPI,09-06-2025
Bought Online masterclass workshop on AI today,Education,871.09,Credit Card,22-11-2025
Payment for Health insurance mediclaim annual premium with cash,Healthcare,1859.31,Credit Card,23-05-2025
Bill payment for tutor private tuition fee for maths,Education,10040.63,Cash,24-10-2025
Expense on coursera professional certificate course,Education,6262.23,UPI,11-08-2025
Medplus generic pharmacy medicine bill with cash,Healthcare,5470.48,Debit Card,04-11-2025
Purchased Robotics kit and Arduino components for college project with cash,Education,2037.78,Credit Card,09-02-2025
Makeup kit lipstick and foundation Nykaa,Shopping,191.78,UPI,14-12-2025
Order for Car wheel alignment and balancing today,Transportation,1898.05,UPI,17-03-2025
Quick bedsheet set and cotton pillow covers,Shopping,6636.97,Cash,14-04-2025
Cable TV network monthly operator fee with cash,Bills,755.75,Debit Card,13-04-2025
Order for South Indian breakfast dosa and idli using card,Food,4787.33,Debit Card,23-05-2025
Bought Leather wallet and formal belt with cash,Shopping,2690.33,Debit Card,02-03-2025
Bought Root canal treatment session at dentist using card,Healthcare,2670.53,Cash,22-09-2025
Quick breakfast buffet at hotel,Food,1384.84,Net Banking,07-07-2025
Laptop sleeve and water resistant backpack today,Shopping,9641.07,Debit Card,10-10-2025
Bought Netflix monthly premium 4K subscription with cash,Entertainment,13566.57,Debit Card,27-04-2025
Bought IndiGo domestic flight ticket via UPI,Transportation,14005.93,Net Banking,09-10-2025
"Purchased Stationery notebook, registers and pens online",Education,12463.11,Credit Card,28-04-2025
Paid for Scientific calculator Casio fx-991CW today,Education,7384.91,Net Banking,28-12-2025
Order for Discord Nitro monthly renewal using card,Entertainment,14896.43,Net Banking,09-01-2025
Order for Municipal property tax annual payment,Bills,6605.89,UPI,10-07-2025
Order for Residential garbage collection charge using card,Bills,14986.51,Credit Card,08-10-2025
Bought Medical entrance coaching class fee via UPI,Education,2112.65,Debit Card,13-10-2025
Spent on Mobile back cover and tempered glass screen via UPI,Shopping,14818.0,Cash,18-03-2025
Purchased Bakery fresh bread and cake through app,Food,6655.81,Debit Card,14-05-2025
Bought Waffle and dessert parlour via UPI,Food,3266.41,Debit Card,02-01-2025
Spent on Ethnic kurta pajama from Manyavar online,Shopping,8639.26,Cash,16-06-2025
Spent on Municipal corporation water tax bill online,Bills,12433.2,UPI,12-07-2025
Spent on Residential garbage collection charge through app,Bills,7747.7,Cash,24-08-2025
Purchased Medplus generic pharmacy medicine bill,Healthcare,6197.62,Credit Card,02-12-2025
Purchased Grocery shopping at DMart via UPI,Food,12531.34,Debit Card,19-09-2025
"Paid for Stationery notebook, registers and pens online",Education,2390.94,Net Banking,09-07-2025
Payment for Board game Catan purchase for game night,Entertainment,13742.4,UPI,18-04-2025
Bought Subway sandwich lunch using card,Food,4159.05,Cash,10-03-2025
Payment for Waffle and dessert parlour with cash,Food,7021.65,Credit Card,02-03-2025
Quick makeup kit lipstick and foundation nykaa,Shopping,7581.52,Net Banking,07-10-2025
Paid for Solar rooftop maintenance service charge with cash,Bills,1368.02,UPI,06-12-2025
Paid for Doctor consultation fee general physician via UPI,Healthcare,8355.77,Credit Card,16-08-2025
Purchased Flipkart big billion days fashion shopping online,Shopping,10274.37,Credit Card,14-08-2025
Payment for Chai and samosa at tea stall,Food,6771.46,Credit Card,04-01-2025
Order for Airtel Digital TV subscription online,Bills,12678.56,UPI,11-06-2025
Sweets and farsan from sweet shop via UPI,Food,1232.72,Debit Card,08-06-2025
Payment for Fresh vegetables and fruits from market online,Food,10285.37,Debit Card,21-12-2025
Order for Bus ticket conductor cash payment through app,Transportation,1372.3,Net Banking,21-05-2025
Purchased Emergency hospital room casualty charges today,Healthcare,8654.14,Debit Card,14-11-2025
Paid for CNG gas refill for vehicle using card,Transportation,14720.95,UPI,13-06-2025
Bought Art museum gallery exhibition entry using card,Entertainment,11145.36,Cash,22-09-2025
Bill payment for bedsheet set and cotton pillow covers,Shopping,12460.53,UPI,22-10-2025
Payment for Swiggy food delivery online,Food,7370.15,Credit Card,06-06-2025
Purchased N95 masks and sanitizers pack online,Healthcare,14726.8,Cash,26-02-2025
Payment for Sewage and drainage municipal cess through app,Bills,1777.97,UPI,20-06-2025
Spent on Diesel fuel for car at BPCL online,Transportation,13958.39,Net Banking,05-02-2025
Spent on BSNL landline telephone bill online,Bills,6873.86,Cash,23-07-2025
Spent on Zomato pizza order through app,Food,8030.05,Debit Card,01-06-2025
Order for Car engine oil change and service online,Transportation,2355.7,Net Banking,22-03-2025
Order for Annual library membership renewal via UPI,Education,2573.61,Debit Card,17-03-2025
Spent on Homeopathy clinic consultation and pills,Healthcare,14006.78,Credit Card,08-03-2025
Purchased Helicopter shuttle ticket through app,Transportation,3943.07,Debit Card,02-03-2025
Payment for Art museum gallery exhibition entry with cash,Entertainment,3648.49,Net Banking,24-02-2025
Bought GRE exam registration fee ETS with cash,Education,9461.26,UPI,10-06-2025
Payment for Jio prepaid mobile phone recharge with cash,Bills,10421.06,Net Banking,23-08-2025
Payment for Bus ticket conductor cash payment online,Transportation,2267.66,Debit Card,15-03-2025
Purchased Cricket stadium match ticket IPL online,Entertainment,3307.43,Cash,14-12-2025
Payment for Discord Nitro monthly renewal,Entertainment,5764.86,Credit Card,04-02-2025
Bought Amazon India online order for clothes via UPI,Shopping,14192.34,UPI,05-09-2025
Charges paid for flipkart big billion days fashion shopping,Shopping,9080.03,Credit Card,11-04-2025
Charges paid for society monthly maintenance charges,Bills,8039.64,Credit Card,28-09-2025
Diagnostic chest X-ray digital scan with cash,Healthcare,1594.06,Cash,07-11-2025
Rapido bike taxi ride,Transportation,2676.7,Net Banking,15-05-2025
Payment for Smartwatch fitness tracker noise with cash,Shopping,2109.9,Credit Card,02-11-2025
Order for Diesel fuel for car at BPCL with cash,Transportation,12350.63,UPI,16-03-2025
Biryani combo meal from Behrouz using card,Food,12922.68,Cash,21-07-2025
Order for IndiGo domestic flight ticket today,Transportation,13230.87,UPI,04-03-2025
Spent on Bescom power supply bill online,Bills,7281.61,Credit Card,27-04-2025
Bought Chai and samosa at tea stall with cash,Food,10542.93,Credit Card,23-11-2025
Paid for IELTS language test exam fee today,Education,124.33,Debit Card,28-11-2025
Payment for Society monthly maintenance charges through app,Bills,4809.43,Credit Card,13-06-2025
Society monthly maintenance charges today,Bills,7229.11,Cash,07-07-2025
Bought Art drawing book and acrylic colors,Education,6880.93,UPI,22-12-2025
Bought Office formal leather shoes Bata using card,Shopping,9200.77,UPI,09-04-2025
Purchased Degree convocation certificate fee using card,Education,2988.48,UPI,19-07-2025
Order for University examination form fee using card,Education,12908.51,UPI,12-01-2025
Order for Airtel Digital TV subscription using card,Bills,4517.39,UPI,18-12-2025
Amazon Prime Video annual membership via UPI,Entertainment,11161.5,Net Banking,03-11-2025
Paid for Root canal treatment session at dentist through app,Healthcare,14308.99,UPI,03-07-2025
Purchased Ray-Ban UV protection sunglasses via UPI,Shopping,11968.89,UPI,12-04-2025
Office formal leather shoes Bata,Shopping,12644.28,Net Banking,03-11-2025
Spent on KFC fried chicken through app,Food,11175.94,Debit Card,14-06-2025
Payment for BookMyShow movie ticket PVR Cinemas today,Entertainment,4059.66,Cash,13-10-2025
Paid for Jio prepaid mobile phone recharge online,Bills,7037.33,Credit Card,20-10-2025
Payment for Degree convocation certificate fee via UPI,Education,14533.19,Debit Card,12-09-2025
Bought Cricket stadium match ticket IPL online,Entertainment,3675.85,Net Banking,17-11-2025
Bought Protein whey powder isolate gym supplement via UPI,Healthcare,10819.4,Cash,16-04-2025
Subway train token today,Transportation,73.6,UPI,25-12-2025
Quick cable tv network monthly operator fee,Bills,3922.44,Cash,24-01-2025
Diagnostic chest X-ray digital scan online,Healthcare,2356.15,Net Banking,16-06-2025
Payment for IRCTC train ticket booking to Mumbai today,Transportation,10162.56,Credit Card,09-10-2025
Payment for Municipal property tax annual payment using card,Bills,718.76,Credit Card,12-02-2025
Purchased School annual sports and picnic fee using card,Education,8010.67,Net Banking,08-07-2025
Bill payment for municipal property tax annual payment,Bills,10977.78,Net Banking,27-04-2025
Order for Spotify music premium annual plan online,Entertainment,1501.52,Debit Card,25-10-2025
Spent on Two-wheeler comprehensive insurance renewal online,Transportation,5159.09,Net Banking,22-04-2025
Orthopedic doctor consultation for knee joint through app,Healthcare,14671.55,Credit Card,23-01-2025
Bought Laptop sleeve and water resistant backpack using card,Shopping,5650.05,UPI,25-11-2025
Payment for Coursera professional certificate course today,Education,3853.18,Debit Card,09-05-2025
Medicines purchased from Apollo Pharmacy via UPI,Healthcare,13167.57,Net Banking,16-10-2025
Bought Airport parking ticket fee with cash,Transportation,6414.5,Net Banking,25-12-2025
Payment for Winter jacket and woolen sweater via UPI,Shopping,11352.28,Debit Card,07-11-2025
Bought BSNL landline telephone bill,Bills,5312.17,Cash,03-06-2025
Charges paid for adani electricity monthly bill,Bills,4647.52,Credit Card,08-04-2025
Payment for Bakery fresh bread and cake today,Food,60.11,Net Banking,07-12-2025
Spent on Running sports shoes from Nike store through app,Shopping,12901.62,Net Banking,18-09-2025
"Purchased Stationery notebook, registers and pens via UPI",Education,13902.34,Credit Card,14-12-2025
Payment for Eye doctor consultation and vision test with cash,Healthcare,6525.36,Cash,14-03-2025
Payment for Ayurvedic medicines from Patanjali store online,Healthcare,8030.15,UPI,17-02-2025
Bought Casual t-shirts pack from Zara,Shopping,7180.42,Debit Card,27-04-2025
Bought Amazon Prime Video annual membership through app,Entertainment,9059.14,Net Banking,11-05-2025
Paneer tikka and naan dinner online,Food,2051.55,Net Banking,25-04-2025
Bought College semester tuition fee using card,Education,844.13,Net Banking,13-11-2025
Paid for Ola cab to airport with cash,Transportation,9894.37,Net Banking,19-05-2025
"Stationery notebook, registers and pens today",Education,8064.77,UPI,27-06-2025
Purchased Zomato pizza order online,Food,10221.96,UPI,05-02-2025
Paid for PlayStation Network PS5 game purchase via UPI,Entertainment,6448.0,Cash,22-07-2025
Order for McDonalds burger meal through app,Food,6205.45,Cash,14-07-2025
Spent on Medicines purchased from Apollo Pharmacy online,Healthcare,8687.38,Net Banking,26-02-2025
Spent on Medical entrance coaching class fee with cash,Education,738.85,Net Banking,22-07-2025
Bought Board game Catan purchase for game night with cash,Entertainment,2600.88,UPI,07-05-2025
Bought Shawarma roll street food today,Food,4023.94,UPI,24-02-2025
Payment for Cafe coffee day cold coffee via UPI,Food,2414.74,Cash,15-06-2025
Bought Casual t-shirts pack from Zara online,Shopping,1295.55,UPI,11-12-2025
Order for Helicopter shuttle ticket through app,Transportation,6173.94,Credit Card,13-06-2025
Bought Electric scooter charging fee with cash,Transportation,7132.68,Cash,13-11-2025
Paid for PlayStation Network PS5 game purchase online,Entertainment,8125.75,Net Banking,03-10-2025
Purchased MRI brain scan diagnostic center fee using card,Healthcare,13626.05,Credit Card,12-01-2025
BookMyShow movie ticket PVR Cinemas with cash,Entertainment,8138.22,Debit Card,12-11-2025
Bought Metro smart card recharge using card,Transportation,7600.09,UPI,09-06-2025
Recent ray-ban uv protection sunglasses via GPay,Shopping,14546.57,Cash,10-02-2025
Purchased Makeup kit lipstick and foundation Nykaa,Shopping,12338.11,UPI,16-07-2025
Spent on Chai and samosa at tea stall with cash,Food,3248.23,Cash,24-05-2025
Payment for Municipal corporation water tax bill via UPI,Bills,13049.41,Cash,13-08-2025
Full body blood diagnostic test SRL Labs using card,Healthcare,3228.24,Cash,01-10-2025
Spent on IRCTC train ticket booking to Mumbai online,Transportation,10760.34,UPI,13-12-2025
Purchased Car engine oil change and service through app,Transportation,12630.99,Cash,14-05-2025
"Payment for Stationery notebook, registers and pens today",Education,2403.2,Net Banking,14-08-2025
Spent on Night taxi fare back home via UPI,Transportation,10911.31,Cash,04-12-2025
Bought Metro smart card recharge today,Transportation,13379.22,Cash,12-06-2025
Paid for Popcorn and nachos combo at cinema hall via UPI,Entertainment,14812.44,Credit Card,06-01-2025
Spent on Root canal treatment session at dentist with cash,Healthcare,5736.62,UPI,15-12-2025
Charges paid for art drawing book and acrylic colors,Education,11802.89,Debit Card,08-05-2025
Paid for Jio prepaid mobile phone recharge with cash,Bills,10802.18,Debit Card,15-12-2025
Paid for Ice cream tub from Naturals online,Food,11258.61,Credit Card,06-07-2025
Purchased Music concert festival pass online,Entertainment,7302.46,Cash,15-11-2025
Spent on Cricket stadium match ticket IPL online,Entertainment,5963.05,Cash,19-04-2025
BookMyShow movie ticket PVR Cinemas today,Entertainment,9021.3,UPI,17-08-2025
Paid for Mineral water jar refill via UPI,Food,7795.63,Debit Card,06-03-2025
Quick vi vodafone idea recharge pack,Bills,714.01,Credit Card,13-03-2025
Bought Shawarma roll street food through app,Food,1842.18,UPI,22-11-2025
Purchased Electricity bill payment Torrent Power via UPI,Bills,1661.58,UPI,19-02-2025
Purchased Bescom power supply bill today,Bills,7323.75,Debit Card,03-04-2025
Paid for Car third party insurance policy with cash,Transportation,6419.83,UPI,17-07-2025
Spent on Auto rickshaw fare by meter using card,Transportation,14703.57,Credit Card,13-02-2025
Purchased Ola cab to airport,Transportation,7898.32,Credit Card,08-06-2025
Paid for Medicines purchased from Apollo Pharmacy online,Healthcare,13800.21,UPI,25-03-2025
Quick women handbag and leather purse,Shopping,11462.06,Credit Card,09-09-2025
Bought Sewage and drainage municipal cess,Bills,13062.38,Net Banking,02-10-2025
Spent on Sweets and farsan from sweet shop through app,Food,13589.14,Cash,05-03-2025
Payment for Haldirams thali lunch today,Food,14225.67,UPI,07-01-2025
Purchased Two-wheeler comprehensive insurance renewal online,Transportation,1804.34,Cash,21-06-2025
Purchased Scientific calculator Casio fx-991CW using card,Education,11819.79,Debit Card,20-03-2025
Paid for LPG cooking gas cylinder refill Indane,Bills,8861.17,Cash,16-05-2025
Payment for BSNL landline telephone bill with cash,Bills,3769.55,Cash,25-03-2025
Bought Dinner with family at restaurant via UPI,Food,9456.01,UPI,24-09-2025
Bought Ayurvedic medicines from Patanjali store online,Healthcare,12490.27,Credit Card,14-07-2025
McDonalds burger meal via UPI,Food,5329.26,Net Banking,13-10-2025
Order for PlayStation Network PS5 game purchase today,Entertainment,8949.82,UPI,13-08-2025
Purchased Robotics kit and Arduino components for college project today,Education,9680.06,Credit Card,20-04-2025
Purchased Metro smart card recharge using card,Transportation,10729.55,Cash,24-04-2025
Paid for School uniform and formal shoes with cash,Education,14346.07,Cash,11-01-2025
Purchased Blinkit grocery delivery,Food,9204.04,Net Banking,28-02-2025
Bought Cricket stadium match ticket IPL through app,Entertainment,12139.34,Credit Card,01-01-2025
Helicopter shuttle ticket through app,Transportation,158.99,Net Banking,23-09-2025
Spectacles frame and prescription lenses Lenskart using card,Healthcare,12898.46,Cash,13-05-2025
Payment for Fresh vegetables and fruits from market,Food,1264.28,Cash,09-11-2025
Payment for Allen career institute installment via UPI,Education,6072.68,Cash,23-10-2025
Two-wheeler comprehensive insurance renewal using card,Transportation,6924.0,Cash,11-01-2025
Spent on Paneer tikka and naan dinner,Food,7282.21,Debit Card,19-06-2025
Expense on mri brain scan diagnostic center fee,Healthcare,9300.07,Debit Card,05-02-2025
Spent on Dental clinic teeth cleaning and scaling today,Healthcare,2693.09,Net Banking,21-07-2025
Purchased Weekend stand-up comedy live show ticket through app,Entertainment,11886.02,Debit Card,20-02-2025
Paid for Jio prepaid mobile phone recharge today,Bills,331.78,Net Banking,13-08-2025
Spent on Emergency hospital room casualty charges using card,Healthcare,12704.54,Credit Card,19-06-2025
Purchased Flipkart big billion days fashion shopping,Shopping,13670.11,Cash,12-12-2025
Expense on tata play dth satellite dish recharge,Bills,6406.73,Debit Card,02-05-2025
Spent on McDonalds burger meal today,Food,9631.51,UPI,04-09-2025
Bill payment for popcorn and nachos combo at cinema hall,Entertainment,12610.82,UPI,02-10-2025
Spent on Airtel postpaid monthly mobile bill today,Bills,13019.62,Credit Card,13-01-2025
Payment for Chinese noodles and fried rice online,Food,8021.43,UPI,07-11-2025
Order for Starbucks cold brew coffee online,Food,3755.46,Credit Card,09-09-2025
Payment for Amusement park ticket Imagicaa,Entertainment,7854.9,Debit Card,06-11-2025
Payment for Chinese noodles and fried rice,Food,6219.53,Net Banking,18-09-2025
Spent on Municipal property tax annual payment via UPI,Bills,7281.98,Net Banking,20-11-2025
Spent on First aid antiseptic Dettol and bandages with cash,Healthcare,4499.08,UPI,18-12-2025
Spent on Delhi metro card topup,Transportation,3233.64,Net Banking,09-11-2025
Bought Engineering textbooks and reference notes using card,Education,3683.29,UPI,28-09-2025
Paid for Cable TV network monthly operator fee today,Bills,12139.65,Credit Card,03-10-2025
Purchased Hostel accommodation and mess fee,Education,682.34,Cash,20-09-2025
Spent on Bescom power supply bill with cash,Bills,13015.28,Credit Card,07-03-2025
Purchased Steam PC gaming summer sale purchase through app,Entertainment,12397.27,Net Banking,01-03-2025
Spent on Spotify music premium annual plan through app,Entertainment,3667.82,Cash,02-12-2025
Bought Health insurance mediclaim annual premium using card,Healthcare,5748.8,Debit Card,21-11-2025
Spent on First aid antiseptic Dettol and bandages today,Healthcare,11426.21,UPI,21-05-2025
Order for Amazon Prime Video annual membership today,Entertainment,502.76,Credit Card,04-09-2025
Spent on Adani electricity monthly bill via UPI,Bills,14577.97,UPI,26-03-2025
Purchased Toll plaza tax cash payment via UPI,Transportation,11514.37,Credit Card,14-02-2025
Spent on Ola cab to airport through app,Transportation,187.37,Net Banking,11-03-2025
Payment for Medical entrance coaching class fee through app,Education,5272.09,Credit Card,03-07-2025
Spent on Lunch at office cafeteria online,Food,1317.04,Credit Card,11-02-2025
Payment for Spotify music premium annual plan via UPI,Entertainment,1854.35,Net Banking,04-07-2025
Paid for Winter jacket and woolen sweater today,Shopping,3906.84,Net Banking,25-05-2025
Bought Chinese noodles and fried rice online,Food,9209.53,Cash,21-11-2025
Paid for Laptop sleeve and water resistant backpack,Shopping,513.34,Debit Card,08-06-2025
Recent art museum gallery exhibition entry via GPay,Entertainment,8926.47,Cash,01-01-2025
Order for Municipal property tax annual payment today,Bills,4578.8,Net Banking,03-11-2025
Payment for Bedsheet set and cotton pillow covers using card,Shopping,14753.56,UPI,22-11-2025
Spent on Multivitamin tablets and zinc supplements online,Healthcare,12067.24,Credit Card,23-07-2025
Paid for Ice cream tub from Naturals,Food,12357.67,Net Banking,20-07-2025
Paid for College semester tuition fee online,Education,9617.98,Cash,14-12-2025
Recent non-stick cookware fry pan hawkins via GPay,Shopping,10006.83,UPI,27-11-2025
Order for Eye doctor consultation and vision test using card,Healthcare,3083.63,UPI,21-12-2025
Payment for Rapido bike taxi ride using card,Transportation,1793.58,UPI,16-11-2025
Spent on Orthopedic doctor consultation for knee joint through app,Healthcare,6759.5,Cash,02-06-2025
Bill payment for bowling alley game session at smaaash,Entertainment,2605.99,Cash,22-05-2025
Payment for Cable TV network monthly operator fee using card,Bills,5866.14,Cash,01-06-2025
Bill payment for gourmet pasta at italian cafe,Food,6091.27,Debit Card,22-03-2025
GRE exam registration fee ETS online,Education,1592.73,Credit Card,08-07-2025
Spent on Zepto quick grocery order today,Food,122.24,Credit Card,26-04-2025
Expense on street food pav bhaji and chaat,Food,11945.39,Net Banking,07-07-2025
Charges paid for school admission registration fee,Education,12770.54,UPI,20-12-2025
Spent on Delhi metro card topup through app,Transportation,5866.75,UPI,19-11-2025
Bought Ethnic kurta pajama from Manyavar,Shopping,10100.16,Debit Card,03-07-2025
Steam PC gaming summer sale purchase today,Entertainment,5752.36,Cash,02-03-2025
Paid for Prepaid electricity smart meter recharge via UPI,Bills,10029.44,Debit Card,01-08-2025
Spent on Street food pav bhaji and chaat today,Food,1699.83,Net Banking,20-08-2025
"Paid for Stationery notebook, registers and pens through app",Education,6062.79,Credit Card,11-09-2025
Order for Engineering textbooks and reference notes today,Education,13797.28,Net Banking,23-07-2025
Spent on Chinese noodles and fried rice online,Food,11336.73,Credit Card,20-09-2025
Spent on Steam PC gaming summer sale purchase today,Entertainment,3986.29,Debit Card,22-05-2025
Purchased Popcorn and nachos combo at cinema hall using card,Entertainment,8874.47,Debit Card,03-08-2025
Bought Airtel broadband fiber bill payment using card,Bills,6213.62,Debit Card,07-07-2025
Spent on Health insurance mediclaim annual premium via UPI,Healthcare,1272.85,Net Banking,28-11-2025
Bought Bedsheet set and cotton pillow covers through app,Shopping,14493.01,Net Banking,01-11-2025
Order for Health insurance mediclaim annual premium with cash,Healthcare,11337.67,Credit Card,03-05-2025
Spent on Jio prepaid mobile phone recharge today,Bills,10043.06,UPI,16-08-2025
Bought Robotics kit and Arduino components for college project through app,Education,5593.97,Debit Card,23-02-2025
Payment for Subway train token today,Transportation,10091.5,UPI,13-12-2025
Purchased Smartwatch fitness tracker noise online,Shopping,9220.08,Cash,02-04-2025
Order for Mineral water jar refill using card,Food,11698.51,Cash,01-11-2025
Order for Wireless bluetooth neckband earphones with cash,Shopping,8274.18,Debit Card,16-08-2025
Spent on Toll plaza tax cash payment today,Transportation,2644.36,Cash,23-12-2025
Art museum gallery exhibition entry,Entertainment,8182.59,Net Banking,01-10-2025
Paid for Hostel accommodation and mess fee today,Education,7265.84,UPI,08-08-2025
Payment for Zomato pizza order today,Food,11576.39,Cash,22-04-2025
Spent on Cable TV network monthly operator fee online,Bills,5790.65,Net Banking,01-08-2025
Purchased Orthopedic doctor consultation for knee joint with cash,Healthcare,7057.65,Cash,05-05-2025
Bought Smartwatch fitness tracker noise using card,Shopping,6836.7,Credit Card,21-05-2025
Paid for Root canal treatment session at dentist,Healthcare,14139.05,Net Banking,23-03-2025
Bought Amazon Prime Video annual membership,Entertainment,939.52,Net Banking,23-07-2025
Cafe coffee day cold coffee through app,Food,1075.83,UPI,18-05-2025
Spent on Night taxi fare back home online,Transportation,4702.26,Cash,25-03-2025
Paid for Airtel postpaid monthly mobile bill through app,Bills,1567.42,Cash,06-03-2025
Purchased Bowling alley game session at Smaaash online,Entertainment,5250.14,Credit Card,24-03-2025
Payment for Ice cream tub from Naturals with cash,Food,7628.59,Cash,21-07-2025
Payment for Arcade video games timezone card recharge,Entertainment,1091.7,Debit Card,23-09-2025
Order for Degree convocation certificate fee through app,Education,9224.77,Cash,22-03-2025
Recent momos and soup stall via GPay,Food,6225.2,Debit Card,15-12-2025
Order for Club entry fee Saturday night party with cash,Entertainment,8357.49,Debit Card,18-06-2025
Purchased Kitchen knife set and wooden chopping board,Shopping,8976.13,Credit Card,16-11-2025
Purchased Medical entrance coaching class fee,Education,8561.78,Net Banking,01-12-2025
Paid for Late night snacks delivery with cash,Food,5406.4,Credit Card,15-05-2025
Order for Amusement park ticket Imagicaa,Entertainment,8770.37,Credit Card,06-07-2025
Bought Diagnostic chest X-ray digital scan,Healthcare,10678.08,Debit Card,09-01-2025
Paid for Multivitamin tablets and zinc supplements online,Healthcare,10414.53,Net Banking,22-04-2025
Bought University examination form fee,Education,9116.52,Credit Card,08-10-2025
Starbucks cold brew coffee online,Food,12245.45,Debit Card,11-11-2025
Paid for Non-stick cookware fry pan Hawkins using card,Shopping,12550.42,Net Banking,24-11-2025
Spent on Kitchen knife set and wooden chopping board with cash,Shopping,10397.48,Net Banking,16-02-2025
Payment for Tutor private tuition fee for maths with cash,Education,1176.67,Debit Card,08-09-2025
Order for Scientific calculator Casio fx-991CW online,Education,2096.04,Debit Card,15-07-2025
Payment for Smartwatch fitness tracker noise today,Shopping,5516.28,Debit Card,11-09-2025
Bill payment for full body blood diagnostic test srl labs,Healthcare,9608.41,Net Banking,22-08-2025
Purchased Diagnostic chest X-ray digital scan via UPI,Healthcare,2763.75,Net Banking,23-07-2025
Payment for Home decor flower vase and curtains online,Shopping,14493.59,Debit Card,17-06-2025
Bought Commercial office space rent through app,Bills,4579.17,Debit Card,24-11-2025
Payment for Ola cab to airport today,Transportation,7493.98,UPI,10-11-2025
Spent on Running sports shoes from Nike store,Shopping,9280.54,Credit Card,01-11-2025
Bought Mobile back cover and tempered glass screen with cash,Shopping,10282.25,UPI,01-06-2025
Amusement park ticket Imagicaa online,Entertainment,9230.52,Cash,20-09-2025
Expense on dominos cheese pizza,Food,451.02,Debit Card,07-09-2025
Order for Morning coffee and cookies using card,Food,12962.59,UPI,10-07-2025
Spent on Hostel accommodation and mess fee through app,Education,7613.44,Cash,15-06-2025
Spent on Mumbai local train monthly pass through app,Transportation,1854.29,Credit Card,16-05-2025
Paid for Perfume bottle and deodorant spray online,Shopping,12684.75,Credit Card,10-08-2025
Payment for Hostel accommodation and mess fee through app,Education,13964.34,UPI,26-05-2025
Spent on Degree convocation certificate fee using card,Education,6208.51,Credit Card,04-12-2025
Bought Bakery fresh bread and cake through app,Food,11613.23,Credit Card,21-11-2025
Paid for Homeopathy clinic consultation and pills via UPI,Healthcare,9737.64,Net Banking,18-01-2025
Spent on University examination form fee today,Education,10907.21,Cash,15-11-2025
Purchased Wireless bluetooth neckband earphones online,Shopping,5998.95,Credit Card,02-12-2025
Payment for Scientific calculator Casio fx-991CW with cash,Education,8860.34,UPI,16-07-2025
Spent on Office formal leather shoes Bata using card,Shopping,10971.31,Cash,20-11-2025
Purchased Airtel Digital TV subscription online,Bills,10441.74,Debit Card,22-02-2025
Purchased Cricket stadium match ticket IPL through app,Entertainment,9371.36,UPI,21-11-2025
Payment for Kindle academic ebook purchase via UPI,Education,8924.24,Credit Card,05-06-2025
Bill payment for car third party insurance policy,Transportation,12465.95,Cash,09-07-2025
Purchased Cafe coffee day cold coffee via UPI,Food,775.29,UPI,14-03-2025
Order for Steam PC gaming summer sale purchase today,Entertainment,1460.7,Credit Card,26-02-2025
Purchased Protein whey powder isolate gym supplement today,Healthcare,8494.96,Net Banking,16-01-2025
Kindle academic ebook purchase through app,Education,13712.51,Cash,16-03-2025
Popcorn and nachos combo at cinema hall today,Entertainment,8842.51,Cash,20-05-2025
Paid for First aid antiseptic Dettol and bandages today,Healthcare,3165.24,UPI,05-10-2025
Order for Doctor consultation fee general physician through app,Healthcare,7141.84,Net Banking,24-06-2025
Orthopedic doctor consultation for knee joint via UPI,Healthcare,2653.03,UPI,12-03-2025
Ice cream tub from Naturals via UPI,Food,4517.26,Debit Card,02-11-2025
Spent on Gourmet pasta at Italian cafe with cash,Food,5346.59,Debit Card,20-08-2025
Payment for Airport parking ticket fee today,Transportation,14509.79,Cash,23-12-2025
Bill payment for spectacles frame and prescription lenses lenskart,Healthcare,4702.14,Cash,18-04-2025
Bought Ray-Ban UV protection sunglasses online,Shopping,7390.38,Cash,18-08-2025
Payment for Airtel broadband fiber bill payment today,Bills,7036.62,Credit Card,05-01-2025
Bought Car engine oil change and service via UPI,Transportation,9882.27,Credit Card,02-04-2025
Order for Late night snacks delivery online,Food,3216.53,Credit Card,24-02-2025
Paid for KFC fried chicken today,Food,13428.42,Debit Card,03-11-2025
Club entry fee Saturday night party,Entertainment,6826.65,Cash,25-10-2025
Purchased Hostel accommodation and mess fee via UPI,Education,9120.77,Net Banking,08-01-2025
Spent on CNG gas refill for vehicle today,Transportation,11786.97,Net Banking,26-04-2025
Spent on Late night snacks delivery today,Food,13376.99,Cash,24-05-2025
Car wash and interior vacuuming,Transportation,7941.27,Debit Card,10-12-2025
Spent on Medplus generic pharmacy medicine bill,Healthcare,10801.17,Credit Card,25-07-2025
Payment for Netflix monthly premium 4K subscription today,Entertainment,1218.02,Net Banking,27-05-2025
Payment for Music concert festival pass via UPI,Entertainment,2051.76,UPI,04-03-2025
Spent on Solar rooftop maintenance service charge today,Bills,5899.01,Credit Card,21-07-2025
Payment for Dermatologist consultation for skin acne with cash,Healthcare,11839.43,Cash,04-02-2025
Bought YouTube Premium family plan renewal,Entertainment,6566.58,Net Banking,22-12-2025
Payment for Bus ticket conductor cash payment through app,Transportation,12006.34,Credit Card,20-04-2025
Payment for Ray-Ban UV protection sunglasses via UPI,Shopping,1788.84,UPI,10-09-2025
Bought Airtel broadband fiber bill payment,Bills,12407.25,Debit Card,27-07-2025
Purchased Zepto quick grocery order today,Food,11405.81,UPI,13-07-2025
Purchased Petrol refill at Indian Oil pump through app,Transportation,5323.82,Debit Card,11-01-2025
Spent on House rental payment to landlord through app,Bills,9400.79,UPI,19-02-2025
Multivitamin tablets and zinc supplements through app,Healthcare,561.52,Credit Card,24-05-2025
Payment for Spectacles frame and prescription lenses Lenskart online,Healthcare,11120.25,UPI,12-04-2025
Spent on South Indian breakfast dosa and idli with cash,Food,1432.34,Credit Card,02-05-2025
Weekend stand-up comedy live show ticket,Entertainment,2999.17,Net Banking,15-08-2025
Paid for Water park entry ticket with locker using card,Entertainment,14402.52,Debit Card,02-09-2025
Spent on Full body blood diagnostic test SRL Labs,Healthcare,9021.84,UPI,10-10-2025
Bought GRE exam registration fee ETS today,Education,14345.35,Cash,25-09-2025
Purchased Amazon Prime Video annual membership online,Entertainment,3133.32,UPI,23-03-2025
Purchased Vi Vodafone Idea recharge pack through app,Bills,14331.99,Net Banking,10-09-2025
Bought School annual sports and picnic fee,Education,7035.66,Cash,15-09-2025
Purchased Auto rickshaw fare by meter,Transportation,13420.37,Cash,28-10-2025
Spent on Casual t-shirts pack from Zara with cash,Shopping,3598.19,Credit Card,16-12-2025
Bought Doctor consultation fee general physician through app,Healthcare,3897.06,UPI,06-07-2025
Order for University examination form fee,Education,12947.93,UPI,11-03-2025
Paid for Makeup kit lipstick and foundation Nykaa online,Shopping,3992.23,UPI,28-09-2025
Payment for Escape room team mystery game ticket online,Entertainment,14102.95,Net Banking,19-01-2025
Spent on Degree convocation certificate fee today,Education,6752.96,Debit Card,26-10-2025
Spent on Electricity bill payment Torrent Power,Bills,11802.67,UPI,20-02-2025
Order for Amazon India online order for clothes online,Shopping,9237.7,Debit Card,08-11-2025
Spent on Bus ticket conductor cash payment via UPI,Transportation,8813.1,UPI,17-04-2025
Spent on Cable TV network monthly operator fee today,Bills,519.04,Cash,01-12-2025
Payment for Juice bar fresh mango juice,Food,534.12,Cash,11-10-2025
Purchased Blinkit grocery delivery online,Food,4113.9,Net Banking,23-08-2025
Spent on Discord Nitro monthly renewal via UPI,Entertainment,10437.16,Debit Card,19-07-2025
Order for Theater drama evening show ticket through app,Entertainment,4008.39,Cash,12-01-2025
Charges paid for ayurvedic medicines from patanjali store,Healthcare,14283.72,Cash,04-11-2025
Quick municipal property tax annual payment,Bills,14251.12,Cash,24-10-2025
BookMyShow movie ticket PVR Cinemas online,Entertainment,4755.28,Credit Card,16-04-2025
Order for N95 masks and sanitizers pack online,Healthcare,7839.56,UPI,26-05-2025
Paid for Auto rickshaw fare by meter,Transportation,13748.63,Credit Card,16-07-2025
Purchased Music concert festival pass,Entertainment,8343.9,UPI,25-12-2025
Bought Homeopathy clinic consultation and pills today,Healthcare,10686.9,Debit Card,02-06-2025
Paid for Running sports shoes from Nike store through app,Shopping,2516.28,Debit Card,20-04-2025
Charges paid for supermarket monthly ration purchase,Food,2098.69,Debit Card,26-08-2025
Payment for Full body blood diagnostic test SRL Labs via UPI,Healthcare,7998.0,Debit Card,01-03-2025
Paid for Adani electricity monthly bill with cash,Bills,3786.34,UPI,03-01-2025
Payment for University examination form fee through app,Education,13412.22,Debit Card,28-04-2025
Order for Electricity bill payment Torrent Power using card,Bills,5347.8,Net Banking,23-09-2025
Payment for KFC fried chicken using card,Food,7112.44,Credit Card,01-09-2025
Spent on Homeopathy clinic consultation and pills using card,Healthcare,8403.38,Credit Card,16-12-2025
Office formal leather shoes Bata via UPI,Shopping,10160.47,UPI,27-02-2025
Paid for Airtel broadband fiber bill payment online,Bills,475.75,UPI,11-01-2025
Charges paid for medical entrance coaching class fee,Education,1460.01,Cash,01-02-2025
Order for BSNL landline telephone bill online,Bills,4094.1,UPI,04-01-2025
Purchased Office canteen coupon recharge using card,Food,13772.55,Credit Card,26-03-2025
Vi Vodafone Idea recharge pack online,Bills,412.43,UPI,07-01-2025
Prepaid electricity smart meter recharge via UPI,Bills,8089.05,UPI,26-01-2025
Purchased Mumbai local train monthly pass using card,Transportation,1639.64,Cash,01-01-2025
Purchased Allen career institute installment using card,Education,14586.52,UPI,21-08-2025
Spent on FASTag highway toll recharge with cash,Transportation,14488.77,Cash,24-08-2025
Purchased Starbucks cold brew coffee today,Food,2130.73,Debit Card,08-05-2025
Purchased Dermatologist consultation for skin acne,Healthcare,7556.12,UPI,22-05-2025
Order for Adani electricity monthly bill using card,Bills,12268.78,UPI,05-02-2025
Payment for Steam PC gaming summer sale purchase,Entertainment,4338.63,Net Banking,04-01-2025
Order for Commercial office space rent through app,Bills,9171.34,Credit Card,11-09-2025
Paid for School uniform and formal shoes via UPI,Education,4468.24,Cash,15-02-2025
Recent medical entrance coaching class fee via GPay,Education,7081.22,Credit Card,06-12-2025
Bill payment for school annual sports and picnic fee,Education,8692.21,Credit Card,06-03-2025
Bought Sewage and drainage municipal cess today,Bills,12400.7,Credit Card,18-03-2025
Bought Amazon Prime Video annual membership today,Entertainment,8207.32,UPI,19-03-2025
Paid for Cricket stadium match ticket IPL using card,Entertainment,4257.0,Net Banking,17-10-2025
Order for Sewage and drainage municipal cess today,Bills,8844.19,Debit Card,27-02-2025
Order for Apartment clubhouse utility maintenance via UPI,Bills,2187.17,UPI,27-04-2025
Bought Bescom power supply bill online,Bills,8096.9,Net Banking,20-12-2025
Spent on PlayStation Network PS5 game purchase online,Entertainment,4963.42,Debit Card,01-11-2025
Paid for Medicines purchased from Apollo Pharmacy through app,Healthcare,8363.19,Debit Card,01-09-2025
Bill payment for night taxi fare back home,Transportation,3545.88,Debit Card,10-11-2025
Spent on Makeup kit lipstick and foundation Nykaa using card,Shopping,6109.05,UPI,01-01-2025
Purchased Flipkart big billion days fashion shopping with cash,Shopping,8056.12,Debit Card,11-02-2025
Bought Mobile back cover and tempered glass screen through app,Shopping,2866.09,Net Banking,19-09-2025
Order for Physiotherapy rehabilitation session via UPI,Healthcare,293.44,UPI,06-11-2025
Bought Car wash and interior vacuuming online,Transportation,13560.83,Cash,05-06-2025
Order for Makeup kit lipstick and foundation Nykaa online,Shopping,8720.55,Cash,17-05-2025
Bought Ray-Ban UV protection sunglasses today,Shopping,4767.57,Cash,18-06-2025
Payment for Diesel fuel for car at BPCL via UPI,Transportation,3178.1,UPI,26-08-2025
Purchased Smartwatch fitness tracker noise with cash,Shopping,2363.32,Debit Card,05-04-2025
Spent on Medical entrance coaching class fee through app,Education,3606.78,Net Banking,07-10-2025
Theater drama evening show ticket,Entertainment,14968.17,Credit Card,24-12-2025
PlayStation Network PS5 game purchase with cash,Entertainment,955.22,Cash,01-02-2025
Non-stick cookware fry pan Hawkins with cash,Shopping,4249.44,Debit Card,17-07-2025
Bought Music concert festival pass via UPI,Entertainment,4961.98,UPI,08-07-2025
Spent on Hostel accommodation and mess fee via UPI,Education,5126.07,Cash,14-06-2025
Payment for Delhi metro card topup today,Transportation,2813.36,Net Banking,12-06-2025
Zepto quick grocery order via UPI,Food,2059.06,Net Banking,25-06-2025
Paid for BookMyShow movie ticket PVR Cinemas online,Entertainment,6996.14,Credit Card,01-06-2025
Order for FASTag highway toll recharge through app,Transportation,1723.09,UPI,23-04-2025
Order for Momos and soup stall with cash,Food,3785.95,Net Banking,27-07-2025
Tutor private tuition fee for maths via UPI,Education,64.62,Cash,14-10-2025
Payment for School annual sports and picnic fee,Education,12904.67,Cash,22-06-2025
Purchased Weekend stand-up comedy live show ticket today,Entertainment,11356.48,Credit Card,28-04-2025
Payment for Degree convocation certificate fee using card,Education,1324.12,UPI,20-09-2025
Paid for Airtel Digital TV subscription with cash,Bills,458.88,UPI,18-09-2025
Bought Subway sandwich lunch via UPI,Food,12508.81,UPI,08-01-2025
Steam PC gaming summer sale purchase via UPI,Entertainment,10866.43,UPI,19-01-2025
Recent shawarma roll street food via GPay,Food,7155.3,Cash,05-06-2025
Order for Swiggy food delivery online,Food,589.11,Credit Card,21-01-2025
Bought Vaccination booster injection dose clinic with cash,Healthcare,11210.52,Net Banking,03-09-2025
Spent on BookMyShow movie ticket PVR Cinemas through app,Entertainment,2183.65,Cash,14-07-2025
Expense on barbeque nation buffet dinner,Food,4981.49,Net Banking,19-04-2025
Order for Spectacles frame and prescription lenses Lenskart via UPI,Healthcare,12176.23,Credit Card,09-06-2025
Bought BookMyShow movie ticket PVR Cinemas using card,Entertainment,4318.76,Cash,26-09-2025
Order for Scientific calculator Casio fx-991CW with cash,Education,8533.65,Cash,13-03-2025
Piped natural gas PNG bill Adani Gas online,Bills,3077.82,UPI,13-11-2025
Spent on Mobile back cover and tempered glass screen with cash,Shopping,14426.97,Credit Card,09-12-2025
Payment for Bike tyre replacement MRF online,Transportation,12879.93,Cash,07-02-2025
Order for Dental clinic teeth cleaning and scaling online,Healthcare,5056.08,Cash,25-03-2025
Bought Bedsheet set and cotton pillow covers via UPI,Shopping,8951.72,UPI,23-05-2025
Order for Orthopedic doctor consultation for knee joint,Healthcare,12783.48,Credit Card,15-11-2025
Multivitamin tablets and zinc supplements with cash,Healthcare,9136.71,Credit Card,13-05-2025
Bought Perfume bottle and deodorant spray with cash,Shopping,10761.23,Net Banking,20-12-2025
Payment for Allen career institute installment using card,Education,12129.18,Cash,03-02-2025
Payment for Physics laboratory practical record file using card,Education,12374.14,Debit Card,17-10-2025
Paid for Bakery fresh bread and cake using card,Food,5776.9,UPI,04-06-2025
Payment for Electricity bill payment Torrent Power via UPI,Bills,9166.7,Credit Card,19-11-2025
Paid for Smartwatch fitness tracker noise today,Shopping,14107.53,Cash,02-06-2025
Spent on PlayStation Network PS5 game purchase today,Entertainment,9165.83,Net Banking,27-09-2025
Purchased Bakery fresh bread and cake with cash,Food,5132.49,UPI,26-09-2025
Order for Robotics kit and Arduino components for college project,Education,1121.67,Cash,10-03-2025
Order for Online masterclass workshop on AI with cash,Education,6196.47,Credit Card,02-12-2025
Paid for MRI brain scan diagnostic center fee online,Healthcare,8504.33,Cash,21-04-2025
Spent on Ethnic kurta pajama from Manyavar through app,Shopping,6511.59,Credit Card,11-08-2025
Breakfast buffet at hotel today,Food,6643.53,Net Banking,05-07-2025
Bought Discord Nitro monthly renewal,Entertainment,5262.78,Debit Card,14-11-2025
University examination form fee with cash,Education,12496.32,Credit Card,16-04-2025
Purchased Petrol refill at Indian Oil pump today,Transportation,3585.75,Debit Card,14-10-2025
Spent on Two-wheeler comprehensive insurance renewal with cash,Transportation,2946.87,Cash,22-11-2025
Order for Spotify music premium annual plan with cash,Entertainment,1456.6,Credit Card,24-03-2025
Bought Amusement park ticket Imagicaa via UPI,Entertainment,4028.58,Net Banking,05-11-2025
Steam PC gaming summer sale purchase with cash,Entertainment,11740.02,Debit Card,13-07-2025
Online masterclass workshop on AI via UPI,Education,7849.77,Debit Card,14-05-2025
Payment for IMAX 3D cinema ticket INOX today,Entertainment,8608.02,Credit Card,15-03-2025
Spent on Shawarma roll street food,Food,947.78,Debit Card,21-03-2025
Spent on Online masterclass workshop on AI,Education,10496.69,UPI,17-03-2025
Payment for Residential garbage collection charge through app,Bills,6702.86,Net Banking,12-02-2025
Spent on Leather wallet and formal belt through app,Shopping,8214.17,Debit Card,25-04-2025
Bought Dr Lal Pathlabs CBC and thyroid test with cash,Healthcare,3243.86,UPI,12-02-2025
Order for Vaccination booster injection dose clinic online,Healthcare,5687.76,Cash,13-10-2025
Spent on Tutor private tuition fee for maths today,Education,7612.36,Net Banking,24-07-2025
Order for First aid antiseptic Dettol and bandages using card,Healthcare,9780.8,Net Banking,15-09-2025
Purchased Paneer tikka and naan dinner today,Food,6626.49,Credit Card,03-09-2025
Expense on makeup kit lipstick and foundation nykaa,Shopping,4441.18,Debit Card,11-10-2025
Payment for GRE exam registration fee ETS,Education,8066.85,Credit Card,04-11-2025
Recent juice bar fresh mango juice via GPay,Food,11722.07,Cash,24-08-2025
Bought Ray-Ban UV protection sunglasses using card,Shopping,5784.49,Cash,25-12-2025
Purchased Discord Nitro monthly renewal today,Entertainment,11613.44,Net Banking,26-02-2025
Bought Winter jacket and woolen sweater today,Shopping,6852.95,Credit Card,27-02-2025
Order for Bescom power supply bill today,Bills,6004.5,Debit Card,09-11-2025
Bought Cable TV network monthly operator fee with cash,Bills,7833.27,Cash,04-11-2025
Payment for Electricity bill payment Torrent Power through app,Bills,370.58,UPI,01-04-2025
Paid for IELTS language test exam fee via UPI,Education,14037.11,Net Banking,14-12-2025
Paid for Gourmet pasta at Italian cafe online,Food,13127.77,Credit Card,04-01-2025
Recent dominos cheese pizza via GPay,Food,2064.25,UPI,16-12-2025
Order for Running sports shoes from Nike store online,Shopping,1807.49,Credit Card,14-03-2025
Payment for Municipal property tax annual payment through app,Bills,8436.89,Net Banking,10-12-2025
Mineral water jar refill,Food,52.92,UPI,10-10-2025
Physics laboratory practical record file,Education,11731.83,UPI,24-08-2025
Bought Airport parking ticket fee online,Transportation,5025.38,Credit Card,19-10-2025
Paid for Dermatologist consultation for skin acne,Healthcare,7632.28,UPI,16-05-2025
Spent on Netflix monthly premium 4K subscription through app,Entertainment,3766.87,Cash,05-10-2025
Quick emergency hospital room casualty charges,Healthcare,3424.11,Cash,16-02-2025
Purchased CNG gas refill for vehicle via UPI,Transportation,2533.59,Debit Card,03-07-2025
Payment for Orthopedic doctor consultation for knee joint with cash,Healthcare,9983.35,Credit Card,07-01-2025
Paid for South Indian breakfast dosa and idli,Food,7448.57,UPI,08-08-2025
Order for Udemy python programming bootcamp with cash,Education,10749.32,Cash,20-06-2025
Spent on Escape room team mystery game ticket with cash,Entertainment,2700.79,Cash,07-09-2025
Paid for McDonalds burger meal via UPI,Food,9253.35,Debit Card,16-10-2025
Payment for School admission registration fee via UPI,Education,14148.32,Credit Card,17-10-2025
Order for Full body blood diagnostic test SRL Labs with cash,Healthcare,12212.66,UPI,18-07-2025
Payment for Popcorn and nachos combo at cinema hall through app,Entertainment,4531.71,Credit Card,02-03-2025
Purchased Ice cream tub from Naturals via UPI,Food,7306.29,UPI,02-10-2025
Payment for Women handbag and leather purse with cash,Shopping,5927.52,Net Banking,07-10-2025
Casual t-shirts pack from Zara with cash,Shopping,9814.37,Net Banking,24-08-2025
Order for House rental payment to landlord online,Bills,13791.8,UPI,15-07-2025
Spent on Adani electricity monthly bill today,Bills,1104.45,Debit Card,05-07-2025
Paid for Board game Catan purchase for game night through app,Entertainment,11655.93,Net Banking,10-02-2025
Payment for Full body blood diagnostic test SRL Labs online,Healthcare,3929.38,Net Banking,14-08-2025
Spent on Kitchen knife set and wooden chopping board today,Shopping,9945.04,Credit Card,07-04-2025
Quick kitchen knife set and wooden chopping board,Shopping,7849.45,Credit Card,03-03-2025
Order for Root canal treatment session at dentist using card,Healthcare,4035.69,Debit Card,08-04-2025
Paid for Physics laboratory practical record file today,Education,1335.85,Debit Card,07-07-2025
Board game Catan purchase for game night,Entertainment,13328.18,UPI,02-05-2025
Purchased Health insurance mediclaim annual premium online,Healthcare,1203.6,UPI,12-04-2025
Purchased Car engine oil change and service online,Transportation,9014.19,Net Banking,05-11-2025
Purchased Arcade video games timezone card recharge with cash,Entertainment,2045.47,Credit Card,20-04-2025
Bought Steam PC gaming summer sale purchase with cash,Entertainment,10599.88,Credit Card,13-01-2025
Bill payment for root canal treatment session at dentist,Healthcare,4083.06,Credit Card,17-08-2025
Spent on First aid antiseptic Dettol and bandages using card,Healthcare,9257.87,Cash,26-11-2025
Purchased Formal cotton shirt and denim jeans with cash,Shopping,14104.75,Net Banking,19-11-2025
Spent on IMAX 3D cinema ticket INOX online,Entertainment,12256.32,Cash,19-01-2025
Wireless bluetooth neckband earphones,Shopping,14232.88,Credit Card,21-07-2025
Bought Dr Lal Pathlabs CBC and thyroid test via UPI,Healthcare,13382.02,Debit Card,09-02-2025
Order for IELTS language test exam fee via UPI,Education,2381.35,Debit Card,12-11-2025
Purchased Women handbag and leather purse with cash,Shopping,9307.69,Cash,05-12-2025
Purchased Ray-Ban UV protection sunglasses through app,Shopping,14897.6,Cash,15-08-2025
Paid for Dr Lal Pathlabs CBC and thyroid test through app,Healthcare,11808.91,Cash,24-04-2025
Order for Street food pav bhaji and chaat online,Food,11395.99,Net Banking,28-12-2025
Bought Flipkart big billion days fashion shopping through app,Shopping,3721.08,Debit Card,04-09-2025
Spent on Flipkart big billion days fashion shopping today,Shopping,6670.98,Debit Card,26-05-2025
Expense on cafe coffee day cold coffee,Food,6912.02,Credit Card,15-05-2025
Order for Casual t-shirts pack from Zara via UPI,Shopping,4764.16,Net Banking,22-11-2025
Bought Pediatrician consultation for baby child using card,Healthcare,5393.33,Net Banking,13-06-2025
Order for Bowling alley game session at Smaaash,Entertainment,2706.04,Cash,16-08-2025
Charges paid for degree convocation certificate fee,Education,3577.45,Net Banking,17-03-2025
Paid for Momos and soup stall with cash,Food,5141.86,Cash,20-07-2025
Purchased Bicycle puncture repair and tube,Transportation,9804.88,Debit Card,26-08-2025
Purchased Udemy python programming bootcamp today,Education,5110.15,Cash,25-08-2025
Bought Municipal corporation water tax bill,Bills,3170.88,Cash,20-02-2025
Bought Dental clinic teeth cleaning and scaling via UPI,Healthcare,12844.75,Debit Card,22-01-2025
Spent on Amusement park ticket Imagicaa with cash,Entertainment,10173.66,Debit Card,17-09-2025
Payment for Escape room team mystery game ticket using card,Entertainment,321.49,Credit Card,14-03-2025
Purchased Toll plaza tax cash payment online,Transportation,8535.03,Debit Card,02-12-2025
Kitchen knife set and wooden chopping board using card,Shopping,3116.55,Cash,27-07-2025
Spent on Society monthly maintenance charges,Bills,12504.77,Credit Card,03-12-2025
Paid for University examination form fee,Education,5551.11,Cash,19-02-2025
Purchased CNG gas refill for vehicle through app,Transportation,7092.81,Net Banking,27-06-2025
Expense on bike tyre replacement mrf,Transportation,5089.89,Credit Card,22-11-2025
Expense on annual library membership renewal,Education,8612.09,Net Banking,28-11-2025
Purchased Scientific calculator Casio fx-991CW online,Education,13741.5,Net Banking,04-08-2025
Payment for Diagnostic chest X-ray digital scan online,Healthcare,7678.7,Debit Card,21-08-2025
Order for Vi Vodafone Idea recharge pack today,Bills,3838.71,UPI,21-12-2025
Quick cng gas refill for vehicle,Transportation,186.53,Cash,04-11-2025
Bought Eye doctor consultation and vision test through app,Healthcare,10026.12,UPI,27-07-2025
Physics laboratory practical record file with cash,Education,10131.39,Cash,09-03-2025
Order for Scientific calculator Casio fx-991CW using card,Education,14959.08,UPI,19-02-2025
Spent on Degree convocation certificate fee via UPI,Education,13677.09,Credit Card,27-01-2025
Spent on Scientific calculator Casio fx-991CW today,Education,5737.7,UPI,20-02-2025
Paid for Bedsheet set and cotton pillow covers using card,Shopping,8432.76,Credit Card,13-01-2025
Bought Dental clinic teeth cleaning and scaling online,Healthcare,7210.85,UPI,05-04-2025
Order for University examination form fee today,Education,3646.98,Debit Card,28-09-2025
Chinese noodles and fried rice with cash,Food,12791.12,Debit Card,26-11-2025
Degree convocation certificate fee,Education,13582.36,UPI,23-09-2025
Payment for Wireless bluetooth neckband earphones using card,Shopping,9739.96,Net Banking,10-02-2025
Spent on Breakfast buffet at hotel,Food,5225.09,Debit Card,07-12-2025
Online masterclass workshop on AI through app,Education,13144.49,Credit Card,28-11-2025
Spent on Tata Play DTH satellite dish recharge with cash,Bills,11347.32,Credit Card,13-08-2025
Charges paid for diagnostic chest x-ray digital scan,Healthcare,925.86,Debit Card,08-11-2025
Spent on Art museum gallery exhibition entry online,Entertainment,9370.61,Net Banking,11-11-2025
Order for GRE exam registration fee ETS with cash,Education,7190.14,Cash,25-11-2025
Spent on BSNL landline telephone bill through app,Bills,11000.02,Debit Card,21-09-2025
Payment for Chinese noodles and fried rice through app,Food,10905.77,Cash,19-06-2025
Expense on fastag highway toll recharge,Transportation,10466.3,Cash,21-11-2025
Spent on Momos and soup stall online,Food,13542.15,Cash,11-06-2025
Payment for Udemy python programming bootcamp,Education,13127.13,UPI,26-12-2025
Bought Women handbag and leather purse via UPI,Shopping,123.55,Credit Card,19-04-2025
Spent on Airtel broadband fiber bill payment with cash,Bills,13464.66,Cash,17-07-2025
Bought Makeup kit lipstick and foundation Nykaa through app,Shopping,9929.53,Net Banking,11-07-2025
Spent on LPG cooking gas cylinder refill Indane via UPI,Bills,2243.92,UPI,13-09-2025
Dinner with family at restaurant with cash,Food,11727.8,Debit Card,24-02-2025
Quick lpg cooking gas cylinder refill indane,Bills,10346.31,Net Banking,06-11-2025
Paid for KFC fried chicken through app,Food,8218.03,Credit Card,25-08-2025
Order for Subway sandwich lunch through app,Food,1367.7,Debit Card,08-06-2025
Order for Popcorn and nachos combo at cinema hall,Entertainment,12535.2,Credit Card,09-05-2025
Expense on allen career institute installment,Education,10878.5,UPI,28-06-2025
Diagnostic chest X-ray digital scan,Healthcare,13533.06,Debit Card,12-06-2025
Payment for Flipkart big billion days fashion shopping today,Shopping,13163.47,Debit Card,07-08-2025
Paid for GRE exam registration fee ETS via UPI,Education,11596.88,Cash,06-03-2025
Order for Weekend stand-up comedy live show ticket through app,Entertainment,329.81,Credit Card,22-08-2025
Bought Ethnic kurta pajama from Manyavar with cash,Shopping,11904.96,Net Banking,18-11-2025
Purchased Tata Play DTH satellite dish recharge using card,Bills,11750.06,UPI,26-02-2025
Bought Electric scooter charging fee today,Transportation,1104.84,Debit Card,21-12-2025
Spent on Breakfast buffet at hotel today,Food,6462.9,Net Banking,26-07-2025
Order for Casual t-shirts pack from Zara today,Shopping,12570.37,Debit Card,11-08-2025
Order for LPG cooking gas cylinder refill Indane using card,Bills,10041.93,Cash,17-10-2025
Order for Subway sandwich lunch online,Food,3571.04,Debit Card,11-05-2025
Bought Spotify music premium annual plan online,Entertainment,12947.38,Net Banking,05-07-2025
"Stationery notebook, registers and pens through app",Education,608.39,Debit Card,19-04-2025
Payment for Airtel postpaid monthly mobile bill via UPI,Bills,1838.65,Credit Card,25-11-2025
Purchased Bescom power supply bill through app,Bills,11924.71,UPI,17-04-2025
Payment for Winter jacket and woolen sweater today,Shopping,7733.54,Cash,15-03-2025
Paid for Flipkart big billion days fashion shopping today,Shopping,12595.98,UPI,01-07-2025
Payment for Online masterclass workshop on AI via UPI,Education,13974.01,Cash,19-09-2025
Spent on Bedsheet set and cotton pillow covers today,Shopping,815.81,Cash,16-07-2025
Paid for Adani electricity monthly bill today,Bills,12213.88,Debit Card,06-07-2025
Payment for Women handbag and leather purse today,Shopping,1660.58,Debit Card,18-08-2025
Spent on BSNL landline telephone bill via UPI,Bills,1674.32,Net Banking,10-10-2025
Payment for Night taxi fare back home online,Transportation,7654.8,Credit Card,16-08-2025
Paid for Medplus generic pharmacy medicine bill online,Healthcare,6795.92,Credit Card,16-12-2025
Order for IMAX 3D cinema ticket INOX,Entertainment,14258.75,Cash,23-06-2025
Payment for Helicopter shuttle ticket,Transportation,2787.41,Debit Card,26-08-2025
Purchased JioFiber high speed internet bill via UPI,Bills,1312.55,Net Banking,16-01-2025
Purchased Vi Vodafone Idea recharge pack today,Bills,5463.36,Credit Card,06-09-2025
Spent on Medicines purchased from Apollo Pharmacy through app,Healthcare,2127.01,Debit Card,10-08-2025
Piped natural gas PNG bill Adani Gas,Bills,13130.31,Cash,26-02-2025
Purchased Haldirams thali lunch through app,Food,369.22,Net Banking,12-12-2025
Order for Engineering textbooks and reference notes,Education,1554.86,UPI,26-12-2025
Bought Parking slip charges at shopping mall,Transportation,449.9,Credit Card,13-10-2025
Paid for Solar rooftop maintenance service charge online,Bills,1365.68,Credit Card,11-10-2025
Payment for Solar rooftop maintenance service charge using card,Bills,7424.17,UPI,28-03-2025
Bill payment for chinese noodles and fried rice,Food,6717.87,Credit Card,02-10-2025
Haldirams thali lunch through app,Food,4843.62,Credit Card,02-09-2025
Paid for Bicycle puncture repair and tube online,Transportation,2271.88,Credit Card,06-01-2025
Order for South Indian breakfast dosa and idli,Food,1360.04,Cash,16-04-2025
Order for Municipal property tax annual payment with cash,Bills,7905.24,Credit Card,23-06-2025
Paid for Office formal leather shoes Bata using card,Shopping,7868.89,Net Banking,17-08-2025
Quick ayurvedic medicines from patanjali store,Healthcare,13884.37,UPI,14-03-2025
Paid for Eye doctor consultation and vision test today,Healthcare,319.37,UPI,24-03-2025
Paid for Medicines purchased from Apollo Pharmacy via UPI,Healthcare,5846.09,Debit Card,25-09-2025
Order for Auto rickshaw fare by meter with cash,Transportation,12898.28,Credit Card,15-11-2025
Adani electricity monthly bill using card,Bills,8024.66,UPI,25-03-2025
Spent on Eye doctor consultation and vision test today,Healthcare,3019.47,Debit Card,17-04-2025
Spent on Wireless bluetooth neckband earphones,Shopping,748.51,UPI,03-02-2025
Bought Subway train token using card,Transportation,2102.5,UPI,20-02-2025
Payment for Scientific calculator Casio fx-991CW through app,Education,5890.82,Cash,19-10-2025
Order for Water park entry ticket with locker,Entertainment,5670.83,Credit Card,19-06-2025
Order for Prepaid electricity smart meter recharge online,Bills,537.36,Credit Card,13-11-2025
University examination form fee through app,Education,13886.68,Net Banking,08-04-2025
Paid for Board game Catan purchase for game night via UPI,Entertainment,8104.21,Credit Card,05-03-2025
Metro smart card recharge using card,Transportation,1741.8,Net Banking,24-05-2025
Bill payment for disney+ hotstar sports subscription,Entertainment,7153.56,Cash,14-06-2025
Paid for Ethnic kurta pajama from Manyavar via UPI,Shopping,9920.5,UPI,03-03-2025
Purchased Scientific calculator Casio fx-991CW today,Education,4540.12,Debit Card,04-03-2025
Purchased Airport parking ticket fee through app,Transportation,7513.2,Debit Card,24-06-2025
Order for Prepaid electricity smart meter recharge,Bills,4209.93,Cash,11-02-2025
Residential garbage collection charge via UPI,Bills,5895.44,Credit Card,08-06-2025
Payment for Mineral water jar refill online,Food,374.44,Debit Card,18-09-2025
Order for Piped natural gas PNG bill Adani Gas online,Bills,14305.03,UPI,27-12-2025
Bill payment for netflix monthly premium 4k subscription,Entertainment,2838.0,UPI,04-12-2025
Payment for Dermatologist consultation for skin acne today,Healthcare,4898.28,Net Banking,27-09-2025
IELTS language test exam fee through app,Education,12460.46,Net Banking,13-10-2025
Paid for Medical entrance coaching class fee through app,Education,1977.01,Cash,04-02-2025
Spent on Water park entry ticket with locker via UPI,Entertainment,7108.79,Net Banking,26-08-2025
Paid for Metro smart card recharge,Transportation,12722.06,Net Banking,14-08-2025
Bought Subway train token with cash,Transportation,908.3,Debit Card,18-08-2025
Spent on Tata Play DTH satellite dish recharge online,Bills,12731.04,Debit Card,23-03-2025
Order for Piped natural gas PNG bill Adani Gas via UPI,Bills,14924.03,Cash,17-09-2025
Bought Solar rooftop maintenance service charge with cash,Bills,8719.37,UPI,18-12-2025
IndiGo domestic flight ticket today,Transportation,7796.65,Debit Card,25-08-2025
Bought Office formal leather shoes Bata online,Shopping,12286.67,UPI,08-06-2025
Order for Discord Nitro monthly renewal with cash,Entertainment,8651.74,Cash,04-11-2025
Paid for Prepaid electricity smart meter recharge today,Bills,2299.9,Credit Card,19-11-2025
Paid for Instamart snacks and cold drinks through app,Food,3031.87,Debit Card,11-05-2025
Bought Piped natural gas PNG bill Adani Gas using card,Bills,13197.69,Credit Card,05-05-2025
Expense on spotify music premium annual plan,Entertainment,12342.58,Credit Card,12-11-2025
Purchased Bus ticket conductor cash payment with cash,Transportation,11094.78,Net Banking,16-08-2025
Purchased Wireless bluetooth neckband earphones,Shopping,7514.74,Debit Card,12-12-2025
Order for Starbucks cold brew coffee via UPI,Food,8453.97,Cash,02-07-2025
Purchased Tutor private tuition fee for maths today,Education,5748.38,Debit Card,23-02-2025
Spent on Dermatologist consultation for skin acne via UPI,Healthcare,445.32,UPI,14-08-2025
Spent on Smartwatch fitness tracker noise,Shopping,148.42,Cash,15-01-2025
Paid for Society monthly maintenance charges,Bills,12031.78,UPI,28-02-2025
Recent kindle academic ebook purchase via GPay,Education,1975.36,UPI,02-04-2025
Payment for Medplus generic pharmacy medicine bill through app,Healthcare,1579.78,Debit Card,28-12-2025
Bought Adani electricity monthly bill using card,Bills,14273.96,Debit Card,09-09-2025
Wireless bluetooth neckband earphones through app,Shopping,3403.75,Net Banking,03-03-2025
Charges paid for municipal corporation water tax bill,Bills,1438.13,Credit Card,17-10-2025
Bought First aid antiseptic Dettol and bandages with cash,Healthcare,5697.82,UPI,04-11-2025
Annual library membership renewal today,Education,13433.18,Net Banking,15-07-2025
Spent on McDonalds burger meal via UPI,Food,13534.02,Credit Card,08-09-2025
Payment for Airport parking ticket fee online,Transportation,7559.89,Credit Card,07-10-2025
Order for BookMyShow movie ticket PVR Cinemas through app,Entertainment,4525.09,Net Banking,07-07-2025
Order for Leather wallet and formal belt through app,Shopping,4470.99,UPI,12-01-2025
Order for Home decor flower vase and curtains online,Shopping,4723.39,UPI,13-12-2025
Payment for Spotify music premium annual plan online,Entertainment,6119.45,Cash,17-08-2025
FASTag highway toll recharge,Transportation,215.15,Debit Card,28-07-2025
Payment for IndiGo domestic flight ticket using card,Transportation,14138.92,UPI,04-12-2025
Spent on GRE exam registration fee ETS via UPI,Education,6262.99,Net Banking,03-04-2025
Bought Kindle academic ebook purchase via UPI,Education,3113.11,Debit Card,27-02-2025
Recent winter jacket and woolen sweater via GPay,Shopping,9080.02,Credit Card,18-06-2025
Bought Adani electricity monthly bill through app,Bills,6137.57,Debit Card,05-06-2025
Order for Ola cab to airport via UPI,Transportation,11990.32,UPI,28-03-2025
Payment for Leather wallet and formal belt with cash,Shopping,13525.36,UPI,23-01-2025
Purchased Makeup kit lipstick and foundation Nykaa with cash,Shopping,1691.36,Debit Card,21-05-2025
Bought Prepaid electricity smart meter recharge with cash,Bills,8846.44,UPI,11-12-2025
Order for Wireless bluetooth neckband earphones today,Shopping,12895.03,UPI,26-10-2025
Purchased Car engine oil change and service using card,Transportation,14905.26,Debit Card,25-01-2025
Order for Chinese noodles and fried rice through app,Food,5609.06,Credit Card,02-07-2025
Paid for Car wash and interior vacuuming online,Transportation,6894.53,Credit Card,23-10-2025
Spent on GRE exam registration fee ETS through app,Education,12936.37,UPI,14-04-2025
Order for Smartwatch fitness tracker noise using card,Shopping,1926.43,Credit Card,11-02-2025
Spent on Commercial office space rent with cash,Bills,1813.02,Credit Card,02-10-2025
Payment for Prepaid electricity smart meter recharge,Bills,2712.82,Net Banking,23-05-2025
Paid for FASTag highway toll recharge online,Transportation,3473.7,Debit Card,11-04-2025
Payment for Zomato pizza order via UPI,Food,9464.92,Credit Card,21-11-2025
Paid for Bedsheet set and cotton pillow covers through app,Shopping,8682.69,Debit Card,10-02-2025
Tata Play DTH satellite dish recharge through app,Bills,9995.65,Net Banking,22-08-2025
Quick bookmyshow movie ticket pvr cinemas,Entertainment,8821.11,UPI,08-09-2025
Order for Biryani combo meal from Behrouz with cash,Food,14026.12,Cash,15-03-2025
Purchased Robotics kit and Arduino components for college project online,Education,6470.8,Debit Card,16-01-2025
BSNL landline telephone bill today,Bills,13242.24,Net Banking,09-01-2025
Escape room team mystery game ticket online,Entertainment,2868.85,UPI,01-06-2025
Paid for Parking slip charges at shopping mall online,Transportation,3742.18,UPI,06-01-2025
Bought FASTag highway toll recharge via UPI,Transportation,14363.47,Cash,18-04-2025
Spent on Night taxi fare back home,Transportation,1218.48,Debit Card,08-02-2025
Spent on Escape room team mystery game ticket via UPI,Entertainment,3354.12,Debit Card,03-11-2025
Purchased Discord Nitro monthly renewal using card,Entertainment,6371.63,Net Banking,15-03-2025
Purchased Formal cotton shirt and denim jeans via UPI,Shopping,7729.31,Debit Card,06-11-2025
Bowling alley game session at Smaaash using card,Entertainment,9088.79,Debit Card,06-06-2025
Payment for PlayStation Network PS5 game purchase with cash,Entertainment,1604.52,Cash,04-09-2025
Paid for Discord Nitro monthly renewal,Entertainment,10894.82,Debit Card,21-03-2025
Purchased Swiggy food delivery through app,Food,151.17,Net Banking,11-10-2025
Charges paid for subway sandwich lunch,Food,125.2,Cash,13-09-2025
Payment for Perfume bottle and deodorant spray online,Shopping,11760.38,Debit Card,06-06-2025
Paid for Night taxi fare back home today,Transportation,9935.54,Credit Card,08-11-2025
Dermatologist consultation for skin acne through app,Healthcare,12993.69,Credit Card,28-06-2025
Charges paid for multivitamin tablets and zinc supplements,Healthcare,9956.77,Net Banking,12-09-2025
Purchased Eye doctor consultation and vision test with cash,Healthcare,9848.82,Net Banking,01-04-2025
Order for Winter jacket and woolen sweater with cash,Shopping,2375.33,Net Banking,09-02-2025
Paid for Sewage and drainage municipal cess via UPI,Bills,1185.23,UPI,03-12-2025
Purchased Sweets and farsan from sweet shop through app,Food,3035.01,Credit Card,28-05-2025
Payment for Music concert festival pass today,Entertainment,4429.86,Cash,18-01-2025
Payment for MRI brain scan diagnostic center fee,Healthcare,10780.63,Net Banking,16-07-2025
Payment for Health insurance mediclaim annual premium today,Healthcare,2350.55,Credit Card,17-11-2025
JioFiber high speed internet bill online,Bills,1142.17,Net Banking,04-08-2025
Paid for Spectacles frame and prescription lenses Lenskart using card,Healthcare,2326.79,Debit Card,20-08-2025
Purchased Airtel postpaid monthly mobile bill today,Bills,5475.95,Debit Card,19-08-2025
Bought Breakfast buffet at hotel,Food,524.44,Net Banking,06-03-2025
Payment for McDonalds burger meal today,Food,3273.06,Credit Card,23-06-2025
Purchased Street food pav bhaji and chaat using card,Food,4873.78,Credit Card,12-09-2025
Purchased Steam PC gaming summer sale purchase with cash,Entertainment,10292.23,Debit Card,19-11-2025
Order for Dental clinic teeth cleaning and scaling,Healthcare,7663.04,Net Banking,05-11-2025
Spent on Biryani combo meal from Behrouz,Food,1159.3,Credit Card,13-03-2025
Order for Gourmet pasta at Italian cafe with cash,Food,9544.1,Cash,09-03-2025
Purchased Spectacles frame and prescription lenses Lenskart online,Healthcare,11232.45,UPI,20-10-2025
Sweets and farsan from sweet shop online,Food,12809.56,Credit Card,05-05-2025
Payment for Adani electricity monthly bill using card,Bills,6235.97,Credit Card,28-03-2025
Bought BookMyShow movie ticket PVR Cinemas with cash,Entertainment,2514.28,UPI,13-03-2025
Order for Car engine oil change and service with cash,Transportation,10484.61,Debit Card,04-09-2025
Order for Sewage and drainage municipal cess,Bills,5881.44,Net Banking,08-05-2025
Waffle and dessert parlour via UPI,Food,13720.3,UPI,25-04-2025
Purchased Perfume bottle and deodorant spray using card,Shopping,5932.94,Debit Card,21-06-2025
Paid for Night taxi fare back home using card,Transportation,7594.36,Debit Card,14-11-2025
Payment for LPG cooking gas cylinder refill Indane through app,Bills,3051.78,Cash,02-08-2025
Charges paid for scientific calculator casio fx-991cw,Education,959.0,UPI,07-09-2025
Purchased Smartwatch fitness tracker noise today,Shopping,14787.12,Net Banking,10-02-2025
Order for Airtel postpaid monthly mobile bill with cash,Bills,6576.41,Credit Card,05-11-2025
School uniform and formal shoes with cash,Education,11336.7,UPI,18-10-2025
Recent degree convocation certificate fee via GPay,Education,8710.23,Cash,08-03-2025
Payment for Cable TV network monthly operator fee,Bills,7339.33,Debit Card,17-08-2025
Bought Root canal treatment session at dentist,Healthcare,13128.08,Debit Card,10-07-2025
Bought Ola cab to airport with cash,Transportation,5897.02,UPI,05-09-2025
Payment for Mobile back cover and tempered glass screen using card,Shopping,5498.76,Credit Card,02-06-2025
Spent on Tata Play DTH satellite dish recharge through app,Bills,2711.29,Debit Card,28-08-2025
Spent on Residential garbage collection charge online,Bills,935.37,Net Banking,05-03-2025
Expense on amazon india online order for clothes,Shopping,12086.3,UPI,04-10-2025
Expense on two wheeler periodic servicing,Transportation,4548.72,Net Banking,05-08-2025
Payment for GRE exam registration fee ETS online,Education,11669.42,Net Banking,18-03-2025
Bought Kindle academic ebook purchase,Education,8224.64,Debit Card,20-07-2025
Paid for Formal cotton shirt and denim jeans using card,Shopping,1088.27,Net Banking,14-01-2025
Bought JioFiber high speed internet bill online,Bills,4128.35,Credit Card,06-05-2025
Purchased Airport parking ticket fee with cash,Transportation,8158.43,Debit Card,28-12-2025
Payment for IELTS language test exam fee today,Education,4010.38,Cash,05-12-2025
Order for IRCTC train ticket booking to Mumbai with cash,Transportation,11157.37,Net Banking,21-11-2025
Order for Homeopathy clinic consultation and pills,Healthcare,7913.83,Debit Card,20-10-2025
Paid for Bescom power supply bill online,Bills,10105.51,Cash,14-07-2025
Order for Diagnostic chest X-ray digital scan using card,Healthcare,11373.0,Net Banking,04-11-2025
Spent on Formal cotton shirt and denim jeans with cash,Shopping,10426.49,Credit Card,09-09-2025
Expense on airtel postpaid monthly mobile bill,Bills,8368.77,Net Banking,08-07-2025
PlayStation Network PS5 game purchase,Entertainment,13332.76,UPI,08-07-2025
Order for YouTube Premium family plan renewal,Entertainment,115.96,UPI,07-04-2025
Purchased Subway train token,Transportation,4777.82,Net Banking,07-06-2025
Bought Discord Nitro monthly renewal using card,Entertainment,8097.98,Net Banking,18-07-2025
Payment for Airtel broadband fiber bill payment via UPI,Bills,4431.33,Credit Card,11-04-2025
Purchased Uber cab ride to office using card,Transportation,11209.18,Debit Card,28-07-2025
Recent kitchen knife set and wooden chopping board via GPay,Shopping,2345.26,Credit Card,13-08-2025
Bought Momos and soup stall online,Food,14959.11,Credit Card,22-09-2025
Order for Egg and bread breakfast using card,Food,12284.74,Credit Card,10-01-2025
Bike tyre replacement MRF via UPI,Transportation,1096.19,UPI,12-09-2025
Paid for Coursera professional certificate course today,Education,10519.03,UPI,18-08-2025
Order for GRE exam registration fee ETS,Education,12631.57,Debit Card,06-09-2025
Paid for Arcade video games timezone card recharge,Entertainment,11988.32,Credit Card,24-05-2025
Quick late night snacks delivery,Food,5720.18,Credit Card,08-08-2025
Order for Vaccination booster injection dose clinic with cash,Healthcare,13815.67,Net Banking,02-02-2025
Paid for Metro smart card recharge through app,Transportation,12651.5,UPI,03-07-2025
Bill payment for parking slip charges at shopping mall,Transportation,1320.23,Credit Card,16-10-2025
Order for Ray-Ban UV protection sunglasses through app,Shopping,1178.39,Cash,11-09-2025
Spent on Makeup kit lipstick and foundation Nykaa with cash,Shopping,5187.34,Net Banking,23-01-2025
Vi Vodafone Idea recharge pack using card,Bills,13943.99,Cash,16-03-2025
Paid for Bowling alley game session at Smaaash using card,Entertainment,14178.81,Cash,24-08-2025
Order for Emergency hospital room casualty charges today,Healthcare,11747.76,Net Banking,21-04-2025
Paid for Laptop sleeve and water resistant backpack today,Shopping,8049.97,Cash,15-01-2025
"Bill payment for stationery notebook, registers and pens",Education,11924.15,Debit Card,22-06-2025
Payment for Kitchen knife set and wooden chopping board online,Shopping,6627.62,Net Banking,12-07-2025
Bought IELTS language test exam fee using card,Education,4650.56,Debit Card,28-05-2025
Flipkart big billion days fashion shopping through app,Shopping,2770.84,Net Banking,03-04-2025
Paid for MRI brain scan diagnostic center fee today,Healthcare,10288.42,Net Banking,22-06-2025
Purchased Commercial office space rent,Bills,14564.78,UPI,23-06-2025
Payment for Instamart snacks and cold drinks via UPI,Food,8002.57,Debit Card,14-04-2025
Auto rickshaw fare by meter online,Transportation,994.41,UPI,26-11-2025
Purchased Ayurvedic medicines from Patanjali store via UPI,Healthcare,3397.36,Cash,22-07-2025
Spectacles frame and prescription lenses Lenskart,Healthcare,6235.8,Cash,26-12-2025
Music concert festival pass,Entertainment,13496.41,Credit Card,23-04-2025
Paid for Multivitamin tablets and zinc supplements using card,Healthcare,8905.73,Debit Card,23-01-2025
Payment for Club entry fee Saturday night party online,Entertainment,1391.48,Credit Card,07-03-2025
Bought Zomato pizza order today,Food,4116.11,UPI,09-12-2025
Spent on IELTS language test exam fee today,Education,3645.22,UPI,17-10-2025
BSNL landline telephone bill with cash,Bills,12163.38,Cash,01-02-2025
Spotify music premium annual plan using card,Entertainment,13173.33,Credit Card,01-04-2025
Payment for Escape room team mystery game ticket via UPI,Entertainment,11432.37,UPI,02-01-2025
Purchased Gourmet pasta at Italian cafe through app,Food,2704.88,Net Banking,19-09-2025
Spent on Disney+ Hotstar sports subscription with cash,Entertainment,763.98,Cash,27-07-2025
Purchased Haldirams thali lunch,Food,10372.98,Net Banking,17-10-2025
Spent on KFC fried chicken online,Food,5012.99,Cash,20-08-2025
Payment for Sweets and farsan from sweet shop via UPI,Food,3782.67,Debit Card,27-04-2025
LPG cooking gas cylinder refill Indane via UPI,Bills,12227.87,Debit Card,20-10-2025
Dental clinic teeth cleaning and scaling via UPI,Healthcare,4724.33,Credit Card,23-08-2025
FASTag highway toll recharge online,Transportation,12792.57,Credit Card,13-07-2025
Order for Leather wallet and formal belt,Shopping,114.39,Net Banking,01-04-2025
Payment for Theater drama evening show ticket online,Entertainment,13397.18,Credit Card,10-04-2025
Quick airtel postpaid monthly mobile bill,Bills,12494.42,Cash,27-08-2025
Health insurance mediclaim annual premium,Healthcare,4174.96,Cash,12-07-2025
Payment for Multivitamin tablets and zinc supplements via UPI,Healthcare,8089.02,Credit Card,08-11-2025
Bought IMAX 3D cinema ticket INOX,Entertainment,2140.92,Net Banking,03-04-2025
"Stationery notebook, registers and pens",Education,9817.13,Credit Card,26-10-2025
Spent on Theater drama evening show ticket online,Entertainment,6238.1,Cash,26-10-2025
Bought Airtel broadband fiber bill payment through app,Bills,13831.5,Debit Card,15-04-2025
Cricket stadium match ticket IPL with cash,Entertainment,1010.27,UPI,06-03-2025
Spent on Dr Lal Pathlabs CBC and thyroid test today,Healthcare,1123.49,Debit Card,04-04-2025
Municipal corporation water tax bill online,Bills,188.41,UPI,14-05-2025
Order for Piped natural gas PNG bill Adani Gas through app,Bills,4404.02,UPI,08-07-2025
Order for Medicines purchased from Apollo Pharmacy online,Healthcare,12338.42,Credit Card,08-12-2025
Order for Municipal corporation water tax bill using card,Bills,14899.99,UPI,10-12-2025
Paid for Homeopathy clinic consultation and pills today,Healthcare,4980.97,Credit Card,09-02-2025
Purchased Parking slip charges at shopping mall via UPI,Transportation,3651.48,Credit Card,06-11-2025
Doctor consultation fee general physician today,Healthcare,9233.31,Debit Card,05-11-2025
Bought Airport parking ticket fee today,Transportation,1127.13,Credit Card,15-11-2025
Order for Kitchen knife set and wooden chopping board with cash,Shopping,89.96,Cash,09-10-2025
Allen career institute installment with cash,Education,13850.19,Cash,08-08-2025
Order for BSNL landline telephone bill,Bills,11903.31,Credit Card,26-06-2025
Paid for Zepto quick grocery order today,Food,7601.64,UPI,22-01-2025
Bought N95 masks and sanitizers pack via UPI,Healthcare,13241.65,Debit Card,07-09-2025
Bought Robotics kit and Arduino components for college project online,Education,8851.7,Net Banking,28-09-2025
Charges paid for perfume bottle and deodorant spray,Shopping,10446.98,Net Banking,22-07-2025
Paid for Escape room team mystery game ticket with cash,Entertainment,3807.15,Net Banking,25-02-2025
Bought Vaccination booster injection dose clinic online,Healthcare,4115.49,UPI,12-07-2025
Spent on Ray-Ban UV protection sunglasses online,Shopping,9830.38,UPI,21-07-2025
Spent on Robotics kit and Arduino components for college project through app,Education,83.64,UPI,03-05-2025
Paid for Club entry fee Saturday night party today,Entertainment,1832.43,Net Banking,17-01-2025
Bought Two wheeler periodic servicing using card,Transportation,14557.26,UPI,24-09-2025
Order for Haldirams thali lunch today,Food,3099.81,Cash,02-06-2025
Paid for Art museum gallery exhibition entry using card,Entertainment,2050.63,Debit Card,19-12-2025
Bought Gourmet pasta at Italian cafe via UPI,Food,13413.3,Cash,10-07-2025
Purchased Ethnic kurta pajama from Manyavar online,Shopping,10469.66,UPI,20-09-2025
Paid for IRCTC train ticket booking to Mumbai,Transportation,11553.24,Debit Card,08-08-2025
Paid for Physics laboratory practical record file using card,Education,11361.01,Debit Card,27-11-2025
Paid for Street food pav bhaji and chaat through app,Food,12237.48,Cash,17-11-2025
Paid for Night taxi fare back home online,Transportation,2836.68,Credit Card,07-08-2025
Purchased Airtel broadband fiber bill payment,Bills,12776.23,Credit Card,17-05-2025
Bought Bowling alley game session at Smaaash with cash,Entertainment,2874.2,Cash,18-01-2025
Purchased Late night snacks delivery,Food,477.14,Debit Card,28-06-2025
Order for Amazon India online order for clothes with cash,Shopping,13119.96,UPI,09-01-2025
Expense on bedsheet set and cotton pillow covers,Shopping,4723.86,Debit Card,28-05-2025
Bought Chai and samosa at tea stall today,Food,13772.63,UPI,02-11-2025
Quick car engine oil change and service,Transportation,12969.29,Credit Card,22-07-2025
Payment for Netflix monthly premium 4K subscription via UPI,Entertainment,4120.7,Debit Card,19-11-2025
Spent on IELTS language test exam fee through app,Education,6705.36,Cash,03-07-2025
Order for Spotify music premium annual plan through app,Entertainment,4425.48,Debit Card,02-08-2025
Spent on Scientific calculator Casio fx-991CW using card,Education,8223.34,UPI,17-10-2025
Payment for Theater drama evening show ticket through app,Entertainment,13130.26,UPI,11-08-2025
Purchased MRI brain scan diagnostic center fee with cash,Healthcare,10151.64,Net Banking,01-09-2025
Jio prepaid mobile phone recharge via UPI,Bills,5573.26,Debit Card,04-08-2025
Purchased Art museum gallery exhibition entry with cash,Entertainment,4809.17,UPI,16-02-2025
Expense on physics laboratory practical record file,Education,13258.82,Net Banking,14-09-2025
Quick orthopedic doctor consultation for knee joint,Healthcare,13760.19,Cash,25-02-2025
Payment for College semester tuition fee with cash,Education,734.59,Cash,09-03-2025
Expense on adani electricity monthly bill,Bills,1409.75,Debit Card,17-10-2025
Bought Pediatrician consultation for baby child,Healthcare,10145.92,Credit Card,24-03-2025
Payment for School uniform and formal shoes using card,Education,389.89,Cash,22-09-2025
Spent on Lunch at office cafeteria with cash,Food,4542.49,UPI,18-10-2025
Payment for Cricket stadium match ticket IPL today,Entertainment,8145.21,Debit Card,23-07-2025
Order for Airtel Digital TV subscription with cash,Bills,6773.82,Net Banking,10-08-2025
Payment for Airtel postpaid monthly mobile bill using card,Bills,6626.64,Net Banking,02-06-2025
Robotics kit and Arduino components for college project through app,Education,1551.51,Net Banking,25-01-2025
Bought BookMyShow movie ticket PVR Cinemas,Entertainment,3678.77,Net Banking,13-04-2025
Purchased Escape room team mystery game ticket through app,Entertainment,1936.95,Net Banking,22-03-2025
Purchased Homeopathy clinic consultation and pills via UPI,Healthcare,11772.86,UPI,17-03-2025
Bought Women handbag and leather purse,Shopping,3613.13,Debit Card,15-01-2025
Quick escape room team mystery game ticket,Entertainment,9336.49,Net Banking,20-08-2025
Payment for Board game Catan purchase for game night using card,Entertainment,8206.39,Credit Card,20-06-2025
Payment for IRCTC train ticket booking to Mumbai,Transportation,10858.78,Net Banking,14-11-2025
Payment for Airtel Digital TV subscription online,Bills,11137.89,Cash,07-08-2025
YouTube Premium family plan renewal using card,Entertainment,5418.4,Cash,12-02-2025
Bought Airtel Digital TV subscription,Bills,7447.76,Net Banking,10-08-2025
Purchased Bicycle puncture repair and tube through app,Transportation,6354.75,Credit Card,05-07-2025
Purchased Diesel fuel for car at BPCL through app,Transportation,7639.16,Cash,22-06-2025
Payment for Mobile back cover and tempered glass screen via UPI,Shopping,3962.28,UPI,17-08-2025
Spent on Residential garbage collection charge with cash,Bills,10706.96,Credit Card,13-10-2025
Purchased BookMyShow movie ticket PVR Cinemas today,Entertainment,2795.82,Credit Card,03-11-2025
Spent on Airtel Digital TV subscription through app,Bills,11581.52,Debit Card,11-10-2025
Steam PC gaming summer sale purchase,Entertainment,7475.24,UPI,23-12-2025
Bought Medical entrance coaching class fee using card,Education,6476.95,Cash,07-05-2025
Expense on ola cab to airport,Transportation,14918.75,Credit Card,18-11-2025
Purchased GRE exam registration fee ETS through app,Education,4223.67,Debit Card,20-04-2025
Kindle academic ebook purchase using card,Education,13623.66,UPI,20-11-2025
Bill payment for bsnl landline telephone bill,Bills,4936.55,Debit Card,01-10-2025
Paid for Art museum gallery exhibition entry through app,Entertainment,5491.48,Cash,25-05-2025
Order for Car wash and interior vacuuming through app,Transportation,1531.04,UPI,06-06-2025
Purchased Board game Catan purchase for game night today,Entertainment,9631.71,Cash,07-08-2025
Payment for School admission registration fee,Education,3342.55,UPI,10-01-2025
Payment for Dominos cheese pizza through app,Food,14589.76,Credit Card,23-05-2025
Bought Waffle and dessert parlour with cash,Food,1083.92,Net Banking,22-08-2025
Order for Mumbai local train monthly pass today,Transportation,2178.27,Credit Card,10-03-2025
Spent on Intercity bus ticket via RedBus today,Transportation,3426.97,Net Banking,22-12-2025
Theater drama evening show ticket through app,Entertainment,10341.29,Credit Card,27-11-2025
Paid for Hostel accommodation and mess fee with cash,Education,4367.02,Credit Card,18-05-2025
Paid for Cafe coffee day cold coffee today,Food,2402.49,Cash,23-02-2025
Payment for Piped natural gas PNG bill Adani Gas through app,Bills,13889.47,Credit Card,25-07-2025
Quick imax 3d cinema ticket inox,Entertainment,2171.65,UPI,19-05-2025
Paid for Momos and soup stall online,Food,11105.41,Credit Card,24-11-2025
Paid for Bakery fresh bread and cake through app,Food,5897.46,Cash,23-09-2025
Purchased Self drive car rental Zoomcar using card,Transportation,1822.89,Debit Card,02-09-2025
Spent on Online masterclass workshop on AI through app,Education,11404.44,Net Banking,03-09-2025
Municipal property tax annual payment today,Bills,11081.96,Cash,16-01-2025
Payment for Mumbai local train monthly pass,Transportation,9904.41,Net Banking,05-10-2025
Payment for Ray-Ban UV protection sunglasses using card,Shopping,325.51,Credit Card,04-07-2025
Purchased Non-stick cookware fry pan Hawkins through app,Shopping,2282.72,UPI,16-03-2025
Order for Weekend stand-up comedy live show ticket using card,Entertainment,8645.84,UPI,11-09-2025
Payment for Root canal treatment session at dentist through app,Healthcare,454.65,UPI,24-11-2025
Dominos cheese pizza online,Food,1636.73,Debit Card,20-02-2025
Bought Women handbag and leather purse with cash,Shopping,10120.48,Debit Card,14-06-2025
Casual t-shirts pack from Zara online,Shopping,4377.52,UPI,08-05-2025
Purchased Municipal property tax annual payment,Bills,7391.99,Debit Card,08-04-2025
Doctor consultation fee general physician online,Healthcare,6819.68,Net Banking,23-03-2025
Order for Full body blood diagnostic test SRL Labs today,Healthcare,5032.19,Credit Card,10-03-2025
Netflix monthly premium 4K subscription online,Entertainment,9227.05,Net Banking,25-09-2025
Purchased YouTube Premium family plan renewal,Entertainment,12952.23,Net Banking,06-10-2025
Spent on LPG cooking gas cylinder refill Indane with cash,Bills,10386.98,Net Banking,25-05-2025
Purchased Kitchen knife set and wooden chopping board via UPI,Shopping,14719.19,Net Banking,22-03-2025
Payment for Airport parking ticket fee with cash,Transportation,13264.78,Debit Card,21-05-2025
Paid for N95 masks and sanitizers pack via UPI,Healthcare,9940.95,Debit Card,26-10-2025
Order for Diesel fuel for car at BPCL online,Transportation,3070.08,Net Banking,07-11-2025
Spent on Vi Vodafone Idea recharge pack through app,Bills,11360.64,Credit Card,09-12-2025
Bought Airtel postpaid monthly mobile bill,Bills,12338.0,Cash,16-12-2025
Recent playstation network ps5 game purchase via GPay,Entertainment,11909.53,Net Banking,15-04-2025
Bill payment for youtube premium family plan renewal,Entertainment,1652.38,UPI,22-07-2025
Bought Street food pav bhaji and chaat using card,Food,2267.44,Credit Card,12-07-2025
Order for Swiggy food delivery via UPI,Food,5229.03,UPI,11-01-2025
Leather wallet and formal belt,Shopping,459.82,Credit Card,02-04-2025
Quick airtel digital tv subscription,Bills,1222.75,UPI,08-10-2025
Bought Self drive car rental Zoomcar with cash,Transportation,12315.38,Credit Card,06-01-2025
Purchased Kitchen knife set and wooden chopping board today,Shopping,2371.63,Credit Card,06-05-2025
Recent root canal treatment session at dentist via GPay,Healthcare,7154.14,Cash,23-12-2025
Paid for Popcorn and nachos combo at cinema hall,Entertainment,5196.72,Credit Card,14-02-2025
Paid for Annual library membership renewal through app,Education,13222.39,UPI,02-12-2025
Spent on Doctor consultation fee general physician online,Healthcare,6036.83,Debit Card,19-11-2025
Paid for Arcade video games timezone card recharge online,Entertainment,6268.13,Cash,02-11-2025
Payment for Disney+ Hotstar sports subscription using card,Entertainment,11724.53,Credit Card,17-07-2025
Order for Physiotherapy rehabilitation session online,Healthcare,4593.79,Debit Card,12-07-2025
Order for Pediatrician consultation for baby child,Healthcare,4521.16,Credit Card,16-12-2025
Paid for Zomato pizza order with cash,Food,2973.45,UPI,05-05-2025
Purchased Society monthly maintenance charges online,Bills,5242.82,Credit Card,04-05-2025
Bought School admission registration fee using card,Education,13104.66,UPI,08-02-2025
Spent on Disney+ Hotstar sports subscription using card,Entertainment,3595.09,Debit Card,18-12-2025
Order for Bike tyre replacement MRF through app,Transportation,7382.12,Debit Card,17-06-2025
Flipkart big billion days fashion shopping today,Shopping,4372.97,UPI,11-10-2025
Homeopathy clinic consultation and pills today,Healthcare,3677.03,Debit Card,02-07-2025
Purchased Theater drama evening show ticket via UPI,Entertainment,14078.82,Credit Card,15-08-2025
Order for Instamart snacks and cold drinks using card,Food,13157.66,Net Banking,09-04-2025
Order for Cable TV network monthly operator fee using card,Bills,7208.36,UPI,08-01-2025
Purchased Chai and samosa at tea stall,Food,5097.41,Cash,02-01-2025
Paid for Auto rickshaw fare by meter today,Transportation,6858.84,Cash,09-05-2025
Bought Parking slip charges at shopping mall using card,Transportation,5715.18,Cash,08-02-2025
Spent on Amazon Prime Video annual membership using card,Entertainment,6030.93,Credit Card,15-01-2025
Spent on Zomato pizza order via UPI,Food,6814.09,UPI,10-01-2025
Spent on Medicines purchased from Apollo Pharmacy,Healthcare,5395.15,UPI,24-11-2025
Expense on board game catan purchase for game night,Entertainment,8197.02,Net Banking,05-06-2025
Expense on running sports shoes from nike store,Shopping,12980.08,UPI,02-05-2025
Spent on Electric scooter charging fee online,Transportation,227.77,Cash,25-03-2025
Purchased Bescom power supply bill using card,Bills,10444.56,Debit Card,23-07-2025
Payment for Ice cream tub from Naturals through app,Food,1919.34,Net Banking,24-01-2025
Payment for Running sports shoes from Nike store,Shopping,7740.27,Credit Card,28-10-2025
Payment for House rental payment to landlord today,Bills,10763.54,Cash,21-11-2025
Spent on Flipkart big billion days fashion shopping using card,Shopping,11623.98,Net Banking,27-06-2025
Purchased Multivitamin tablets and zinc supplements with cash,Healthcare,6771.8,Cash,14-05-2025
Paid for Orthopedic doctor consultation for knee joint today,Healthcare,10793.15,Cash,15-02-2025
Bought Office formal leather shoes Bata today,Shopping,12795.86,Debit Card,20-10-2025
Payment for Art drawing book and acrylic colors,Education,12729.42,Credit Card,01-04-2025
Purchased Cricket stadium match ticket IPL,Entertainment,8607.71,UPI,19-04-2025
Order for Cricket stadium match ticket IPL online,Entertainment,12152.02,UPI,03-08-2025
Payment for Netflix monthly premium 4K subscription with cash,Entertainment,3965.76,Credit Card,15-01-2025
Bought Society monthly maintenance charges with cash,Bills,8128.52,UPI,23-03-2025
Payment for Morning coffee and cookies online,Food,8443.78,Cash,20-05-2025
Spent on Airtel broadband fiber bill payment today,Bills,14191.95,UPI,10-07-2025
Payment for Ethnic kurta pajama from Manyavar today,Shopping,8509.61,Net Banking,06-09-2025
Spent on Bedsheet set and cotton pillow covers online,Shopping,4621.37,Credit Card,22-10-2025
Payment for Medplus generic pharmacy medicine bill online,Healthcare,14271.61,Cash,05-03-2025
Purchased FASTag highway toll recharge via UPI,Transportation,9883.63,Net Banking,19-09-2025
Purchased N95 masks and sanitizers pack with cash,Healthcare,12982.22,Credit Card,11-06-2025
Paid for Amazon Prime Video annual membership,Entertainment,11328.26,Debit Card,04-12-2025
Purchased Swiggy food delivery today,Food,12134.16,Cash,04-01-2025
Payment for Engineering textbooks and reference notes,Education,14218.5,UPI,10-06-2025
Purchased Barbeque Nation buffet dinner with cash,Food,9203.84,UPI,10-11-2025
Spent on Diagnostic chest X-ray digital scan through app,Healthcare,14543.23,Debit Card,17-10-2025
Payment for Solar rooftop maintenance service charge via UPI,Bills,10629.18,Cash,04-09-2025
Bought Solar rooftop maintenance service charge online,Bills,12118.44,Cash,08-12-2025
IRCTC train ticket booking to Mumbai with cash,Transportation,6614.67,Net Banking,25-01-2025
Order for First aid antiseptic Dettol and bandages,Healthcare,4972.58,UPI,22-06-2025
Paid for Fresh vegetables and fruits from market online,Food,513.35,Credit Card,20-07-2025
Spent on Commercial office space rent through app,Bills,2323.16,Cash,14-04-2025
Bought College semester tuition fee through app,Education,2702.8,Net Banking,16-04-2025
Purchased Art drawing book and acrylic colors today,Education,8759.19,Credit Card,27-01-2025
Order for Ola cab to airport,Transportation,7808.23,Net Banking,28-05-2025
Paid for Engineering textbooks and reference notes online,Education,9095.82,Credit Card,25-08-2025
Payment for Home decor flower vase and curtains with cash,Shopping,5283.45,Debit Card,05-09-2025
Expense on protein whey powder isolate gym supplement,Healthcare,2416.94,Cash,09-06-2025
Recent dental clinic teeth cleaning and scaling via GPay,Healthcare,14045.73,Debit Card,05-11-2025
Order for School admission registration fee using card,Education,2052.2,UPI,03-05-2025
Spent on Mumbai local train monthly pass today,Transportation,6574.63,Net Banking,02-08-2025
Order for Casual t-shirts pack from Zara with cash,Shopping,11948.56,Credit Card,06-02-2025
Purchased School admission registration fee via UPI,Education,10197.27,Debit Card,01-06-2025
Purchased First aid antiseptic Dettol and bandages,Healthcare,6348.93,UPI,11-08-2025
Order for Eye doctor consultation and vision test online,Healthcare,405.5,Debit Card,11-01-2025
Toll plaza tax cash payment online,Transportation,12452.36,Debit Card,17-06-2025
Bought Orthopedic doctor consultation for knee joint,Healthcare,10315.64,Credit Card,27-04-2025
Order for Root canal treatment session at dentist today,Healthcare,10445.62,Cash,22-02-2025
Paid for Kitchen knife set and wooden chopping board through app,Shopping,4801.87,UPI,21-10-2025
Payment for YouTube Premium family plan renewal using card,Entertainment,1610.4,Credit Card,01-09-2025
Purchased Online masterclass workshop on AI through app,Education,5949.38,Cash,23-12-2025
Apartment clubhouse utility maintenance with cash,Bills,7070.04,Debit Card,23-04-2025
Order for Steam PC gaming summer sale purchase via UPI,Entertainment,12617.24,Net Banking,17-10-2025
Order for Protein whey powder isolate gym supplement online,Healthcare,6469.51,Debit Card,06-12-2025
Order for Spotify music premium annual plan via UPI,Entertainment,53.69,Debit Card,27-01-2025
Expense on car engine oil change and service,Transportation,1957.2,UPI,22-09-2025
Payment for Non-stick cookware fry pan Hawkins today,Shopping,11868.86,Net Banking,24-05-2025
Spent on Home decor flower vase and curtains,Shopping,6784.83,Debit Card,20-12-2025
Purchased Vi Vodafone Idea recharge pack online,Bills,7508.67,UPI,09-05-2025
Order for Dinner with family at restaurant using card,Food,14902.58,Credit Card,27-12-2025
Bought Orthopedic doctor consultation for knee joint today,Healthcare,9246.33,Net Banking,21-09-2025
Dental clinic teeth cleaning and scaling online,Healthcare,5826.9,Net Banking,11-09-2025
Juice bar fresh mango juice using card,Food,4987.22,Credit Card,02-05-2025
Charges paid for blinkit grocery delivery,Food,14635.91,UPI,09-07-2025
Payment for Women handbag and leather purse via UPI,Shopping,1955.3,Credit Card,13-07-2025
Spent on Intercity bus ticket via RedBus with cash,Transportation,1617.48,UPI,16-04-2025
Paid for CNG gas refill for vehicle online,Transportation,10717.78,Credit Card,28-10-2025
South Indian breakfast dosa and idli via UPI,Food,11704.19,Debit Card,28-09-2025
YouTube Premium family plan renewal through app,Entertainment,12712.35,UPI,14-08-2025
Charges paid for cng gas refill for vehicle,Transportation,5889.46,Net Banking,27-02-2025
Paid for Art drawing book and acrylic colors with cash,Education,14756.33,Debit Card,22-11-2025
Payment for Self drive car rental Zoomcar online,Transportation,1641.32,Net Banking,21-05-2025
Bought Car engine oil change and service using card,Transportation,11066.04,Net Banking,11-04-2025
Bought Ice cream tub from Naturals today,Food,854.69,Net Banking,17-02-2025
Purchased IMAX 3D cinema ticket INOX,Entertainment,5894.29,Credit Card,23-09-2025
Paid for Instamart snacks and cold drinks using card,Food,3352.38,Cash,04-08-2025
Quick vaccination booster injection dose clinic,Healthcare,5449.61,UPI,20-03-2025
Smartwatch fitness tracker noise via UPI,Shopping,8868.32,UPI,17-12-2025
Purchased Scientific calculator Casio fx-991CW through app,Education,1890.54,Cash,06-08-2025
Bought Leather wallet and formal belt online,Shopping,14286.88,Cash,25-10-2025
Order for Water park entry ticket with locker via UPI,Entertainment,12483.22,Debit Card,25-05-2025
Purchased Water park entry ticket with locker via UPI,Entertainment,12646.51,Debit Card,25-05-2025
Disney+ Hotstar sports subscription using card,Entertainment,10454.17,Net Banking,18-07-2025
Paid for IELTS language test exam fee using card,Education,10958.07,Cash,14-12-2025
Paid for Amazon Prime Video annual membership via UPI,Entertainment,10765.25,Credit Card,02-03-2025
Paid for University examination form fee with cash,Education,2010.36,UPI,26-06-2025
Purchased Leather wallet and formal belt through app,Shopping,8485.29,Debit Card,11-11-2025
"Paid for Milk, butter and dairy products",Food,302.52,UPI,18-01-2025
Spent on Weekend stand-up comedy live show ticket today,Entertainment,2346.48,Net Banking,03-07-2025
Payment for Tata Play DTH satellite dish recharge using card,Bills,4016.03,Credit Card,16-03-2025
Expense on medicines purchased from apollo pharmacy,Healthcare,5935.09,Cash,21-04-2025
Bought Prepaid electricity smart meter recharge via UPI,Bills,9439.88,UPI,22-02-2025
Bought IRCTC train ticket booking to Mumbai through app,Transportation,4912.17,Cash,06-07-2025
Spent on Medical entrance coaching class fee using card,Education,12975.14,Debit Card,02-03-2025
Bought Udemy python programming bootcamp today,Education,5376.07,UPI,12-03-2025
Spent on Delhi metro card topup via UPI,Transportation,2861.7,Debit Card,28-04-2025
Bought Bicycle puncture repair and tube using card,Transportation,14943.6,Net Banking,26-04-2025
Spent on Two-wheeler comprehensive insurance renewal,Transportation,4771.96,UPI,09-11-2025
YouTube Premium family plan renewal,Entertainment,2914.15,Net Banking,18-11-2025
Sweets and farsan from sweet shop with cash,Food,786.9,Net Banking,09-06-2025
Order for Helicopter shuttle ticket using card,Transportation,3582.84,UPI,14-12-2025
Paid for Juice bar fresh mango juice today,Food,8367.64,Cash,11-05-2025
Payment for Amazon India online order for clothes using card,Shopping,9548.58,Credit Card,21-06-2025
Paid for Self drive car rental Zoomcar today,Transportation,10189.32,Net Banking,23-08-2025
Payment for IRCTC train ticket booking to Mumbai online,Transportation,11782.6,Cash,22-03-2025
Dermatologist consultation for skin acne today,Healthcare,9091.05,Credit Card,01-04-2025
"Charges paid for stationery notebook, registers and pens",Education,926.78,UPI,20-06-2025
Spent on JioFiber high speed internet bill today,Bills,14562.95,Credit Card,25-09-2025
Paid for Health insurance mediclaim annual premium online,Healthcare,8030.79,Debit Card,28-02-2025
Spent on University examination form fee using card,Education,5385.47,Net Banking,16-10-2025
Home decor flower vase and curtains through app,Shopping,1589.52,Net Banking,27-10-2025
Ola cab to airport today,Transportation,4297.31,Credit Card,09-12-2025
Purchased Bus ticket conductor cash payment online,Transportation,10327.63,Debit Card,26-05-2025
Payment for Society monthly maintenance charges online,Bills,7237.61,Debit Card,07-11-2025
Paid for LPG cooking gas cylinder refill Indane via UPI,Bills,4538.7,Net Banking,11-09-2025
Dr Lal Pathlabs CBC and thyroid test using card,Healthcare,13678.64,UPI,03-05-2025
Bought Car wash and interior vacuuming,Transportation,886.08,Cash,12-12-2025
Orthopedic doctor consultation for knee joint,Healthcare,7891.65,UPI,17-10-2025
Bought N95 masks and sanitizers pack with cash,Healthcare,3226.91,Debit Card,14-09-2025
Bought Two-wheeler comprehensive insurance renewal through app,Transportation,2980.01,Credit Card,27-05-2025
Scientific calculator Casio fx-991CW using card,Education,10334.95,Net Banking,26-02-2025
Payment for Udemy python programming bootcamp through app,Education,8396.02,Cash,12-01-2025
Bought Sewage and drainage municipal cess using card,Bills,1527.66,Debit Card,17-02-2025
Paid for Morning coffee and cookies using card,Food,7376.88,Cash,06-09-2025
Purchased YouTube Premium family plan renewal via UPI,Entertainment,8901.83,Credit Card,01-09-2025
Paid for Netflix monthly premium 4K subscription through app,Entertainment,3271.05,Debit Card,15-01-2025
Payment for Late night snacks delivery via UPI,Food,7333.5,Debit Card,12-03-2025
Payment for Amazon India online order for clothes today,Shopping,6237.15,Credit Card,10-05-2025
Payment for Electric scooter charging fee through app,Transportation,9387.36,UPI,23-10-2025
Order for Leather wallet and formal belt via UPI,Shopping,405.44,UPI,11-05-2025
Engineering textbooks and reference notes with cash,Education,9391.36,UPI,14-12-2025
Purchased Municipal corporation water tax bill with cash,Bills,9547.69,Cash,10-10-2025
Payment for Full body blood diagnostic test SRL Labs with cash,Healthcare,11636.48,UPI,04-05-2025
Bought Protein whey powder isolate gym supplement,Healthcare,14939.15,Credit Card,08-03-2025
Spent on Sewage and drainage municipal cess using card,Bills,9126.18,Cash,17-08-2025
Order for Bicycle puncture repair and tube via UPI,Transportation,13093.02,Debit Card,09-11-2025
Payment for Solar rooftop maintenance service charge with cash,Bills,13345.87,Credit Card,21-06-2025
Bill payment for bus ticket conductor cash payment,Transportation,14022.81,UPI,17-04-2025
Bought Medical entrance coaching class fee with cash,Education,14012.95,UPI,09-12-2025
Recent art drawing book and acrylic colors via GPay,Education,11818.81,Credit Card,19-11-2025
Bought Eye doctor consultation and vision test,Healthcare,9532.87,UPI,09-09-2025
Residential garbage collection charge through app,Bills,8600.06,Net Banking,01-08-2025
Recent popcorn and nachos combo at cinema hall via GPay,Entertainment,896.13,Net Banking,23-10-2025
Order for Physics laboratory practical record file via UPI,Education,1875.36,Cash,09-02-2025
Paid for Art museum gallery exhibition entry,Entertainment,3722.42,UPI,13-08-2025
Subway sandwich lunch via UPI,Food,7129.11,Credit Card,10-12-2025
Casual t-shirts pack from Zara,Shopping,4019.72,UPI,19-10-2025
Spent on Medical entrance coaching class fee online,Education,12695.84,Cash,04-04-2025
IMAX 3D cinema ticket INOX using card,Entertainment,4035.8,Debit Card,03-08-2025
Expense on electricity bill payment torrent power,Bills,10639.89,Cash,11-02-2025
Breakfast buffet at hotel via UPI,Food,4258.69,Net Banking,13-07-2025
Rapido bike taxi ride through app,Transportation,3888.57,UPI,03-02-2025
Payment for Bescom power supply bill through app,Bills,533.22,Net Banking,28-09-2025
Payment for Arcade video games timezone card recharge online,Entertainment,5033.88,Net Banking,17-09-2025
Bought Netflix monthly premium 4K subscription via UPI,Entertainment,5768.38,Credit Card,07-12-2025
Purchased Shawarma roll street food online,Food,13894.33,Net Banking,23-12-2025
Bought Homeopathy clinic consultation and pills through app,Healthcare,8293.97,Credit Card,19-02-2025
Bought Smartwatch fitness tracker noise online,Shopping,464.25,Credit Card,12-02-2025
Amazon India online order for clothes through app,Shopping,7638.43,Cash,17-10-2025
Expense on water park entry ticket with locker,Entertainment,12591.04,Debit Card,04-10-2025
Paid for Intercity bus ticket via RedBus with cash,Transportation,2306.73,Cash,02-11-2025
Bought Office formal leather shoes Bata through app,Shopping,2534.15,Credit Card,24-05-2025
Full body blood diagnostic test SRL Labs online,Healthcare,14620.58,Credit Card,10-03-2025
Paid for Gourmet pasta at Italian cafe today,Food,14598.14,Debit Card,23-07-2025
Purchased Women handbag and leather purse via UPI,Shopping,8515.61,UPI,08-06-2025
Allen career institute installment via UPI,Education,7780.36,Cash,02-12-2025
Spent on Doctor consultation fee general physician today,Healthcare,13160.38,UPI,21-07-2025
Payment for Eye doctor consultation and vision test through app,Healthcare,6270.63,UPI,22-05-2025
Purchased Steam PC gaming summer sale purchase today,Entertainment,13158.74,Credit Card,13-09-2025
Bought Commercial office space rent today,Bills,8297.81,Credit Card,22-07-2025
Purchased Jio prepaid mobile phone recharge via UPI,Bills,3246.01,Cash,07-07-2025
Bought Dr Lal Pathlabs CBC and thyroid test,Healthcare,9244.15,Debit Card,05-03-2025
Bill payment for annual library membership renewal,Education,5764.21,Cash,24-05-2025
School annual sports and picnic fee through app,Education,11458.42,Cash,22-03-2025
Spent on School uniform and formal shoes today,Education,4943.53,Cash,09-06-2025
Spent on IMAX 3D cinema ticket INOX with cash,Entertainment,8746.73,Debit Card,27-08-2025
Quick amazon india online order for clothes,Shopping,14607.08,Debit Card,01-06-2025
Payment for Piped natural gas PNG bill Adani Gas,Bills,6425.81,Debit Card,05-01-2025
Payment for Office formal leather shoes Bata via UPI,Shopping,6328.63,UPI,15-09-2025
Paid for Orthopedic doctor consultation for knee joint via UPI,Healthcare,1980.59,Cash,11-11-2025
Paid for CNG gas refill for vehicle today,Transportation,9698.06,Debit Card,03-05-2025
Bought Steam PC gaming summer sale purchase,Entertainment,1541.4,Credit Card,04-01-2025
Purchased Auto rickshaw fare by meter online,Transportation,9367.33,UPI,22-09-2025
Spent on Bescom power supply bill today,Bills,6930.57,Net Banking,16-10-2025
Bill payment for home decor flower vase and curtains,Shopping,5220.11,UPI,17-09-2025
Payment for Vi Vodafone Idea recharge pack today,Bills,13058.89,Cash,03-03-2025
Payment for Commercial office space rent with cash,Bills,14365.74,Cash,04-12-2025
Order for First aid antiseptic Dettol and bandages through app,Healthcare,739.81,Cash,14-12-2025
Purchased Scientific calculator Casio fx-991CW via UPI,Education,4258.44,Credit Card,02-12-2025
Spent on Haldirams thali lunch through app,Food,4350.2,UPI,13-07-2025
Order for Jio prepaid mobile phone recharge online,Bills,3944.56,Credit Card,08-06-2025
Spent on Physics laboratory practical record file today,Education,8363.55,Cash,17-03-2025
Spent on Blinkit grocery delivery through app,Food,2955.18,Credit Card,22-10-2025
"Purchased Milk, butter and dairy products today",Food,3919.37,UPI,01-02-2025
Order for Coursera professional certificate course via UPI,Education,14867.15,Debit Card,01-06-2025
Diesel fuel for car at BPCL via UPI,Transportation,13570.33,Credit Card,21-09-2025
Order for Medicines purchased from Apollo Pharmacy with cash,Healthcare,2605.18,UPI,13-11-2025
Bill payment for haldirams thali lunch,Food,3044.64,UPI,24-12-2025
Payment for Robotics kit and Arduino components for college project via UPI,Education,6505.75,UPI,27-03-2025
Recent university examination form fee via GPay,Education,13579.56,Net Banking,12-05-2025
Order for Packaged drinking water bottle today,Food,1738.42,Net Banking,15-01-2025
Order for Supermarket monthly ration purchase through app,Food,12255.98,Credit Card,19-02-2025
Spent on Street food pav bhaji and chaat through app,Food,5771.81,Net Banking,06-06-2025
School annual sports and picnic fee with cash,Education,176.92,Cash,14-08-2025
Bought Helicopter shuttle ticket with cash,Transportation,6180.94,Credit Card,09-04-2025
Home decor flower vase and curtains using card,Shopping,571.16,UPI,07-06-2025
Payment for Escape room team mystery game ticket through app,Entertainment,11932.12,Credit Card,12-10-2025
Order for Residential garbage collection charge with cash,Bills,9208.5,Debit Card,21-08-2025
Payment for Kitchen knife set and wooden chopping board,Shopping,9520.65,Debit Card,01-06-2025
Bought Adani electricity monthly bill via UPI,Bills,5837.52,Net Banking,23-03-2025
Purchased Waffle and dessert parlour today,Food,3621.27,Cash,22-03-2025
Purchased Apartment clubhouse utility maintenance with cash,Bills,8302.04,UPI,24-04-2025
Paid for Kindle academic ebook purchase with cash,Education,13744.19,UPI,12-05-2025
Purchased Robotics kit and Arduino components for college project via UPI,Education,4290.56,Cash,04-12-2025
Purchased Vaccination booster injection dose clinic today,Healthcare,5733.72,UPI,18-04-2025
Recent steam pc gaming summer sale purchase via GPay,Entertainment,10727.37,Net Banking,17-12-2025
Bought Airtel Digital TV subscription via UPI,Bills,14704.98,UPI,11-11-2025
Purchased Art museum gallery exhibition entry using card,Entertainment,9088.79,Debit Card,13-11-2025
Order for Bus ticket conductor cash payment online,Transportation,6209.32,Credit Card,04-04-2025
Paid for GRE exam registration fee ETS with cash,Education,11014.93,UPI,15-08-2025
Order for Root canal treatment session at dentist via UPI,Healthcare,11231.67,Credit Card,10-04-2025
MRI brain scan diagnostic center fee online,Healthcare,2438.15,Debit Card,27-10-2025
Order for First aid antiseptic Dettol and bandages today,Healthcare,7172.34,UPI,03-05-2025
Paid for First aid antiseptic Dettol and bandages using card,Healthcare,14303.29,Credit Card,19-06-2025
School admission registration fee through app,Education,11776.7,Cash,15-04-2025
Purchased BSNL landline telephone bill today,Bills,1806.23,Credit Card,12-10-2025
Recent multivitamin tablets and zinc supplements via GPay,Healthcare,1687.26,Debit Card,13-10-2025
Charges paid for netflix monthly premium 4k subscription,Entertainment,3205.4,UPI,13-04-2025
Paid for Car wash and interior vacuuming through app,Transportation,6794.71,Net Banking,14-06-2025
Paid for Solar rooftop maintenance service charge through app,Bills,5089.88,Cash,09-04-2025
Purchased Allen career institute installment via UPI,Education,3024.52,Credit Card,20-07-2025
Payment for Non-stick cookware fry pan Hawkins using card,Shopping,6051.85,Net Banking,08-09-2025
Bill payment for bicycle puncture repair and tube,Transportation,11416.85,Net Banking,01-07-2025
Purchased Morning coffee and cookies,Food,14372.0,Net Banking,12-10-2025
Purchased Tutor private tuition fee for maths through app,Education,13501.51,Credit Card,25-12-2025
Paid for Running sports shoes from Nike store online,Shopping,4827.09,UPI,25-02-2025
Expense on packaged drinking water bottle,Food,1603.73,Cash,05-02-2025
Bought PlayStation Network PS5 game purchase with cash,Entertainment,14444.65,Debit Card,05-01-2025
Paid for Wireless bluetooth neckband earphones today,Shopping,12291.86,Net Banking,23-02-2025
Purchased Health insurance mediclaim annual premium today,Healthcare,2276.01,UPI,08-09-2025
Recent late night snacks delivery via GPay,Food,5791.28,Net Banking,11-03-2025
Paid for Tata Play DTH satellite dish recharge through app,Bills,7489.34,Debit Card,25-11-2025
Order for Degree convocation certificate fee online,Education,3197.68,Net Banking,05-12-2025
Purchased Board game Catan purchase for game night through app,Entertainment,1353.49,Cash,04-09-2025
Paid for Bicycle puncture repair and tube with cash,Transportation,677.44,UPI,06-11-2025
Payment for Two wheeler periodic servicing today,Transportation,8121.01,Credit Card,18-05-2025
Bought Electricity bill payment Torrent Power through app,Bills,9565.4,Net Banking,06-09-2025
Order for Uber cab ride to office with cash,Transportation,1070.15,Cash,22-04-2025
Quick commercial office space rent,Bills,8580.24,Net Banking,01-06-2025
Order for College semester tuition fee with cash,Education,1550.64,Net Banking,09-02-2025
Payment for Annual library membership renewal using card,Education,9455.15,Credit Card,02-08-2025
Order for Ethnic kurta pajama from Manyavar,Shopping,2196.48,UPI,05-06-2025
Spent on Ayurvedic medicines from Patanjali store today,Healthcare,948.59,Cash,10-03-2025
Expense on multivitamin tablets and zinc supplements,Healthcare,10292.86,UPI,25-11-2025
Paid for BSNL landline telephone bill online,Bills,8228.96,Debit Card,25-11-2025
Paid for Spotify music premium annual plan today,Entertainment,13380.07,Debit Card,18-11-2025
Purchased Bedsheet set and cotton pillow covers online,Shopping,7334.96,Cash,20-11-2025
Bought First aid antiseptic Dettol and bandages today,Healthcare,14509.37,Net Banking,05-03-2025
Payment for Two wheeler periodic servicing via UPI,Transportation,8043.07,Net Banking,06-02-2025
Purchased BookMyShow movie ticket PVR Cinemas via UPI,Entertainment,3155.02,UPI,02-07-2025
Airtel broadband fiber bill payment using card,Bills,4825.08,Debit Card,21-02-2025
Bought Society monthly maintenance charges online,Bills,10732.95,Net Banking,08-10-2025
Paid for Municipal property tax annual payment online,Bills,10800.8,Cash,07-08-2025
Payment for Ayurvedic medicines from Patanjali store today,Healthcare,4963.12,Cash,04-01-2025
Order for Flipkart big billion days fashion shopping via UPI,Shopping,12606.92,UPI,24-09-2025
Paid for Art drawing book and acrylic colors via UPI,Education,3675.29,Cash,16-11-2025
Spent on Medicines purchased from Apollo Pharmacy today,Healthcare,4091.01,UPI,10-06-2025
Bought Medplus generic pharmacy medicine bill online,Healthcare,9088.58,Credit Card,09-07-2025
Payment for Airtel Digital TV subscription with cash,Bills,1207.88,Credit Card,11-10-2025
Bought N95 masks and sanitizers pack today,Healthcare,8389.5,Debit Card,12-09-2025
Order for School annual sports and picnic fee with cash,Education,4007.27,UPI,27-04-2025
Order for Spectacles frame and prescription lenses Lenskart with cash,Healthcare,5694.43,Net Banking,14-07-2025
Payment for Winter jacket and woolen sweater with cash,Shopping,5118.07,Net Banking,23-10-2025
Recent theater drama evening show ticket via GPay,Entertainment,14524.14,Net Banking,13-05-2025
"Bought Stationery notebook, registers and pens",Education,3367.09,Credit Card,26-02-2025
Spent on Airtel broadband fiber bill payment,Bills,3279.79,Credit Card,01-11-2025
Purchased Root canal treatment session at dentist through app,Healthcare,14190.31,UPI,05-03-2025
Bill payment for degree convocation certificate fee,Education,10516.67,Net Banking,28-08-2025
Paid for Night taxi fare back home with cash,Transportation,1421.8,Cash,18-04-2025
Bill payment for discord nitro monthly renewal,Entertainment,6539.1,Debit Card,25-02-2025
Purchased Robotics kit and Arduino components for college project through app,Education,12809.92,Net Banking,04-09-2025
Purchased Cable TV network monthly operator fee today,Bills,10740.47,Net Banking,01-06-2025
Purchased Morning coffee and cookies with cash,Food,335.91,Credit Card,24-03-2025
Petrol refill at Indian Oil pump,Transportation,5327.27,Net Banking,27-10-2025
Bought Disney+ Hotstar sports subscription online,Entertainment,13482.41,Net Banking,19-09-2025
Paid for Amazon Prime Video annual membership today,Entertainment,11307.07,Credit Card,27-12-2025
Payment for Physiotherapy rehabilitation session today,Healthcare,5829.63,Debit Card,19-04-2025
Purchased School annual sports and picnic fee today,Education,10263.59,Debit Card,07-12-2025
Payment for Arcade video games timezone card recharge with cash,Entertainment,14811.8,UPI,24-06-2025
Order for Cricket stadium match ticket IPL today,Entertainment,14835.43,UPI,28-09-2025
Paid for Allen career institute installment using card,Education,391.47,Credit Card,21-10-2025
Purchased Juice bar fresh mango juice via UPI,Food,8774.44,Cash,03-08-2025
Eye doctor consultation and vision test with cash,Healthcare,4835.25,Debit Card,05-06-2025
Payment for Eye doctor consultation and vision test online,Healthcare,7242.61,Credit Card,18-09-2025
Prepaid electricity smart meter recharge online,Bills,4838.64,Credit Card,16-04-2025
Bought Ice cream tub from Naturals,Food,12650.56,UPI,28-04-2025
Paid for Art museum gallery exhibition entry with cash,Entertainment,8273.24,Net Banking,23-05-2025
Spent on Subway train token today,Transportation,1661.87,Cash,19-01-2025
Order for IRCTC train ticket booking to Mumbai through app,Transportation,10584.21,UPI,08-01-2025
Order for Car third party insurance policy,Transportation,6641.29,Debit Card,06-04-2025
Payment for Night taxi fare back home via UPI,Transportation,8026.69,Credit Card,02-03-2025
Bought Electric scooter charging fee using card,Transportation,3128.33,Net Banking,17-11-2025
Paid for Residential garbage collection charge through app,Bills,8440.73,Cash,13-05-2025
Payment for Multivitamin tablets and zinc supplements online,Healthcare,7413.11,Debit Card,14-04-2025
Payment for Egg and bread breakfast via UPI,Food,8140.39,UPI,03-08-2025
Spent on Blinkit grocery delivery using card,Food,2057.87,Debit Card,16-08-2025
Purchased Laptop sleeve and water resistant backpack today,Shopping,4524.89,Cash,14-12-2025
Purchased Laptop sleeve and water resistant backpack using card,Shopping,3378.69,Net Banking,18-08-2025
Purchased Spectacles frame and prescription lenses Lenskart using card,Healthcare,10031.31,Net Banking,23-01-2025
Payment for Medical entrance coaching class fee,Education,7195.63,Cash,07-01-2025
First aid antiseptic Dettol and bandages through app,Healthcare,6041.84,Credit Card,24-07-2025
Payment for Haldirams thali lunch via UPI,Food,119.54,Credit Card,14-09-2025
Bought Starbucks cold brew coffee,Food,6755.63,Net Banking,13-02-2025
Bought Weekend stand-up comedy live show ticket today,Entertainment,6984.49,Debit Card,13-05-2025
Order for Women handbag and leather purse through app,Shopping,5503.28,Cash,10-12-2025
Spent on Wireless bluetooth neckband earphones today,Shopping,9386.18,Cash,28-07-2025
Purchased Winter jacket and woolen sweater through app,Shopping,1296.54,Debit Card,04-06-2025
Spent on Late night snacks delivery using card,Food,4603.74,Cash,18-04-2025
Paid for Spotify music premium annual plan with cash,Entertainment,13802.0,Cash,06-03-2025
Expense on bowling alley game session at smaaash,Entertainment,7841.43,Cash,06-07-2025
Paid for Club entry fee Saturday night party,Entertainment,9650.79,Net Banking,11-05-2025
Purchased Instamart snacks and cold drinks using card,Food,4539.99,Credit Card,07-06-2025
Paid for Zomato pizza order through app,Food,5436.58,Cash,26-05-2025
Purchased Club entry fee Saturday night party via UPI,Entertainment,13196.42,Debit Card,11-03-2025
Spent on MRI brain scan diagnostic center fee online,Healthcare,8987.83,Net Banking,05-12-2025
Payment for Orthopedic doctor consultation for knee joint using card,Healthcare,10465.4,Cash,15-09-2025
Spent on Weekly vegetable vendor payment,Food,13429.14,UPI,09-04-2025
School annual sports and picnic fee using card,Education,3431.67,UPI,14-08-2025
Bought First aid antiseptic Dettol and bandages online,Healthcare,9393.65,UPI,20-12-2025
Purchased College semester tuition fee online,Education,7551.19,Debit Card,25-10-2025
Paid for Wireless bluetooth neckband earphones online,Shopping,4617.95,UPI,19-10-2025
Spent on Municipal property tax annual payment online,Bills,11449.41,Cash,06-03-2025
Order for JioFiber high speed internet bill online,Bills,7105.11,UPI,12-01-2025
Payment for Eye doctor consultation and vision test via UPI,Healthcare,14227.15,Credit Card,03-09-2025
Charges paid for engineering textbooks and reference notes,Education,925.89,Net Banking,12-04-2025
Purchased PlayStation Network PS5 game purchase through app,Entertainment,14083.43,UPI,13-06-2025
Paid for Steam PC gaming summer sale purchase today,Entertainment,10325.2,Cash,25-03-2025
Purchased Metro smart card recharge through app,Transportation,10500.18,UPI,06-08-2025
Quick home decor flower vase and curtains,Shopping,9502.49,Net Banking,07-06-2025
Order for Kitchen knife set and wooden chopping board,Shopping,578.01,Net Banking,13-09-2025
Purchased Non-stick cookware fry pan Hawkins,Shopping,117.11,Debit Card,03-12-2025
Auto rickshaw fare by meter using card,Transportation,8576.79,Debit Card,19-02-2025
Order for Engineering textbooks and reference notes via UPI,Education,3551.58,UPI,24-03-2025
Paid for Grocery shopping at DMart through app,Food,13160.93,Debit Card,05-02-2025
Degree convocation certificate fee with cash,Education,7224.38,Debit Card,08-04-2025
Quick tutor private tuition fee for maths,Education,684.64,Net Banking,04-04-2025
Netflix monthly premium 4K subscription using card,Entertainment,13092.34,Net Banking,05-11-2025
Charges paid for south indian breakfast dosa and idli,Food,7387.54,Cash,09-07-2025
Purchased Mumbai local train monthly pass today,Transportation,13686.9,UPI,08-07-2025
Bought Vi Vodafone Idea recharge pack online,Bills,8290.83,Cash,07-07-2025
Spent on Doctor consultation fee general physician using card,Healthcare,4468.05,Credit Card,04-10-2025
Spent on Bowling alley game session at Smaaash today,Entertainment,10115.79,Credit Card,28-04-2025
Order for Physiotherapy rehabilitation session,Healthcare,13913.05,Cash,11-01-2025
Paid for Metro smart card recharge with cash,Transportation,8014.15,Cash,28-07-2025
Bought Wireless bluetooth neckband earphones via UPI,Shopping,3321.22,Debit Card,24-05-2025
"Purchased Milk, butter and dairy products via UPI",Food,13929.64,UPI,15-11-2025
Bought Adani electricity monthly bill,Bills,2423.31,Credit Card,21-11-2025
Payment for Water park entry ticket with locker through app,Entertainment,7266.68,Cash,10-02-2025
Paid for School admission registration fee through app,Education,6361.67,Cash,20-04-2025
Paid for Municipal corporation water tax bill with cash,Bills,14906.65,Net Banking,12-11-2025
Club entry fee Saturday night party using card,Entertainment,3157.2,Debit Card,02-03-2025
Purchased Netflix monthly premium 4K subscription online,Entertainment,6464.51,Debit Card,25-01-2025
Spent on Disney+ Hotstar sports subscription today,Entertainment,14126.35,Credit Card,08-12-2025
Society monthly maintenance charges via UPI,Bills,10522.7,Debit Card,15-07-2025
Paid for Root canal treatment session at dentist online,Healthcare,13745.66,Net Banking,05-12-2025
Spent on Ice cream tub from Naturals through app,Food,3666.97,Net Banking,20-08-2025
Bought Apartment clubhouse utility maintenance today,Bills,3146.69,Net Banking,22-03-2025
Paid for Eye doctor consultation and vision test via UPI,Healthcare,10316.14,Cash,09-10-2025
Order for Diesel fuel for car at BPCL through app,Transportation,1380.16,Debit Card,25-05-2025
Purchased Medicines purchased from Apollo Pharmacy today,Healthcare,179.72,Net Banking,20-07-2025
Quick south indian breakfast dosa and idli,Food,10174.08,Cash,13-10-2025
Bought Airtel postpaid monthly mobile bill with cash,Bills,4702.37,Credit Card,23-07-2025
Order for Full body blood diagnostic test SRL Labs,Healthcare,2277.36,Net Banking,27-11-2025
Spent on Diagnostic chest X-ray digital scan,Healthcare,1585.48,Cash,17-12-2025
Art museum gallery exhibition entry through app,Entertainment,13942.97,Net Banking,08-11-2025
Bought Allen career institute installment online,Education,8256.6,Cash,28-12-2025
Payment for KFC fried chicken online,Food,5172.94,Net Banking,20-10-2025
Spent on Discord Nitro monthly renewal with cash,Entertainment,3128.04,Debit Card,19-08-2025
Purchased IRCTC train ticket booking to Mumbai,Transportation,14055.47,Debit Card,10-04-2025
Spent on Airtel Digital TV subscription via UPI,Bills,12693.9,Cash,08-12-2025
Purchased South Indian breakfast dosa and idli with cash,Food,11215.84,Net Banking,08-12-2025
Payment for Art drawing book and acrylic colors online,Education,3143.05,Cash,12-05-2025
Bought Two-wheeler comprehensive insurance renewal using card,Transportation,6369.32,Cash,24-07-2025
Paid for Bescom power supply bill with cash,Bills,6504.46,Debit Card,05-01-2025
Charges paid for laptop sleeve and water resistant backpack,Shopping,1228.67,Debit Card,19-10-2025
Order for Amazon Prime Video annual membership via UPI,Entertainment,10557.1,UPI,20-09-2025
Quick online masterclass workshop on ai,Education,420.36,Cash,10-03-2025
Purchased Prepaid electricity smart meter recharge via UPI,Bills,7449.89,Cash,14-11-2025
Quick toll plaza tax cash payment,Transportation,3024.93,Net Banking,22-05-2025
Emergency hospital room casualty charges today,Healthcare,8424.07,Debit Card,19-09-2025
Bought Barbeque Nation buffet dinner via UPI,Food,6533.99,Net Banking,13-07-2025
Spent on Spectacles frame and prescription lenses Lenskart using card,Healthcare,1514.36,Cash,08-07-2025
Order for Bicycle puncture repair and tube online,Transportation,10443.48,UPI,18-08-2025
Bill payment for bescom power supply bill,Bills,13980.55,Cash,10-07-2025
Purchased Zepto quick grocery order,Food,11494.07,UPI,26-11-2025
Bought Annual library membership renewal today,Education,12281.68,UPI,13-03-2025
GRE exam registration fee ETS via UPI,Education,13925.67,Net Banking,09-09-2025
Spent on Formal cotton shirt and denim jeans today,Shopping,10445.92,Debit Card,22-02-2025
Charges paid for home decor flower vase and curtains,Shopping,5272.03,Debit Card,19-06-2025
Payment for JioFiber high speed internet bill online,Bills,12272.39,Net Banking,20-12-2025
Spent on Subway sandwich lunch through app,Food,8669.63,Net Banking,23-11-2025
Bought Prepaid electricity smart meter recharge,Bills,8409.38,Credit Card,12-11-2025
Bought Momos and soup stall using card,Food,13427.13,UPI,08-04-2025
Spent on FASTag highway toll recharge using card,Transportation,5151.79,UPI,14-06-2025
Spent on Emergency hospital room casualty charges,Healthcare,9361.72,Cash,27-01-2025
"Spent on Milk, butter and dairy products through app",Food,5818.85,Cash,24-05-2025
Spent on Wireless bluetooth neckband earphones using card,Shopping,12759.93,Credit Card,07-01-2025
Spent on Chinese noodles and fried rice through app,Food,2599.16,Debit Card,15-10-2025
Purchased BookMyShow movie ticket PVR Cinemas using card,Entertainment,386.0,Debit Card,21-08-2025
Paid for Grocery shopping at DMart today,Food,13012.36,Credit Card,23-03-2025
Spent on Tutor private tuition fee for maths through app,Education,4468.44,Cash,26-06-2025
Spent on Winter jacket and woolen sweater using card,Shopping,4824.15,Net Banking,27-03-2025
Paid for Helicopter shuttle ticket,Transportation,11508.31,Credit Card,25-02-2025
Bought Winter jacket and woolen sweater via UPI,Shopping,4981.49,Cash,03-07-2025
Bought Home decor flower vase and curtains,Shopping,4231.94,Net Banking,25-01-2025
Charges paid for municipal property tax annual payment,Bills,10110.99,UPI,28-08-2025
Bought Non-stick cookware fry pan Hawkins with cash,Shopping,5712.57,Credit Card,23-03-2025
Order for Night taxi fare back home today,Transportation,12479.67,Cash,28-09-2025
Spent on Apartment clubhouse utility maintenance,Bills,4420.38,Net Banking,09-11-2025
Bill payment for cable tv network monthly operator fee,Bills,14896.5,UPI,12-02-2025
Payment for Electric scooter charging fee,Transportation,5594.97,Cash,02-10-2025
Payment for Swiggy food delivery today,Food,6263.55,Net Banking,07-06-2025
Payment for Robotics kit and Arduino components for college project using card,Education,4017.22,Cash,08-01-2025
Purchased Casual t-shirts pack from Zara with cash,Shopping,456.87,Credit Card,27-05-2025
Discord Nitro monthly renewal via UPI,Entertainment,13263.92,Net Banking,28-09-2025
Paid for Theater drama evening show ticket online,Entertainment,11301.95,Net Banking,22-12-2025
"Expense on milk, butter and dairy products",Food,1246.59,UPI,24-07-2025
Order for Scientific calculator Casio fx-991CW today,Education,8989.83,Cash,13-02-2025
Spent on Flipkart big billion days fashion shopping through app,Shopping,7021.75,Credit Card,26-02-2025
Spent on Physiotherapy rehabilitation session with cash,Healthcare,14667.6,UPI,03-10-2025
Paid for Street food pav bhaji and chaat using card,Food,12859.6,Cash,08-06-2025
Purchased Amazon India online order for clothes,Shopping,10031.29,Net Banking,20-08-2025
Spent on Spotify music premium annual plan online,Entertainment,10673.49,Net Banking,05-07-2025
Bought Sweets and farsan from sweet shop today,Food,5729.35,Debit Card,15-06-2025
Order for Wireless bluetooth neckband earphones online,Shopping,674.86,Cash,17-09-2025
Paid for Degree convocation certificate fee,Education,2955.22,Cash,09-10-2025
Order for Full body blood diagnostic test SRL Labs using card,Healthcare,2745.54,Net Banking,01-09-2025
Airtel Digital TV subscription,Bills,9860.05,UPI,13-10-2025
Recent zepto quick grocery order via GPay,Food,13069.19,Credit Card,05-04-2025
Purchased Kindle academic ebook purchase via UPI,Education,12428.8,Debit Card,14-11-2025
Order for Flipkart big billion days fashion shopping,Shopping,7001.35,Credit Card,13-06-2025
Spent on Kitchen knife set and wooden chopping board using card,Shopping,11272.8,UPI,08-05-2025
Order for Diesel fuel for car at BPCL via UPI,Transportation,7065.41,Credit Card,07-01-2025
Spent on Parking slip charges at shopping mall using card,Transportation,4593.52,Cash,24-08-2025
Purchased Physics laboratory practical record file using card,Education,12118.13,Debit Card,19-06-2025
Spotify music premium annual plan via UPI,Entertainment,10730.52,UPI,06-02-2025
Payment for Lunch at office cafeteria,Food,5247.59,Net Banking,09-10-2025
Bought Laptop sleeve and water resistant backpack,Shopping,10384.27,Cash,14-03-2025
Spent on Commercial office space rent using card,Bills,12569.31,Net Banking,20-09-2025
Paid for Running sports shoes from Nike store using card,Shopping,6349.76,Cash,18-01-2025
Order for Music concert festival pass using card,Entertainment,3930.67,Credit Card,16-09-2025
Quick flipkart big billion days fashion shopping,Shopping,14748.45,Debit Card,18-10-2025
Purchased IndiGo domestic flight ticket with cash,Transportation,3020.02,Net Banking,12-03-2025
Payment for Dental clinic teeth cleaning and scaling,Healthcare,521.03,Debit Card,08-10-2025
Expense on homeopathy clinic consultation and pills,Healthcare,9724.47,Debit Card,14-04-2025
Order for Casual t-shirts pack from Zara,Shopping,11758.15,Credit Card,08-01-2025
Spent on Bicycle puncture repair and tube today,Transportation,13632.08,UPI,11-04-2025
Spent on Coursera professional certificate course with cash,Education,7960.62,Net Banking,26-10-2025
Paid for Amazon India online order for clothes today,Shopping,5252.83,Debit Card,19-08-2025
Spent on FASTag highway toll recharge,Transportation,1219.4,Cash,09-11-2025
Order for Bedsheet set and cotton pillow covers,Shopping,12732.73,Debit Card,10-10-2025
Order for Root canal treatment session at dentist through app,Healthcare,11548.1,UPI,28-06-2025
Order for Juice bar fresh mango juice via UPI,Food,13719.24,Debit Card,11-07-2025
Bought Bowling alley game session at Smaaash using card,Entertainment,4645.5,Debit Card,26-02-2025
Order for Dental clinic teeth cleaning and scaling via UPI,Healthcare,2810.53,Net Banking,27-05-2025
Bought Shawarma roll street food with cash,Food,7990.5,Net Banking,10-05-2025
Paid for Art drawing book and acrylic colors,Education,8109.54,UPI,26-01-2025
Charges paid for school uniform and formal shoes,Education,12078.67,Cash,07-11-2025
Paid for Bescom power supply bill via UPI,Bills,14255.63,Cash,28-08-2025
Payment for Engineering textbooks and reference notes through app,Education,12671.55,UPI,03-07-2025
Bought Board game Catan purchase for game night via UPI,Entertainment,10368.6,Cash,24-10-2025
Order for Theater drama evening show ticket today,Entertainment,13871.32,Credit Card,19-02-2025
Payment for Bedsheet set and cotton pillow covers,Shopping,9216.27,Debit Card,26-06-2025
Spent on Solar rooftop maintenance service charge via UPI,Bills,1317.69,Debit Card,28-09-2025
Payment for Homeopathy clinic consultation and pills with cash,Healthcare,14872.29,Credit Card,13-01-2025
Order for Electricity bill payment Torrent Power through app,Bills,5574.63,Debit Card,19-07-2025
Dinner with family at restaurant through app,Food,10306.8,Debit Card,23-02-2025
Winter jacket and woolen sweater through app,Shopping,13567.64,Net Banking,19-10-2025
Paid for Apartment clubhouse utility maintenance with cash,Bills,14883.95,Debit Card,25-07-2025
Robotics kit and Arduino components for college project with cash,Education,8883.27,Cash,26-04-2025
Payment for Dominos cheese pizza using card,Food,11774.84,Cash,16-06-2025
Payment for Kindle academic ebook purchase through app,Education,8202.51,Credit Card,09-10-2025
Water park entry ticket with locker today,Entertainment,10871.58,Credit Card,21-09-2025
Spent on Self drive car rental Zoomcar through app,Transportation,14453.95,UPI,08-09-2025
Purchased Multivitamin tablets and zinc supplements via UPI,Healthcare,4757.78,Net Banking,19-03-2025
Purchased Car third party insurance policy with cash,Transportation,7711.88,Debit Card,11-09-2025
Order for Netflix monthly premium 4K subscription with cash,Entertainment,8865.93,Net Banking,25-11-2025
Payment for IMAX 3D cinema ticket INOX using card,Entertainment,8150.35,Debit Card,17-02-2025
Paid for GRE exam registration fee ETS online,Education,8940.79,Credit Card,01-02-2025
Payment for CNG gas refill for vehicle today,Transportation,14558.86,Debit Card,13-08-2025
Order for College semester tuition fee,Education,10019.89,Credit Card,27-09-2025
Purchased Mobile back cover and tempered glass screen via UPI,Shopping,5463.21,Credit Card,26-06-2025
Bought Home decor flower vase and curtains online,Shopping,5110.21,UPI,05-01-2025
Spent on Cricket stadium match ticket IPL using card,Entertainment,11178.91,Debit Card,28-10-2025
Charges paid for toll plaza tax cash payment,Transportation,3250.5,Debit Card,02-05-2025
Airtel Digital TV subscription online,Bills,11152.65,Cash,20-03-2025
Auto rickshaw fare by meter,Transportation,3711.63,Credit Card,20-04-2025
Spent on School uniform and formal shoes through app,Education,5469.86,UPI,09-06-2025
Paid for JioFiber high speed internet bill today,Bills,7537.71,Debit Card,20-09-2025
Spent on Cricket stadium match ticket IPL with cash,Entertainment,2164.46,Debit Card,04-03-2025
Purchased Non-stick cookware fry pan Hawkins with cash,Shopping,1595.35,Credit Card,06-03-2025
Paid for Degree convocation certificate fee online,Education,11584.94,Cash,07-04-2025
Paid for Amusement park ticket Imagicaa with cash,Entertainment,13279.2,Debit Card,16-09-2025
Order for Physics laboratory practical record file through app,Education,5594.78,Cash,22-06-2025
Purchased Laptop sleeve and water resistant backpack,Shopping,8104.07,Credit Card,23-08-2025
Purchased First aid antiseptic Dettol and bandages via UPI,Healthcare,3369.09,Debit Card,16-09-2025
Paid for JioFiber high speed internet bill via UPI,Bills,11145.2,Net Banking,27-09-2025
Spent on Cricket stadium match ticket IPL via UPI,Entertainment,5806.63,Debit Card,08-06-2025
Payment for College semester tuition fee via UPI,Education,8282.35,Credit Card,06-06-2025
Bought Makeup kit lipstick and foundation Nykaa,Shopping,10061.88,Debit Card,03-02-2025
"Charges paid for milk, butter and dairy products",Food,10160.62,Net Banking,05-09-2025
Spent on Bedsheet set and cotton pillow covers through app,Shopping,14428.52,Net Banking,11-05-2025
Payment for Laptop sleeve and water resistant backpack via UPI,Shopping,13822.45,UPI,23-12-2025
Spent on Protein whey powder isolate gym supplement using card,Healthcare,6195.57,Net Banking,27-01-2025
Payment for South Indian breakfast dosa and idli through app,Food,13252.31,Net Banking,19-07-2025
Purchased Orthopedic doctor consultation for knee joint online,Healthcare,1684.94,Net Banking,11-08-2025
Payment for Hostel accommodation and mess fee,Education,5052.1,Net Banking,04-09-2025
Spent on Board game Catan purchase for game night through app,Entertainment,3559.82,UPI,28-06-2025
Payment for Pediatrician consultation for baby child with cash,Healthcare,9223.25,Net Banking,09-09-2025
Bought Running sports shoes from Nike store via UPI,Shopping,667.85,Cash,16-05-2025
Bought Makeup kit lipstick and foundation Nykaa today,Shopping,5078.34,Cash,16-05-2025
Paid for Office formal leather shoes Bata through app,Shopping,6922.11,Cash,09-05-2025
Bill payment for car engine oil change and service,Transportation,12980.19,Net Banking,09-11-2025
Bought Disney+ Hotstar sports subscription using card,Entertainment,12312.93,Cash,26-07-2025
Wireless bluetooth neckband earphones using card,Shopping,6312.34,Cash,09-09-2025
Recent municipal corporation water tax bill via GPay,Bills,7264.24,Net Banking,10-01-2025
Bill payment for ray-ban uv protection sunglasses,Shopping,10973.4,Debit Card,11-02-2025
Spent on Dr Lal Pathlabs CBC and thyroid test via UPI,Healthcare,11665.74,Net Banking,09-01-2025
Bought Subway train token online,Transportation,13056.89,Cash,18-04-2025
Paid for Bescom power supply bill using card,Bills,2831.67,Debit Card,24-11-2025
Paid for Starbucks cold brew coffee using card,Food,3451.32,UPI,27-07-2025
Payment for IndiGo domestic flight ticket through app,Transportation,1514.31,Credit Card,13-02-2025
Order for Airport parking ticket fee using card,Transportation,14117.82,Net Banking,13-10-2025
Purchased Airtel postpaid monthly mobile bill via UPI,Bills,4638.14,Net Banking,05-08-2025
Purchased Online masterclass workshop on AI using card,Education,2448.85,Credit Card,15-03-2025
Purchased Dinner with family at restaurant through app,Food,2054.69,Credit Card,09-04-2025
Order for Dermatologist consultation for skin acne through app,Healthcare,11000.69,Cash,13-04-2025
Payment for Intercity bus ticket via RedBus using card,Transportation,14861.98,Credit Card,04-05-2025
Paid for Subway train token using card,Transportation,12413.7,Cash,20-03-2025
Payment for Leather wallet and formal belt through app,Shopping,1642.81,Credit Card,13-12-2025
Purchased Amazon India online order for clothes through app,Shopping,13717.08,Net Banking,06-07-2025
Payment for Vi Vodafone Idea recharge pack online,Bills,13195.55,UPI,18-01-2025
Spent on Juice bar fresh mango juice with cash,Food,10692.52,Cash,21-04-2025
Parking slip charges at shopping mall,Transportation,10207.71,Credit Card,02-02-2025
Expense on municipal property tax annual payment,Bills,10843.81,Debit Card,14-11-2025
Bought University examination form fee via UPI,Education,3847.7,Debit Card,12-01-2025
YouTube Premium family plan renewal via UPI,Entertainment,5311.55,Cash,28-10-2025
Payment for Airport parking ticket fee through app,Transportation,7072.01,UPI,11-07-2025
Paid for Hostel accommodation and mess fee online,Education,10510.33,Credit Card,09-12-2025
Spent on Biryani combo meal from Behrouz through app,Food,2783.9,Net Banking,13-08-2025
Ethnic kurta pajama from Manyavar through app,Shopping,7481.09,UPI,09-03-2025
Paid for Tutor private tuition fee for maths,Education,5774.84,Cash,04-12-2025
Purchased Metro smart card recharge online,Transportation,5176.32,Net Banking,25-04-2025
Payment for Subway sandwich lunch using card,Food,10171.67,Cash,11-07-2025
Paid for Municipal property tax annual payment,Bills,2490.69,UPI,18-10-2025
Residential garbage collection charge with cash,Bills,5644.38,UPI,07-08-2025
Order for IMAX 3D cinema ticket INOX via UPI,Entertainment,4457.4,Debit Card,24-09-2025
Purchased Street food pav bhaji and chaat with cash,Food,5325.83,Debit Card,16-08-2025
Payment for Popcorn and nachos combo at cinema hall using card,Entertainment,14323.53,Credit Card,05-05-2025
Payment for Bowling alley game session at Smaaash,Entertainment,2745.37,Cash,05-12-2025
Expense on online masterclass workshop on ai,Education,13317.65,UPI,03-09-2025
Paid for Morning coffee and cookies,Food,14535.36,Debit Card,01-11-2025
Purchased Kindle academic ebook purchase through app,Education,12618.18,Credit Card,08-11-2025
Purchased Amazon Prime Video annual membership,Entertainment,14056.01,Cash,09-05-2025
Spent on Ethnic kurta pajama from Manyavar using card,Shopping,7058.71,Credit Card,11-08-2025
Expense on dermatologist consultation for skin acne,Healthcare,6647.24,Debit Card,19-07-2025
IRCTC train ticket booking to Mumbai today,Transportation,5593.24,Debit Card,11-04-2025
Ayurvedic medicines from Patanjali store using card,Healthcare,9558.59,Debit Card,11-01-2025
Purchased JioFiber high speed internet bill today,Bills,10615.85,Debit Card,26-05-2025
Paid for Rapido bike taxi ride today,Transportation,11576.03,Net Banking,13-12-2025
Payment for Doctor consultation fee general physician via UPI,Healthcare,1001.45,UPI,11-01-2025
Payment for Medplus generic pharmacy medicine bill,Healthcare,1591.3,UPI,09-06-2025
Order for Orthopedic doctor consultation for knee joint via UPI,Healthcare,11451.47,Debit Card,13-11-2025
Bill payment for physics laboratory practical record file,Education,6835.3,UPI,05-06-2025
Payment for Ethnic kurta pajama from Manyavar with cash,Shopping,7759.25,UPI,28-09-2025
Paid for Emergency hospital room casualty charges today,Healthcare,8529.64,UPI,26-06-2025
Bakery fresh bread and cake today,Food,3370.29,Cash,05-01-2025
Paid for Emergency hospital room casualty charges,Healthcare,8850.23,UPI,18-08-2025
Paid for Kitchen knife set and wooden chopping board with cash,Shopping,6345.51,UPI,01-11-2025
Order for Amusement park ticket Imagicaa today,Entertainment,12840.06,UPI,11-08-2025
Spent on Arcade video games timezone card recharge,Entertainment,3315.09,UPI,09-12-2025
Spent on Airtel postpaid monthly mobile bill,Bills,4756.5,UPI,23-04-2025
KFC fried chicken online,Food,14385.51,Debit Card,13-02-2025
Wireless bluetooth neckband earphones with cash,Shopping,11513.99,Net Banking,10-10-2025
Recent society monthly maintenance charges via GPay,Bills,13106.76,Debit Card,13-11-2025
Paid for College semester tuition fee using card,Education,14730.66,Credit Card,20-05-2025
Paid for Self drive car rental Zoomcar using card,Transportation,10087.31,UPI,22-05-2025
Paid for Art drawing book and acrylic colors through app,Education,5659.11,UPI,20-11-2025
Payment for GRE exam registration fee ETS through app,Education,576.12,Debit Card,06-08-2025
Purchased Two wheeler periodic servicing online,Transportation,8549.61,Cash,03-01-2025
Purchased Weekend stand-up comedy live show ticket with cash,Entertainment,8223.19,UPI,17-03-2025
Office formal leather shoes Bata with cash,Shopping,14917.02,Credit Card,19-05-2025
Spent on Vaccination booster injection dose clinic using card,Healthcare,146.58,Cash,11-04-2025
Bought CNG gas refill for vehicle via UPI,Transportation,10712.68,Credit Card,05-07-2025
Order for Multivitamin tablets and zinc supplements through app,Healthcare,1426.88,UPI,09-04-2025
Order for Allen career institute installment using card,Education,7961.36,Net Banking,21-04-2025
Payment for GRE exam registration fee ETS with cash,Education,2289.14,Debit Card,11-07-2025
Home decor flower vase and curtains online,Shopping,6591.33,UPI,11-04-2025
Quick homeopathy clinic consultation and pills,Healthcare,13686.42,Debit Card,24-09-2025
Recent scientific calculator casio fx-991cw via GPay,Education,10161.67,Net Banking,14-12-2025
Expense on engineering textbooks and reference notes,Education,12467.68,Credit Card,25-04-2025
Purchased Airport parking ticket fee via UPI,Transportation,2212.78,Debit Card,05-03-2025
Purchased Cafe coffee day cold coffee using card,Food,10429.96,Debit Card,23-02-2025
Purchased Music concert festival pass with cash,Entertainment,1302.93,Debit Card,20-08-2025
Paid for Orthopedic doctor consultation for knee joint online,Healthcare,13159.73,UPI,19-11-2025
Quick coursera professional certificate course,Education,13350.07,Net Banking,27-03-2025
PlayStation Network PS5 game purchase using card,Entertainment,752.56,Debit Card,05-09-2025
Purchased Popcorn and nachos combo at cinema hall via UPI,Entertainment,5676.89,UPI,25-11-2025
Spent on Pediatrician consultation for baby child using card,Healthcare,1001.02,Credit Card,16-03-2025
Order for First aid antiseptic Dettol and bandages online,Healthcare,4234.98,UPI,04-04-2025
Spent on Breakfast buffet at hotel with cash,Food,10767.18,UPI,03-02-2025
Purchased IRCTC train ticket booking to Mumbai today,Transportation,8467.7,Net Banking,03-07-2025
Payment for Emergency hospital room casualty charges via UPI,Healthcare,3698.34,Net Banking,18-10-2025
Pediatrician consultation for baby child with cash,Healthcare,7093.92,Cash,14-08-2025
Charges paid for commercial office space rent,Bills,14815.26,Debit Card,25-03-2025
Purchased Wireless bluetooth neckband earphones using card,Shopping,3678.56,Cash,01-11-2025
Spent on Popcorn and nachos combo at cinema hall via UPI,Entertainment,13403.29,Credit Card,03-10-2025
Paid for Bus ticket conductor cash payment with cash,Transportation,10123.36,Net Banking,26-05-2025
Payment for Dermatologist consultation for skin acne using card,Healthcare,6797.83,Net Banking,14-07-2025
Bought Dermatologist consultation for skin acne with cash,Healthcare,1085.25,UPI,13-08-2025
Bill payment for airtel broadband fiber bill payment,Bills,3358.59,Credit Card,18-04-2025
Bought GRE exam registration fee ETS via UPI,Education,6612.74,Cash,21-06-2025
Spent on Dermatologist consultation for skin acne online,Healthcare,7768.98,Debit Card,13-05-2025
Bought Society monthly maintenance charges via UPI,Bills,491.35,Credit Card,08-02-2025
Bought Car wheel alignment and balancing with cash,Transportation,5000.62,Cash,19-06-2025
Bought Auto rickshaw fare by meter,Transportation,9626.85,Credit Card,17-10-2025
Payment for Full body blood diagnostic test SRL Labs through app,Healthcare,13519.26,Credit Card,07-05-2025
Order for Laptop sleeve and water resistant backpack with cash,Shopping,14846.87,Credit Card,20-08-2025
Purchased Kitchen knife set and wooden chopping board online,Shopping,3913.63,Credit Card,11-03-2025
Spent on Online masterclass workshop on AI today,Education,3942.09,Debit Card,18-11-2025
Order for First aid antiseptic Dettol and bandages with cash,Healthcare,8439.61,Net Banking,12-11-2025
Pediatrician consultation for baby child using card,Healthcare,7710.05,Debit Card,14-08-2025
Paid for Theater drama evening show ticket,Entertainment,11041.85,Cash,07-12-2025
Bought Tata Play DTH satellite dish recharge online,Bills,4640.1,Net Banking,18-02-2025
Robotics kit and Arduino components for college project online,Education,1041.49,Debit Card,02-07-2025
Spent on IRCTC train ticket booking to Mumbai via UPI,Transportation,8040.63,Credit Card,16-02-2025
Spent on Office formal leather shoes Bata today,Shopping,6304.21,Net Banking,05-03-2025
Bought Jio prepaid mobile phone recharge online,Bills,1622.59,Debit Card,27-12-2025
Purchased Bescom power supply bill,Bills,3131.86,Credit Card,04-01-2025
Order for Medplus generic pharmacy medicine bill,Healthcare,3111.66,Credit Card,01-05-2025
Purchased Online masterclass workshop on AI today,Education,8443.11,UPI,19-03-2025
Spent on Tutor private tuition fee for maths,Education,3956.22,Credit Card,13-06-2025
Quick electric scooter charging fee,Transportation,11261.24,Credit Card,09-07-2025
Bought Dr Lal Pathlabs CBC and thyroid test today,Healthcare,13746.03,Net Banking,10-02-2025
Purchased Smartwatch fitness tracker noise,Shopping,2973.7,Debit Card,16-10-2025
Spent on Car wash and interior vacuuming via UPI,Transportation,4410.38,UPI,17-04-2025
Payment for Board game Catan purchase for game night through app,Entertainment,14106.01,UPI,24-11-2025
Paid for Online masterclass workshop on AI with cash,Education,13004.95,Credit Card,15-07-2025
Car wash and interior vacuuming through app,Transportation,829.0,Credit Card,07-03-2025
Payment for Ethnic kurta pajama from Manyavar,Shopping,208.44,Credit Card,05-10-2025
Winter jacket and woolen sweater via UPI,Shopping,6313.91,Cash,05-03-2025
Purchased Diesel fuel for car at BPCL with cash,Transportation,14274.98,UPI,22-03-2025
Recent bedsheet set and cotton pillow covers via GPay,Shopping,14033.71,UPI,26-01-2025
Bought Spotify music premium annual plan,Entertainment,3314.58,Credit Card,19-06-2025
Payment for Vaccination booster injection dose clinic online,Healthcare,12241.42,UPI,21-08-2025
Bill payment for zepto quick grocery order,Food,5172.91,Cash,15-03-2025
Spent on Solar rooftop maintenance service charge using card,Bills,5348.46,Debit Card,19-05-2025
Late night snacks delivery online,Food,2799.51,Net Banking,07-07-2025
Bike tyre replacement MRF using card,Transportation,14006.77,Credit Card,17-12-2025
Purchased Dental clinic teeth cleaning and scaling,Healthcare,13214.74,UPI,21-12-2025
Order for Ayurvedic medicines from Patanjali store today,Healthcare,9072.39,Credit Card,17-05-2025
Purchased Chinese noodles and fried rice online,Food,4465.92,Credit Card,23-02-2025
Bought Amazon Prime Video annual membership using card,Entertainment,13421.86,Cash,02-12-2025
Spent on Gourmet pasta at Italian cafe through app,Food,7518.99,Cash,18-12-2025
Order for BookMyShow movie ticket PVR Cinemas online,Entertainment,3265.62,Debit Card,12-04-2025
Mineral water jar refill online,Food,1732.16,Credit Card,05-10-2025
Charges paid for diesel fuel for car at bpcl,Transportation,10172.1,UPI,17-07-2025
Bought Robotics kit and Arduino components for college project,Education,8938.48,Cash,25-09-2025
Purchased Sewage and drainage municipal cess online,Bills,6426.39,UPI,18-03-2025
Purchased Vaccination booster injection dose clinic using card,Healthcare,13423.92,UPI,18-01-2025
Order for Laptop sleeve and water resistant backpack through app,Shopping,11979.98,UPI,12-11-2025
MRI brain scan diagnostic center fee with cash,Healthcare,7407.54,Cash,01-10-2025
Paid for Car wheel alignment and balancing with cash,Transportation,419.54,Net Banking,08-05-2025
Purchased Tata Play DTH satellite dish recharge with cash,Bills,7274.94,Net Banking,14-09-2025
Order for Medplus generic pharmacy medicine bill through app,Healthcare,13724.26,UPI,18-12-2025
Bescom power supply bill via UPI,Bills,4966.0,Debit Card,12-02-2025
Payment for Laptop sleeve and water resistant backpack with cash,Shopping,14351.74,Net Banking,17-06-2025
Purchased Packaged drinking water bottle with cash,Food,11336.83,Net Banking,18-09-2025
Recent medicines purchased from apollo pharmacy via GPay,Healthcare,1652.69,UPI,14-03-2025
Paid for University examination form fee through app,Education,12842.7,Cash,07-06-2025
Bought Sewage and drainage municipal cess online,Bills,10189.21,Debit Card,01-07-2025
Spent on Discord Nitro monthly renewal,Entertainment,13364.03,Debit Card,28-07-2025
Payment for Tutor private tuition fee for maths through app,Education,7455.6,Debit Card,07-12-2025
Spent on Music concert festival pass through app,Entertainment,10009.55,UPI,17-08-2025
Bill payment for dr lal pathlabs cbc and thyroid test,Healthcare,1751.74,Credit Card,21-01-2025
Order for Biryani combo meal from Behrouz via UPI,Food,852.76,Net Banking,08-02-2025
Spent on Office formal leather shoes Bata online,Shopping,9581.25,Net Banking,18-07-2025
Paid for Tutor private tuition fee for maths with cash,Education,12245.93,Net Banking,22-06-2025
Spent on Ray-Ban UV protection sunglasses via UPI,Shopping,1083.81,Debit Card,18-10-2025
Bought Tata Play DTH satellite dish recharge,Bills,4729.59,Credit Card,11-08-2025
Spent on College semester tuition fee online,Education,5582.28,Credit Card,28-09-2025
Purchased Vaccination booster injection dose clinic via UPI,Healthcare,6533.84,Debit Card,18-06-2025
Bought Water park entry ticket with locker using card,Entertainment,11375.51,Debit Card,25-12-2025
Paid for Mobile back cover and tempered glass screen with cash,Shopping,11004.38,UPI,24-04-2025
Order for Steam PC gaming summer sale purchase with cash,Entertainment,5117.51,Net Banking,20-06-2025
Order for Emergency hospital room casualty charges via UPI,Healthcare,13637.39,Cash,09-11-2025
Paid for McDonalds burger meal with cash,Food,1319.29,UPI,17-03-2025
Order for Running sports shoes from Nike store through app,Shopping,6971.95,Cash,18-09-2025
Order for Diagnostic chest X-ray digital scan,Healthcare,11321.55,Net Banking,19-09-2025
Spent on Pediatrician consultation for baby child with cash,Healthcare,1752.38,Credit Card,09-09-2025
Order for FASTag highway toll recharge online,Transportation,14854.46,Credit Card,23-07-2025
Order for Society monthly maintenance charges using card,Bills,12309.4,Cash,07-03-2025
Recent tata play dth satellite dish recharge via GPay,Bills,14727.22,Debit Card,17-09-2025
Charges paid for protein whey powder isolate gym supplement,Healthcare,458.26,Net Banking,16-01-2025
Bought Dermatologist consultation for skin acne today,Healthcare,7904.14,Credit Card,02-05-2025
Quick bescom power supply bill,Bills,3237.59,Cash,10-06-2025
Starbucks cold brew coffee with cash,Food,5264.61,Debit Card,10-02-2025
Purchased Art drawing book and acrylic colors,Education,7135.53,Net Banking,05-06-2025
Paid for Society monthly maintenance charges via UPI,Bills,13837.99,Debit Card,13-12-2025
Bought Homeopathy clinic consultation and pills online,Healthcare,12220.41,Cash,28-02-2025
Purchased Paneer tikka and naan dinner through app,Food,569.19,Cash,17-10-2025
Payment for Haldirams thali lunch with cash,Food,4409.35,Debit Card,24-10-2025
Purchased Ethnic kurta pajama from Manyavar through app,Shopping,5046.99,Net Banking,10-12-2025
Discord Nitro monthly renewal through app,Entertainment,5161.37,UPI,19-03-2025
Purchased Bedsheet set and cotton pillow covers with cash,Shopping,14166.13,UPI,25-08-2025
Payment for Coursera professional certificate course online,Education,7853.55,Cash,27-03-2025
Paid for Club entry fee Saturday night party through app,Entertainment,5401.63,Cash,02-03-2025
Spent on Car wheel alignment and balancing online,Transportation,12227.88,Credit Card,05-12-2025
Order for Starbucks cold brew coffee,Food,13017.16,Cash,07-10-2025
Spent on Juice bar fresh mango juice via UPI,Food,9034.94,Cash,10-12-2025
Charges paid for running sports shoes from nike store,Shopping,13527.97,Debit Card,14-12-2025
Purchased Perfume bottle and deodorant spray today,Shopping,12268.64,Debit Card,14-10-2025
Spent on Uber cab ride to office today,Transportation,1866.28,UPI,13-08-2025
Payment for Helicopter shuttle ticket online,Transportation,14477.49,Net Banking,03-01-2025
Spent on School annual sports and picnic fee today,Education,9018.53,Net Banking,18-09-2025
Bought Popcorn and nachos combo at cinema hall with cash,Entertainment,13622.43,Cash,17-05-2025
Spent on Art drawing book and acrylic colors with cash,Education,11840.45,Debit Card,11-09-2025
Bought Water park entry ticket with locker with cash,Entertainment,14444.95,Debit Card,14-04-2025
Smartwatch fitness tracker noise using card,Shopping,10746.68,Credit Card,24-12-2025
Bought Paneer tikka and naan dinner,Food,4011.57,Cash,08-04-2025
Spent on CNG gas refill for vehicle online,Transportation,1583.36,Net Banking,05-01-2025
Bought Escape room team mystery game ticket via UPI,Entertainment,8042.89,Debit Card,12-09-2025
Bill payment for waffle and dessert parlour,Food,733.45,Credit Card,24-03-2025
Paid for N95 masks and sanitizers pack using card,Healthcare,10014.77,Net Banking,26-01-2025
Order for Running sports shoes from Nike store using card,Shopping,4805.3,Net Banking,15-01-2025
Bedsheet set and cotton pillow covers online,Shopping,9083.82,Credit Card,08-10-2025
Purchased Theater drama evening show ticket,Entertainment,3149.59,Credit Card,06-01-2025
Order for Petrol refill at Indian Oil pump with cash,Transportation,3744.95,Net Banking,08-06-2025
Payment for University examination form fee using card,Education,2224.63,Debit Card,03-08-2025
Vaccination booster injection dose clinic today,Healthcare,170.75,UPI,19-06-2025
Order for Residential garbage collection charge today,Bills,8630.18,Net Banking,20-11-2025
Tutor private tuition fee for maths through app,Education,7851.03,Cash,15-11-2025
Spent on Airport parking ticket fee online,Transportation,12003.66,Net Banking,11-12-2025
Purchased Engineering textbooks and reference notes today,Education,13775.35,Debit Card,22-10-2025
Order for GRE exam registration fee ETS using card,Education,3844.21,Credit Card,02-02-2025
Paid for Subway train token via UPI,Transportation,10851.53,Net Banking,11-02-2025
Bought Car wheel alignment and balancing today,Transportation,14779.66,UPI,27-06-2025
Purchased Annual library membership renewal,Education,5839.77,Debit Card,07-01-2025
Payment for Makeup kit lipstick and foundation Nykaa today,Shopping,8738.68,Net Banking,02-11-2025
Cafe coffee day cold coffee using card,Food,5469.73,Debit Card,03-07-2025
Payment for Amazon Prime Video annual membership,Entertainment,1056.03,UPI,14-12-2025
Expense on breakfast buffet at hotel,Food,1961.88,Cash,06-03-2025
Cable TV network monthly operator fee,Bills,2962.24,Cash,25-08-2025
Payment for Self drive car rental Zoomcar with cash,Transportation,13572.39,Cash,07-01-2025
Paid for Spectacles frame and prescription lenses Lenskart online,Healthcare,86.74,Net Banking,19-10-2025
Purchased Bedsheet set and cotton pillow covers using card,Shopping,4634.77,Net Banking,12-05-2025
Bought Toll plaza tax cash payment online,Transportation,6054.68,Credit Card,14-01-2025
Paid for Piped natural gas PNG bill Adani Gas through app,Bills,7999.85,Cash,28-02-2025
Purchased Vi Vodafone Idea recharge pack with cash,Bills,2552.41,UPI,16-04-2025
Purchased Adani electricity monthly bill online,Bills,11944.29,UPI,06-12-2025
Bought Office canteen coupon recharge through app,Food,10539.43,Cash,20-11-2025
Recent airtel postpaid monthly mobile bill via GPay,Bills,8131.04,UPI,08-05-2025
Spent on Piped natural gas PNG bill Adani Gas with cash,Bills,3927.34,Net Banking,09-02-2025
Bill payment for blinkit grocery delivery,Food,1171.97,UPI,09-11-2025
Payment for Sewage and drainage municipal cess with cash,Bills,6729.21,Debit Card,21-01-2025
Bought Pediatrician consultation for baby child with cash,Healthcare,6167.21,Cash,02-11-2025
Spent on Perfume bottle and deodorant spray with cash,Shopping,14287.59,Credit Card,08-12-2025
Order for JioFiber high speed internet bill with cash,Bills,5587.06,Credit Card,04-11-2025
Paid for Formal cotton shirt and denim jeans today,Shopping,207.98,Net Banking,22-11-2025
Order for Cafe coffee day cold coffee with cash,Food,1661.1,Net Banking,02-11-2025
Payment for Allen career institute installment through app,Education,274.46,Net Banking,19-09-2025
Payment for Kindle academic ebook purchase using card,Education,10223.92,Debit Card,06-09-2025
Paid for School uniform and formal shoes using card,Education,8639.89,Credit Card,23-02-2025
Purchased Delhi metro card topup through app,Transportation,10034.51,Net Banking,20-12-2025
Payment for Car wheel alignment and balancing with cash,Transportation,2348.94,UPI,15-12-2025
Payment for Diesel fuel for car at BPCL using card,Transportation,14367.29,UPI,05-03-2025
Payment for IMAX 3D cinema ticket INOX through app,Entertainment,1561.08,Cash,16-04-2025
Allen career institute installment,Education,14152.12,Debit Card,26-10-2025
Bill payment for jio prepaid mobile phone recharge,Bills,4023.02,Net Banking,18-10-2025
Purchased Lunch at office cafeteria today,Food,12687.68,Debit Card,19-02-2025
Spent on Uber cab ride to office through app,Transportation,8823.41,Cash,16-05-2025
Paid for Starbucks cold brew coffee via UPI,Food,12525.12,UPI,07-09-2025
Spent on Piped natural gas PNG bill Adani Gas,Bills,5410.9,Debit Card,12-04-2025
Paid for Airtel postpaid monthly mobile bill using card,Bills,8628.01,Credit Card,07-05-2025
Purchased House rental payment to landlord today,Bills,9040.24,Net Banking,21-03-2025
Bought Uber cab ride to office today,Transportation,7062.78,Debit Card,02-02-2025
Spent on South Indian breakfast dosa and idli using card,Food,4258.77,Credit Card,04-01-2025
Bought BSNL landline telephone bill with cash,Bills,5326.47,Net Banking,14-07-2025
Purchased Steam PC gaming summer sale purchase using card,Entertainment,4308.31,Credit Card,20-04-2025
Bought Makeup kit lipstick and foundation Nykaa online,Shopping,14004.4,UPI,21-10-2025
Purchased Steam PC gaming summer sale purchase,Entertainment,2471.71,Cash,20-05-2025
Art drawing book and acrylic colors using card,Education,1197.33,Debit Card,02-12-2025
Club entry fee Saturday night party via UPI,Entertainment,8599.71,Net Banking,10-10-2025
Payment for Bus ticket conductor cash payment,Transportation,11030.48,UPI,17-11-2025
Paid for Laptop sleeve and water resistant backpack through app,Shopping,310.87,Net Banking,04-12-2025
Payment for Doctor consultation fee general physician online,Healthcare,5082.7,Credit Card,18-05-2025
Spent on Dermatologist consultation for skin acne today,Healthcare,11755.81,Net Banking,13-03-2025
Spent on BSNL landline telephone bill using card,Bills,11514.16,UPI,18-05-2025
Amazon India online order for clothes online,Shopping,4007.22,Debit Card,20-08-2025
Paid for First aid antiseptic Dettol and bandages through app,Healthcare,2430.37,Net Banking,22-03-2025
Bought Sewage and drainage municipal cess via UPI,Bills,11290.16,Credit Card,22-06-2025
Order for Chai and samosa at tea stall today,Food,9669.98,Credit Card,05-03-2025
Ola cab to airport using card,Transportation,6003.75,Credit Card,16-08-2025
Purchased KFC fried chicken via UPI,Food,8986.88,UPI,08-12-2025
Spent on Vi Vodafone Idea recharge pack via UPI,Bills,8647.28,Credit Card,05-07-2025
Payment for School uniform and formal shoes online,Education,4808.76,UPI,06-10-2025
Bought Robotics kit and Arduino components for college project with cash,Education,7254.84,Net Banking,04-11-2025
Running sports shoes from Nike store using card,Shopping,11702.78,Cash,12-10-2025
Payment for Physiotherapy rehabilitation session with cash,Healthcare,12381.81,UPI,03-02-2025
Water park entry ticket with locker,Entertainment,10366.76,Debit Card,27-09-2025
Purchased First aid antiseptic Dettol and bandages today,Healthcare,7429.68,Credit Card,02-02-2025
Purchased Blinkit grocery delivery via UPI,Food,4458.88,Debit Card,09-02-2025
Spent on Mobile back cover and tempered glass screen today,Shopping,6592.81,Net Banking,11-03-2025
Spent on Health insurance mediclaim annual premium with cash,Healthcare,8039.03,Net Banking,03-11-2025
Payment for Allen career institute installment online,Education,7249.87,Net Banking,04-11-2025
Order for IELTS language test exam fee,Education,8947.06,Cash,19-02-2025
Spent on Dental clinic teeth cleaning and scaling using card,Healthcare,12179.05,UPI,05-03-2025
Bought Eye doctor consultation and vision test online,Healthcare,4316.95,Net Banking,16-11-2025
Paid for Dental clinic teeth cleaning and scaling using card,Healthcare,14338.03,Net Banking,28-03-2025
Payment for Bakery fresh bread and cake online,Food,1556.18,Debit Card,20-05-2025
